MULTIPOLYGON (((55.000042499999935 -21.99987416666671, 55.000042499999935 -20.000042500000166, 55.999874166666714 -20.000042500000166, 55.999874166666714 -21.99987416666671, 55.000042499999935 -21.99987416666671)), ((45.00004063483143 -12.794304713382335, 45.00003932884152 -12.779125278446209, 44.99546995869521 -12.771747604713703, 44.99907937446116 -12.764194580972829, 45.00003454840241 -12.764035660758086, 45.000034465049175 -12.72256114132471, 44.99408557006485 -12.722866952492128, 44.9919739877507 -12.729206361443088, 44.99334154964256 -12.738173214120991, 44.99519501900416 -12.742382319671549, 44.993772163576764 -12.744176558938419, 44.991462874582446 -12.744442421761715, 44.99118970823131 -12.745779028129814, 44.99441561085194 -12.74772008023726, 44.99603336650603 -12.753500519576091, 44.995392589895005 -12.762401717824375, 44.99329133003074 -12.765151013604736, 44.99261354903391 -12.770058530773522, 44.991087575888265 -12.771725983898076, 44.98725127521266 -12.767044940384622, 44.98234579614375 -12.765947117423375, 44.97998234896902 -12.762033706129884, 44.98015150409441 -12.76090588401321, 44.98209063902562 -12.759797548636897, 44.98486410536397 -12.760512308377365, 44.98710664685864 -12.76278032012173, 44.989854447815716 -12.761587441297756, 44.98395091340885 -12.756256539554721, 44.98391818562202 -12.752666482823274, 44.985517024234326 -12.749308863635619, 44.987111821330416 -12.74665090817462, 44.989319061497746 -12.7454280659819, 44.989231787214074 -12.744345084101772, 44.984992532090565 -12.742760360728512, 44.98401897837865 -12.741136378629674, 44.98295923762139 -12.729372810221466, 44.984293599565184 -12.72116518409585, 44.98102550201081 -12.711209562664807, 44.973847172307686 -12.701635869624866, 44.9694075179654 -12.697703828321078, 44.96370540891861 -12.681426805765794, 44.961468677222356 -12.679313416946156, 44.95664150571229 -12.677850747270867, 44.95324918836493 -12.674612640891674, 44.95143538486575 -12.669529844332585, 44.94766280241767 -12.663907687189388, 44.94354335292589 -12.651172088701614, 44.94451412217667 -12.643459394114187, 44.94711597213994 -12.637309685541872, 44.951313392811024 -12.636754671284372, 44.95278577476794 -12.631769345783528, 44.95883842448547 -12.62444569945832, 44.96167464849723 -12.624897870065393, 44.96370440369557 -12.626910103269749, 44.964706530790785 -12.629914801660663, 44.96405686647305 -12.63493313919398, 44.96775211719544 -12.637520327476299, 44.9687922699867 -12.636266507980615, 44.96729953969512 -12.631345000720929, 44.967655855284264 -12.62806514299273, 44.97092353876658 -12.627359494579036, 44.97621034571082 -12.630772994432386, 44.978017777276456 -12.635721968280286, 44.975994116066325 -12.639283652422554, 44.96985368496768 -12.639068701936736, 44.96760521118706 -12.643088226385794, 44.96452649007042 -12.642738573900463, 44.958376828139684 -12.639348127866187, 44.957429986898 -12.640518216811799, 44.962617062405485 -12.644686104500423, 44.96382170834407 -12.650754633609568, 44.967124704765695 -12.652896992262443, 44.96662668756911 -12.659349462844563, 44.969352591232855 -12.67470387719737, 44.978861354692704 -12.689061954198706, 44.98589327518878 -12.703428753225733, 44.98987610648845 -12.706258744514443, 44.994762333465836 -12.71523386377191, 44.996673314805925 -12.715083659572707, 45.000029107847446 -12.712512513187706, 45.00003799613474 -12.643181021868346, 44.99993825850046 -12.643142057116313, 44.99593517100122 -12.647478023154385, 44.99208185800329 -12.646526683295019, 44.98696273161056 -12.640884796526954, 44.986388372473385 -12.63367319001693, 44.98163663597389 -12.630501521284117, 44.97913382376467 -12.623574811682454, 44.980192698622595 -12.618960636187818, 44.983425379294665 -12.61907629275541, 44.98613028103875 -12.617155760980634, 44.99047716219232 -12.617597787234049, 44.993349444186585 -12.621483707703947, 44.99345897887522 -12.62426406409765, 44.99994416369042 -12.630382194160717, 45.00003750959946 -12.630341928764413, 45.000041738145775 -12.000042499999994, 45.9998741666666 -12.00004250000005, 45.999874166666714 -13.999874166666599, 45.00004250000005 -13.999874166666599, 45.0000352796415 -12.99991625000001, 44.99049827019862 -12.999874166666677, 44.98689091215344 -12.995443978760676, 44.983378304949156 -12.98866382720045, 44.980821335567896 -12.977052504903405, 44.97571564023672 -12.967751828516523, 44.973931935445165 -12.962643939619163, 44.97335220926939 -12.95644435239286, 44.97025050502008 -12.95189546118414, 44.96924662518074 -12.944923723433572, 44.96584231329427 -12.938025225756073, 44.96471521603263 -12.931584690983986, 44.96511002875426 -12.927004987578218, 44.96758888887901 -12.92310434274603, 44.96323237587881 -12.918766749387169, 44.9601890457838 -12.908002371045377, 44.95996906435562 -12.900943100872226, 44.95324840785056 -12.89736442197932, 44.950421207327366 -12.892763554437638, 44.94945963343254 -12.88787561305411, 44.949539288264226 -12.882379782374027, 44.95071705614942 -12.879214594403363, 44.95321895934894 -12.877955344030369, 44.95590406082098 -12.879550561068017, 44.96004100334105 -12.889819711953837, 44.96727196055083 -12.894503807538182, 44.96822141758183 -12.89935304539913, 44.97140127095144 -12.901634348440417, 44.972823621119204 -12.904329328043051, 44.972125334569085 -12.909398067199747, 44.97346755350039 -12.921234534195264, 44.977340034743804 -12.92116600399127, 44.979037724902085 -12.924365180322749, 44.976961691040195 -12.935615832983048, 44.97891001853499 -12.949209569278429, 44.986467264306015 -12.969138359297018, 44.98606459634499 -12.97306631961159, 44.984837484311015 -12.974992943308626, 44.989744245975686 -12.979209669807675, 44.99129722634921 -12.984602602766186, 44.99686496264987 -12.99207436014179, 44.999972498050596 -12.993391085763347, 45.00003655048944 -12.801202161328726, 44.99995614668239 -12.801160326635175, 44.99666002135427 -12.803464058973688, 44.98731522954059 -12.803957042195986, 44.98460886369455 -12.809107011028429, 44.981368180241766 -12.80805534860256, 44.98022314007094 -12.80373679889176, 44.98112113173388 -12.802004895006785, 44.984901992476196 -12.801212541496248, 44.98691687277407 -12.791615486978902, 44.98889207461516 -12.78970957108056, 44.992448894125886 -12.792256963283075, 44.997460412137826 -12.792811831558792, 44.99963987640767 -12.795351766370498, 44.9997256015335 -12.795333730069924, 45.00004063483143 -12.794304713382335)), ((44.98556465810058 -12.917449882592758, 44.98695313300443 -12.915014531982276, 44.99140910056017 -12.916504289876707, 44.99317547194951 -12.918307662235117, 44.993134530252476 -12.92173065128578, 44.99050058399465 -12.922102236457167, 44.98786155542005 -12.92056285723702, 44.98556465810058 -12.917449882592758)), ((44.976468624263454 -12.812279365642137, 44.976805210563334 -12.810945927514327, 44.97844644910991 -12.810882592045227, 44.98054199171521 -12.813001815880593, 44.981786177641375 -12.816340175046404, 44.98091850969355 -12.818741188165996, 44.97820169824156 -12.81756070525755, 44.976468624263454 -12.812279365642137)), ((44.97189555669215 -12.796647131980306, 44.973950408861604 -12.794655629723252, 44.97713250727012 -12.797482121045487, 44.977373339553154 -12.801249565777663, 44.97649756715589 -12.8025631611914, 44.97314100602607 -12.80032720343182, 44.97189555669215 -12.796647131980306)), ((44.960567695903485 -12.807222141483622, 44.962146496576125 -12.804676456658623, 44.967155488376186 -12.802718895462613, 44.96906943324935 -12.804049394525773, 44.970682425601346 -12.808072252173764, 44.96958021314444 -12.811672939674235, 44.967226145039476 -12.813585634077896, 44.96334398333763 -12.813388801046166, 44.96202947133688 -12.812119352828304, 44.960567695903485 -12.807222141483622)), ((44.93947113944566 -12.842685876227767, 44.94145098820006 -12.837663205109324, 44.940961350507635 -12.833868843531254, 44.943628302227886 -12.82931922987493, 44.951706180083825 -12.82066465700175, 44.95663791874383 -12.820937412544755, 44.95644663113364 -12.815943047104554, 44.95757010779068 -12.813625945969001, 44.95969875907477 -12.813807548684704, 44.96169545110308 -12.818034200429357, 44.96000614168753 -12.822294019929242, 44.95819143357124 -12.823316173923027, 44.959438727212365 -12.826847549868361, 44.94813350384565 -12.841320990519131, 44.95112208747488 -12.847058340826868, 44.949710723681775 -12.857309274095304, 44.950384671478325 -12.873277435501668, 44.94674605983448 -12.871050044428985, 44.9433019790242 -12.849590594892758, 44.94084088896157 -12.847315220505577, 44.93947113944566 -12.842685876227767)), ((-6.000041666665048 36.00011861307612, -8.999957500000006 36.000125833333286, -8.999964720358491 38.00008375000003, -9.999957500000006 38.00012583333334, -9.999957500000006 39.99995750000001, -8.9999647203585 39.99999958333335, -8.9999647203585 42.00008375, -9.999957500000006 42.00012583333334, -9.999957500000006 43.99995750000001, -1.9999995833333322 43.9999647203585, -1.9999647203584998 46.00008375, -2.999957500000006 46.00012583333334, -2.9999995833333264 47.00011861297482, -4.9999574999999785 47.000125833333314, -4.999964720358488 48.00008374999999, -5.999957500000007 48.00012583333334, -5.99999958333332 49.000118612974816, -6.999957500000007 49.00012583333334, -6.999957500000007 49.999957499999994, -6.000006387025166 49.999999583333334, -6.000041249999999 52.00011861297482, -7.000125416666684 52.00011861297482, -7.000167499999962 51.00012583333334, -10.999999166666624 51.00012583333334, -10.999999166666624 54.99995749999995, -9.00004124999998 54.99996472035853, -8.999999166666681 55.99995750000001, -8.000006387025147 55.999999583333356, -8.000006387025147 57.00008375000001, -8.999999166666738 57.00012583333334, -8.999999166666738 57.99995750000001, -8.000006387025145 57.99999958333332, -7.999999166666625 58.9999575, -7.000006387025173 58.99999958333336, -6.999999166666682 59.99995750000001, -3.0000412500000078 59.99996472035851, -2.999999166666653 60.999957499999994, -0.0001674999999999 60.999957499999994, -0.0001674999999999 60.000125833333335, -1.0001602796415048 60.00008375000001, -1.0001674999999988 59.000125833333335, -2.000160279641494 59.00008375, -2.000160279641494 57.99999958333334, -1.0001674999999977 57.9999575, -1.0001674999999977 57.00012583333334, -2.0001602796415083 57.00008375000001, -2.0001602796415083 55.999999583333334, -1.0001674999999977 55.9999575, -1.0001602796414957 54.99999958333334, -0.0001675000000001 54.9999575, -0.0001254166666671 53.9999647203585, 0.9998325000000022 53.9999575, 0.9998745833333313 52.99996472035851, 1.9998325000000094 52.99995750000001, 1.999874583333332 51.999964720358506, 3.9999587500000002 51.999964720358506, 4.000000833333319 53.99995750000001, 6.999958750000021 53.99996472035851, 7.000000833333318 54.9999575, 7.999993612974835 54.99999958333335, 7.9999936129748415 57.00008375000001, 6.000000833333318 57.00012583333334, 5.999993612974825 58.00008375, 5.000000833333318 58.00012583333334, 4.99995875 59.00011861297482, 4.000000833333319 59.00012583333337, 4.000000833333347 62.99995749999998, 6.999958749999957 62.9999647203585, 7.000000833333311 63.99995749999995, 7.9999936129748725 63.999999583333285, 8.000000833333376 64.99995750000001, 9.999958750088185 64.99996472042088, 10.000000833333376 65.99995750000006, 10.999993612974864 65.99999958333333, 11.000000833333376 67.99995749999995, 11.999958749999976 67.99996472035849, 12.000000833333262 68.99995750000006, 13.999958749999989 68.9999647203585, 14.000000833333376 69.99995749999995, 17.999917083333383 69.99996472035846, 17.99995916666659 70.99995749999984, 22.999917083333173 70.99996472035848, 22.99995916666659 71.99995750000006, 28.999790833333588 71.99995750000006, 28.999832916666822 70.99996472035842, 31.999790833333588 70.9999575000001, 31.999790833333588 70.00012583333324, 29.509005394574093 70.0001185198252, 29.509678065654054 69.99809510708916, 29.503420357643936 69.99501594923652, 29.503633507248274 69.99362853726137, 29.50975882498038 69.99284001182168, 29.512711705812357 69.98979441046085, 29.520180829946824 69.99037431196639, 29.532858009514214 69.98770965858556, 29.543652013693844 69.98879226049664, 29.553996361570427 69.98637910454948, 29.562867637557513 69.98589576862541, 29.567269302412218 69.98404435639347, 29.57157076155797 69.9856352619689, 29.577319969556395 69.98571132958749, 29.585756550377525 69.98376213821824, 29.589861359038146 69.98104316122925, 29.599316857083053 69.98237461129754, 29.605385969354895 69.98197690103424, 29.623030752117693 69.97615209830272, 29.631219490601577 69.9784673996769, 29.63998005729343 69.97937451523744, 29.65076331777694 69.97817148763066, 29.65195739776321 69.97751469897376, 29.65188410058572 69.97601513054416, 29.65452726470451 69.97473573474586, 29.684459528793763 69.9791245832265, 29.692939078916112 69.97855107275495, 29.696417644847813 69.97776045647207, 29.697319576536344 69.97648887697065, 29.69606189178805 69.97398358744066, 29.68628928083027 69.97090663121544, 29.685013323009272 69.96886518581314, 29.677890815383833 69.9653978693698, 29.671636324425158 69.96462867037688, 29.666305610351174 69.96542947378629, 29.665480418999667 69.96420545835039, 29.66681967496961 69.96176983380994, 29.666360905294912 69.96104836990399, 29.657386398352195 69.95768910284416, 29.649430082129577 69.95690270734573, 29.64862061262683 69.95607889525002, 29.649770760649282 69.95392795468513, 29.644854747031793 69.95016831928463, 29.628664870319668 69.94526087897367, 29.613450451178192 69.94211816721763, 29.605856756117785 69.94159669112, 29.59619825045156 69.93818457027228, 29.57952150025216 69.93626311402843, 29.574663281401065 69.93392839275943, 29.568822446938263 69.93319964527916, 29.566298566647387 69.93027426520783, 29.560142445799727 69.92808745879877, 29.535607495512593 69.92369986202951, 29.52007609800312 69.9221916605415, 29.50473058467522 69.91669361597152, 29.487877521716513 69.91710185672385, 29.488200063701782 69.91462365085287, 29.49072213862475 69.91326871474516, 29.49228007349976 69.91067741167217, 29.49003118116291 69.90838223045873, 29.47846294159002 69.90355236168298, 29.475378487618904 69.90055574469123, 29.46896977703758 69.89920295498285, 29.458883888006877 69.89879391490133, 29.44902754953521 69.89977589182315, 29.448733951999397 69.89832165446971, 29.450880070599396 69.8970057925583, 29.45099589036471 69.89553319281235, 29.448793920314532 69.89408478605917, 29.44151672687257 69.89337624295949, 29.435739878177497 69.89514867826874, 29.42229066090461 69.88891320907297, 29.415642808633333 69.88784613969506, 29.41664919297295 69.88464746947844, 29.414345946713933 69.88333398169476, 29.414354599409005 69.88223490534986, 29.417167688220538 69.88057575109083, 29.424453278717092 69.87908300105957, 29.42373016386316 69.87781598497511, 29.420307769307584 69.87630670960488, 29.422235558006083 69.87200420183713, 29.420286800126867 69.8705838865985, 29.40061704920463 69.86912581132704, 29.381071771072236 69.87229178519189, 29.37063667417007 69.87102801253725, 29.369368264394275 69.86670821046906, 29.3711487574668 69.86399191839953, 29.378266353541193 69.86213741741587, 29.395328934995135 69.86021257400326, 29.41544343752149 69.85972808620322, 29.417486395949936 69.86531082390889, 29.418626233072363 69.86614289130969, 29.432376502993684 69.86825525851779, 29.44217926142083 69.8716538292621, 29.444025666197096 69.87537933179092, 29.458975606751302 69.88088978388491, 29.461926403280113 69.88430359862024, 29.461473810572166 69.88785467602871, 29.467010103835953 69.89273350425364, 29.473592319043625 69.89530434295354, 29.481357229937036 69.8955295353577, 29.48284415582383 69.89807671954142, 29.489830304068793 69.90256587485842, 29.50051158337555 69.90256224371716, 29.500998988988204 69.90391735940527, 29.49751726344851 69.90649952751193, 29.498331933186215 69.90864279990475, 29.506000676186215 69.91296171274455, 29.514139389448843 69.91479339820428, 29.51644725093444 69.91677547524115, 29.521733184590943 69.9186335024632, 29.540666994287278 69.91979084900723, 29.545948757943805 69.9180868870635, 29.554830325359347 69.91771140627455, 29.561242706710573 69.91963617773031, 29.567672109643066 69.91979280666135, 29.580947804058482 69.9181713109771, 29.582875014597647 69.9172765210551, 29.584421135062556 69.91487429684692, 29.58905670412479 69.91606183061032, 29.58925510521096 69.91793038196788, 29.591925872570766 69.92018616527935, 29.598598023123863 69.92222232166576, 29.605683401751765 69.9225411211753, 29.61196292939362 69.92071500569111, 29.61060882255094 69.91788484232049, 29.618406232483114 69.91651652942345, 29.620300827435386 69.9143874480694, 29.632256298146658 69.91284061723088, 29.64085262941323 69.90862525347028, 29.642266732841318 69.90634188204375, 29.661014143064303 69.90538077972934, 29.664129638805388 69.9078673697297, 29.668561377527357 69.90896918473729, 29.673691137815023 69.90929105722599, 29.678389890157433 69.90820623689692, 29.678926918108942 69.91085998096305, 29.685422026582756 69.91403664129963, 29.68553327445447 69.91520946897522, 29.68402916329265 69.91608487364509, 29.684446808984053 69.91685041270786, 29.68901607703971 69.91837498748394, 29.693822827812358 69.91837499606041, 29.698376263119385 69.91743287799223, 29.699965159419456 69.91547138787749, 29.71932506135141 69.91398873626487, 29.728928677910158 69.91117639447057, 29.731814654087497 69.90924880418383, 29.73938877717715 69.90772804160187, 29.74753055105953 69.90228680941641, 29.763880263721934 69.89850048656629, 29.7636011543286 69.89632920992624, 29.759523447811404 69.89443414228694, 29.75211693858947 69.89379301861422, 29.74529856678956 69.89486687774986, 29.74042639698289 69.89401179624357, 29.740284158481128 69.89258237964961, 29.761211202288184 69.8875348010319, 29.765732357100923 69.88449467188649, 29.767954986978484 69.88094432363422, 29.767198334380556 69.87879597991777, 29.762510555690277 69.87654124220477, 29.762873444904276 69.87294713648903, 29.758374637683342 69.86816060763374, 29.760653643417253 69.86461790903086, 29.759621556844532 69.86258970901032, 29.760883747749098 69.86070336887443, 29.760970370334046 69.85774194997704, 29.74955266982526 69.8548367956467, 29.749504574321232 69.85330260305349, 29.753547673796987 69.85218850628954, 29.754480445405378 69.85054455359541, 29.76633567212326 69.84900982292943, 29.76734947566738 69.84747334908798, 29.763703164465387 69.84488166410465, 29.763759649176773 69.84338214797197, 29.772204661886075 69.84077310828751, 29.772953582624464 69.83787612903758, 29.78186314086949 69.83635999994164, 29.784825360244607 69.83394172370383, 29.784219292288174 69.83075562448143, 29.78159554509783 69.82924003172228, 29.75440722939213 69.8234162373354, 29.754296563170193 69.82196872654055, 29.757396665199753 69.82064170260472, 29.75780592580079 69.81841714115754, 29.765436607402872 69.81629186048215, 29.77202121714007 69.81779425751569, 29.789193737750793 69.81878033659248, 29.790728663464 69.82265378181629, 29.79305983801793 69.82436098539137, 29.793941306383907 69.82670872916074, 29.791909769822265 69.83008211981118, 29.794116585070658 69.83185863485326, 29.79980329520876 69.8331362874353, 29.800094433036257 69.83407766061323, 29.79660714067551 69.83821060201151, 29.79170929062072 69.84042120679416, 29.789062058391316 69.84423551290507, 29.789638202552133 69.84598458399962, 29.791253201917037 69.84692673719684, 29.799921546100773 69.84843331674533, 29.79999972880281 69.8567305602281, 29.801102261001905 69.85776285607184, 29.801285317709212 69.86117330378394, 29.79769462362198 69.8645790812285, 29.793500503991858 69.86615305211555, 29.791700019147445 69.86863922070042, 29.799322312092865 69.87416155964559, 29.800105766269517 69.87972724535418, 29.796653511248103 69.88264226141818, 29.79550508662034 69.88542258807846, 29.792387095643498 69.88683899761298, 29.78999026074596 69.89061696784898, 29.783060922988124 69.89317219741818, 29.779515808687155 69.89807679274058, 29.770437487125758 69.90297088613619, 29.770731984155407 69.90604231405223, 29.763457562621067 69.90714272614248, 29.7605132032037 69.9105948608431, 29.752552727923202 69.91416355710818, 29.753625113063098 69.91560735319027, 29.765965806191087 69.91712451840866, 29.780053205357387 69.91580969891066, 29.78637762116004 69.91316336263199, 29.7864660463999 69.90919928306572, 29.795373677825264 69.90795834552893, 29.831731057555665 69.91346879975633, 29.840814049044223 69.91387617188872, 29.847587272022928 69.91242475423788, 29.85033296748579 69.91001677315484, 29.861473110515146 69.90996260835949, 29.88011184501602 69.90608190019249, 29.882822914084564 69.90340324992118, 29.890358848385173 69.90012677373798, 29.907014944308994 69.90364758355594, 29.90910271083052 69.90535277700796, 29.913298786600272 69.90612348281833, 29.925704304011695 69.90522815434085, 29.93215260605773 69.90216415336178, 29.93749600276854 69.90345642142971, 29.94504458333554 69.90297867936894, 29.9586900963375 69.89853971900509, 29.963176332716326 69.89526277836485, 29.964053588085648 69.89352844429963, 29.981365440457267 69.88938697745715, 29.983948410459043 69.88596217913698, 29.993692019868234 69.88237224949144, 29.992047161895247 69.87760798093944, 30.000220802666224 69.87561030445707, 30.006870357429133 69.87136356727576, 30.005970851217985 69.87018911945248, 30.00018005208086 69.86791642836202, 30.00018201279392 69.8668291263357, 30.001685379885974 69.86584275159073, 30.000835362290065 69.8636317320101, 30.007869978092412 69.86160309084053, 30.00834753915323 69.86034685993992, 30.00348926402534 69.85887524868559, 29.99231957763722 69.85908621784499, 29.99046221334058 69.85810222642593, 29.990664738271008 69.85589736861135, 30.00822282443203 69.85470896928737, 30.01480496354086 69.85578938282246, 30.022308716945428 69.85554469497671, 30.026491749626373 69.85445608902525, 30.0290297194914 69.85195723895109, 30.025239953851706 69.85034278245502, 30.02521368760561 69.8455677072431, 30.023048854186285 69.8432218751179, 30.01387005193046 69.84197761532015, 30.01340772627322 69.84119771673562, 30.016289590272834 69.83647724132497, 30.01527720441847 69.83236247989748, 30.012788844167602 69.83058327738324, 30.00068220416231 69.82837713511172, 29.959470257858122 69.8301180024733, 29.95585301163178 69.82904357808671, 29.95677182146378 69.82662076250354, 29.96010097591685 69.82538715451768, 29.97315822295977 69.82473490086045, 29.97471835648984 69.82390228168181, 29.974658648757323 69.82211701421485, 29.97688901863743 69.82145814052716, 29.98982121146603 69.8240434170682, 30.00528140601846 69.82412867705983, 30.012013086056086 69.82113182708567, 30.011478471484786 69.81876385235343, 30.013478664197116 69.81777585709136, 30.014682048027797 69.8198665552055, 30.020565851270987 69.82122566689704, 30.023272958054267 69.82352845375782, 30.023340526094024 69.82623116168249, 30.032830678565574 69.83005508987019, 30.033536127888055 69.83241238859749, 30.0355301348473 69.83357802016191, 30.04136208211989 69.83412271782238, 30.046697439227774 69.83279317378309, 30.051900742754906 69.8343009058591, 30.063596704817872 69.83549887713829, 30.06425614194713 69.83703072870307, 30.066787216604123 69.83806162062736, 30.07571829583653 69.83887283782703, 30.08219844808586 69.83719275097896, 30.09161358003184 69.83067655631035, 30.093501979586158 69.82773982135222, 30.09571705968482 69.82668252635075, 30.0957349488044 69.8251430511108, 30.099352933530742 69.82366286073797, 30.101157431117144 69.82056132244092, 30.10008024260634 69.81786944030873, 30.097208379603344 69.81513433921788, 30.08019558978012 69.81009978115587, 30.07057302665122 69.80887624064934, 30.05986363085371 69.80970684934194, 30.048928107459076 69.80802844607334, 30.026217359229747 69.80381898467297, 30.024193657722712 69.79963423358082, 30.016229517648743 69.79719105725071, 29.9610338577988 69.78918247473685, 29.9368091721909 69.7818374348432, 29.921520793912812 69.7788682300604, 29.901827902634043 69.77217630274215, 29.892358729545812 69.77126541834919, 29.881751842380137 69.76653187965218, 29.864974856485407 69.76654166513222, 29.854396047118858 69.76813879588175, 29.853809115792632 69.76685442919351, 29.858693883852066 69.75973083847535, 29.85840690559305 69.75888938046046, 29.833681561218974 69.75469997528836, 29.833064595292118 69.75322775047671, 29.834251909498214 69.75235299601218, 29.833325569762724 69.75023915580799, 29.828715115327075 69.74856848373311, 29.828425449548984 69.74717205967086, 29.832257010799136 69.74588880563756, 29.84419402242396 69.74487691177893, 29.852173670476756 69.74570525819065, 29.85843296720006 69.74363609648701, 29.86600875383642 69.74356293810703, 29.86905633330781 69.741281195239, 29.878984022709346 69.73907799645784, 29.884370256093682 69.73654150730503, 29.888601091176717 69.7384911623112, 29.889514194258044 69.74077227050358, 29.893486774938594 69.74188070062976, 29.896995489535854 69.74555190184387, 29.903429228493625 69.74691439776991, 29.9045109010778 69.74904843877795, 29.90413618801484 69.75177968715829, 29.91031938230307 69.75618305341135, 29.9186863317059 69.75737295471536, 29.927212415835783 69.75439764306942, 29.930108353759874 69.75443807306334, 29.93430765790054 69.75844652884253, 29.940626082847945 69.76064282984773, 29.946572658020088 69.76103799073925, 29.946809525054743 69.76423432877334, 29.944791684532714 69.76547549041425, 29.944784133736988 69.76649805771918, 29.949329182925563 69.76906943063155, 29.95518228772375 69.76945769379522, 29.961260479299053 69.76805913607882, 29.96592277121826 69.76963880781891, 29.974862065616705 69.77062975986249, 29.984752153886852 69.77054175428465, 30.013557145444363 69.77344283523271, 30.013703316136926 69.77515650674773, 30.00764984771211 69.77649424718466, 30.008606693470057 69.77897496697008, 30.006766581288016 69.78020044074485, 30.01250447432248 69.78237442929822, 30.021501131047067 69.78118168454561, 30.03065750716909 69.78204202514875, 30.039416586788125 69.77963584743813, 30.050349345825293 69.7823761741803, 30.060077214579103 69.78180448064687, 30.072217083758353 69.77727849740624, 30.075289969977504 69.77551589863702, 30.075645979175018 69.77404642590315, 30.0815567789911 69.77210233760788, 30.082649473752554 69.76884102075, 30.075880828100974 69.76481116032053, 30.07502629920181 69.76303716184333, 30.066824362280713 69.75862918001813, 30.067817300549812 69.75578269906238, 30.065211964536044 69.75380712283753, 30.059367739017524 69.75271002331685, 30.04896080881674 69.75270057413853, 30.044514579239383 69.75125890167843, 30.04503877177683 69.7491991205469, 30.048775520204707 69.74612333427011, 30.04643946775092 69.74407666069465, 30.046049398010446 69.74182286409939, 30.041400337258978 69.73739499321238, 30.028697455153555 69.73285897559434, 30.022510898446335 69.72890375843221, 30.02293404476857 69.72749370645862, 30.03059347961465 69.72997233903745, 30.051439908575023 69.73162358604198, 30.059696532922697 69.73170826980922, 30.069516961657875 69.73029408623728, 30.08028274200275 69.73112476835327, 30.09171376118247 69.73030876238909, 30.09502682192821 69.72888317013363, 30.098063352054954 69.72528296054743, 30.102615084190056 69.72296267334193, 30.097062598529366 69.72085790989935, 30.08505634927297 69.7191848323443, 30.084066789975854 69.71766637885153, 30.08982396959515 69.71414171215153, 30.09413020710692 69.71000473532683, 30.102485061204053 69.7084569068253, 30.11078120409946 69.71486380784285, 30.12302370920857 69.71808487529316, 30.123253079683057 69.71933781998176, 30.120829904947573 69.72102179034349, 30.12189351199611 69.724968956496, 30.11493738764359 69.72747906480431, 30.113325854818992 69.72905061991646, 30.107704447652377 69.72958774856227, 30.101279404297376 69.73209945640535, 30.101062355486004 69.7327756340316, 30.10485454929872 69.73432783898551, 30.105445160507166 69.7363787674641, 30.098927276174965 69.73924298024588, 30.09649361881981 69.74144306082104, 30.095763271109867 69.74541543524253, 30.092677626525987 69.74857633876651, 30.093627454470887 69.7516948520487, 30.09283964832033 69.75640026368102, 30.09375272022428 69.75725642102199, 30.109578680521683 69.7593066056221, 30.11489290117272 69.76196701934319, 30.15022110053448 69.76485867482852, 30.149523029653707 69.76750428052026, 30.153866109172018 69.76895917867621, 30.164153754650386 69.76829448461531, 30.17193801085572 69.76919230754935, 30.177625151931476 69.77164557478139, 30.18588480551595 69.77213491486383, 30.190464008754844 69.77316248409737, 30.190775901399146 69.7742590826111, 30.186912064087522 69.77750077203181, 30.18936024550436 69.78023350982058, 30.189337629184443 69.78031028455761, 30.17748538211181 69.78353994205239, 30.17169185012285 69.7823754175439, 30.153407767322445 69.78327561855403, 30.149271378701645 69.78178465050267, 30.135529026123706 69.78179002798838, 30.125190866479958 69.77996036657912, 30.110661313292702 69.7802065567998, 30.105577633351768 69.78150860391219, 30.10147472994703 69.78754366923847, 30.103126634982175 69.7899394606004, 30.11481591937443 69.79155390401233, 30.11457884525613 69.79367887417546, 30.108982434425315 69.79687377143532, 30.109170669833052 69.79787813557536, 30.120583873545712 69.79970610381554, 30.121043342379238 69.80135417855257, 30.12308973670156 69.80251389070435, 30.131916626618366 69.80382642243383, 30.13501020342112 69.80590184077333, 30.144646732769722 69.80590563169226, 30.14659520479343 69.80447668822843, 30.146817207700497 69.80240388694747, 30.154031531348615 69.80057019062052, 30.15492062286885 69.80177707862688, 30.148656984702875 69.80684963837705, 30.147430988758614 69.80912131590017, 30.150381601087936 69.81109523853401, 30.15082900131206 69.81347424015811, 30.15519879784086 69.81517271138276, 30.1558204755506 69.81664122859245, 30.15876715777274 69.81815698635694, 30.154257291948525 69.83059126743439, 30.144157120020083 69.83578004855684, 30.135942392900613 69.83823216758029, 30.130997191004532 69.84281421085073, 30.13065239860101 69.84693437733232, 30.12474031511113 69.85108130802436, 30.124306129647398 69.85246485275339, 30.135985565786058 69.85639472033998, 30.135058844883083 69.8590875968437, 30.13794164378992 69.8625221091476, 30.135663771803596 69.86480928848309, 30.14291132874829 69.87211589677105, 30.147625492667622 69.87406153095773, 30.157202082465837 69.87483719835326, 30.161132615620286 69.87795688318015, 30.173145585075897 69.88220570764513, 30.18096182733938 69.8807989870723, 30.198118814629467 69.88212481285738, 30.208133036772836 69.88154838018296, 30.224811008878426 69.87646379242507, 30.230380922167182 69.87724131378893, 30.232394074783922 69.87891942445829, 30.2408145767888 69.88079081462021, 30.246803586805257 69.88024167105097, 30.25380740551857 69.87755834099634, 30.260907141921436 69.88175637048727, 30.26844409985743 69.88287359914632, 30.29001834184914 69.88062718705395, 30.30223693205643 69.88063896716415, 30.308565777293676 69.87877277597364, 30.31563076160233 69.8751462562806, 30.311756971523426 69.87215161518589, 30.31198410286156 69.87080489819247, 30.32590181916588 69.87055780658382, 30.34100033722041 69.86662332886677, 30.34179905624749 69.86517727108645, 30.330723503546338 69.86038428405959, 30.3269394663265 69.85774559870619, 30.319653080117288 69.85534109024401, 30.317261429183585 69.85332151342746, 30.30884120852319 69.85154057464095, 30.300641518246234 69.85186857357955, 30.29557529001962 69.84994741309794, 30.29007421013932 69.84947737426577, 30.28952327171365 69.84772625084952, 30.293405940837292 69.84628506999542, 30.290008468369983 69.84388833271906, 30.290275501572122 69.84219294975163, 30.314356164817795 69.84420768865844, 30.31960386489179 69.84325956172948, 30.32526941749417 69.84072660177502, 30.329838288446275 69.84365616376719, 30.35660559593005 69.84895724807215, 30.361880336868502 69.84864379522651, 30.375568298419363 69.84501084202257, 30.37700492838119 69.84362335440562, 30.377584850676364 69.83973655640446, 30.380723788522413 69.83782635555666, 30.381499606278133 69.83616150215936, 30.386869381494645 69.8333627941403, 30.38798816550709 69.8321196410866, 30.387237382657727 69.82990640777635, 30.391661309039634 69.82654974451088, 30.39140434571517 69.82432552303428, 30.393728375206905 69.82229346267539, 30.39297261213013 69.82110931658059, 30.388599545140448 69.81946827238461, 30.388447170346577 69.81836018870757, 30.391679502390527 69.81496429235968, 30.3960644104932 69.81367777787314, 30.397669215747598 69.81171563433959, 30.393587140078687 69.80894345060864, 30.393400363785688 69.80766500828334, 30.394897026711305 69.80465317317402, 30.397582776074394 69.80341141356503, 30.40005122950636 69.80067616061318, 30.39406330278603 69.79874767797345, 30.39372065944556 69.7958558376294, 30.391402919546394 69.79435022808484, 30.391537980256924 69.79319995661635, 30.39537806056673 69.79035967530479, 30.395411972352758 69.78600371907498, 30.41352631543361 69.7819769527959, 30.414179139855058 69.78132622855834, 30.412348513660884 69.7790395596218, 30.41488629899667 69.77733954281896, 30.416629245907597 69.77402814857884, 30.41975309627181 69.7725162135898, 30.41806424549229 69.77126914727695, 30.419113270070945 69.76899663727852, 30.414020064745667 69.76720761587038, 30.411036600324795 69.76448050420831, 30.41597922433994 69.75592661149132, 30.41160637580175 69.75135727524595, 30.418059421034815 69.7484955335954, 30.41149157359214 69.7423891593318, 30.415047772974624 69.73698385548218, 30.414191496204054 69.736024860587, 30.414663197341124 69.73108502937482, 30.412259860374974 69.72869942689353, 30.419324673052998 69.72594903566134, 30.421702078422115 69.72322709491398, 30.420901197391096 69.72007982247827, 30.422314027468424 69.71752815931943, 30.419609357161058 69.7146455434933, 30.418104191113944 69.70867137734764, 30.425151329636673 69.70283641059171, 30.423937337330347 69.69947973051131, 30.425728403329483 69.6985894030846, 30.426696834690325 69.69538476921922, 30.429545138541233 69.69302718132676, 30.428885936215313 69.68990505025704, 30.42606174231515 69.68869140927742, 30.413036586344397 69.68720787613553, 30.405214903191208 69.6846089908904, 30.39292455455965 69.683777754858, 30.37190850549819 69.67607201927021, 30.362173693559857 69.67428964403815, 30.362203367221905 69.67275982520236, 30.369509940354884 69.67206693555482, 30.37511889236146 69.66905102552681, 30.383062639620725 69.67051299445167, 30.38663462814501 69.67453203106925, 30.390195776182807 69.6756274404952, 30.40983759325394 69.67540896314618, 30.41604633478897 69.67746449949823, 30.425231162247968 69.67820610545465, 30.43252499152202 69.67645978844672, 30.44448501318316 69.68138404755022, 30.44828876923307 69.68424805021368, 30.448031107131687 69.68541182951287, 30.441829546417697 69.68687548459046, 30.434638440665804 69.69112422123814, 30.434666397573245 69.69550128744046, 30.43751383881538 69.6969510219738, 30.43746180062752 69.69819784725382, 30.435715082571 69.70071415744758, 30.430126831697105 69.7040451922614, 30.430220285281678 69.70527545860078, 30.441305854909945 69.70881363610775, 30.441593158687304 69.70973852737917, 30.434723314914105 69.71200841909113, 30.431913737554535 69.71538995359471, 30.431109503572664 69.7183245512792, 30.427224327133473 69.72110139064769, 30.427025182563753 69.72309547751622, 30.429743495293952 69.7278038426122, 30.43536624641895 69.73180160672621, 30.43564791826603 69.73346206910166, 30.43387484887411 69.73551317743886, 30.436935008253005 69.73761393004976, 30.436663281647363 69.73885686296764, 30.42743665699044 69.74106734479223, 30.42633892525021 69.74256507705975, 30.429105603608257 69.74390590882982, 30.427697019100876 69.74680119138932, 30.43346061251473 69.74829131930449, 30.44091483176693 69.74805403545768, 30.4463924355571 69.74668860333728, 30.448606541576066 69.74483519357909, 30.455467611531002 69.74348699751569, 30.45695132411822 69.7412740404017, 30.45891950376815 69.74347238927962, 30.456143751778043 69.74444431243245, 30.45168332765711 69.74978006849221, 30.43622686401927 69.75407904699887, 30.426224930063327 69.76045048711826, 30.425954958088465 69.76195225130836, 30.429236524856936 69.76554260094642, 30.425197887228624 69.7689173370141, 30.43001048756134 69.77078471559174, 30.429505135143366 69.77408678867955, 30.433600029514544 69.77866569303295, 30.432935339996394 69.78314799950566, 30.428597011451764 69.78566724603033, 30.428202160605565 69.7874364680668, 30.42500266754715 69.78943155452934, 30.42507299557712 69.79125458847363, 30.419631662752916 69.79322752758556, 30.41861432056546 69.79537033292424, 30.4150655788129 69.79768332392132, 30.41376309922164 69.80059474799923, 30.412061336396615 69.80161911191672, 30.412764843815157 69.80221614553119, 30.412669591648193 69.8065601776523, 30.410887205684592 69.80860835594386, 30.41269302518055 69.80982439731386, 30.421778714173453 69.81067337763919, 30.42100737957944 69.81374607662855, 30.421910201236123 69.8150218670196, 30.42913451347678 69.8176833487529, 30.429156920960946 69.8190374547962, 30.42626347015061 69.8206101485574, 30.430337767260927 69.82265160600112, 30.435359878668216 69.82304102940984, 30.439752420329345 69.82217831782165, 30.441311577727525 69.8206991422046, 30.450341759007696 69.82129084595644, 30.45701086921318 69.81929467814844, 30.46288327936842 69.81946792978506, 30.473711038647025 69.82254830072789, 30.50255443966096 69.82578921971007, 30.51211580910266 69.8249953574351, 30.517126464792415 69.82157576284605, 30.53463719518928 69.81791222762304, 30.53839872889933 69.81528516357352, 30.5576981513868 69.81687410192193, 30.565952382922504 69.81472315001452, 30.56878894985357 69.81606153774149, 30.573533024952038 69.81642414512677, 30.57378872711419 69.81808607222725, 30.57524429862696 69.81901253993829, 30.58096863986207 69.82004078217496, 30.619205136665638 69.81554278788458, 30.639329624871927 69.8169597451568, 30.647095867487202 69.81575902576529, 30.652671344449388 69.81222582809204, 30.653491289152022 69.81067805381363, 30.6664854094803 69.81312499600351, 30.67685512562004 69.81312499697417, 30.682061286565613 69.81219061283537, 30.691288031585508 69.80808744026386, 30.702936261540888 69.80684134894601, 30.705797774165884 69.80487929875588, 30.710513172119075 69.80620832427931, 30.718819304888406 69.80620832273677, 30.72338807180516 69.80452976323579, 30.73805043601483 69.80305753299304, 30.740725736973594 69.80183333142611, 30.74066300964434 69.79720994836482, 30.736186032901365 69.7960359057849, 30.726148281258045 69.79051077363786, 30.72649348573204 69.78786231000883, 30.724432936685577 69.7864930617339, 30.719393418528767 69.78562764798045, 30.700047072687042 69.78629088248927, 30.690147728001037 69.78423422748368, 30.689898864215795 69.78256471260745, 30.694365509873492 69.78094673786693, 30.695141323392367 69.77754958165411, 30.69797096495337 69.7756170206857, 30.6949404461586 69.77057232881972, 30.689568152694765 69.76607984791994, 30.689815928442485 69.76465718884596, 30.693010471734155 69.76379452197135, 30.712520990091836 69.76385984631077, 30.71328378432438 69.76588810729389, 30.707948384413697 69.76922832752747, 30.707028570523313 69.77137582072079, 30.732604280406164 69.7758945636901, 30.738244000257623 69.77804361854206, 30.738007827511172 69.77935791970769, 30.730726862946696 69.78115132716458, 30.731963437641014 69.78278883802919, 30.736419244159983 69.7847015318115, 30.73391873127489 69.78900622192526, 30.738811997158514 69.79190068262729, 30.745355036691407 69.79245759270796, 30.74945375767889 69.7916087692639, 30.753028907108995 69.79424468538264, 30.762127074532295 69.79545734090048, 30.769302760193412 69.79417955303997, 30.76931645028667 69.792936027634, 30.764969036360394 69.79100518258507, 30.75731156182927 69.79012735129115, 30.75220220196081 69.79095337596408, 30.75232366937116 69.7870253141694, 30.745418073005858 69.78499625275826, 30.745396918903246 69.78491914204479, 30.747379239601056 69.78280719715093, 30.752770794905526 69.7838722047109, 30.75952421278868 69.78253780762638, 30.767192012205232 69.78674363361196, 30.78554745851035 69.78971516162636, 30.78975483249644 69.79251801403946, 30.797086605979942 69.79447094438137, 30.803597323151035 69.7945487144884, 30.80600459779706 69.79365296893816, 30.8061354880601 69.79207665943947, 30.809846734413615 69.79073940221467, 30.827086589763145 69.78826364884868, 30.83530373679583 69.78308592532576, 30.846140136703877 69.77957039253313, 30.84834123507652 69.7778919959248, 30.845706720208966 69.77569651180362, 30.846187870594726 69.7731310371872, 30.85814379626046 69.76987938100264, 30.857273161217098 69.76636490809275, 30.866084692751183 69.7634986745037, 30.868137031665928 69.76127664138477, 30.872828175066154 69.75890872836844, 30.87332138509106 69.75765251779067, 30.878030362048598 69.75582815206714, 30.877157406595877 69.75327875841533, 30.88210326675113 69.7516482664203, 30.882639811780372 69.75021900993076, 30.87748797995932 69.74877357794125, 30.876463374274543 69.746243547453, 30.879367458844357 69.74337665340256, 30.88507234131448 69.74068443273157, 30.891126026323906 69.7400787706768, 30.89566227767323 69.73781058911885, 30.895217981481114 69.73541188116442, 30.89744698674464 69.73370178774255, 30.89559803457724 69.73057525513248, 30.898546214578502 69.7290710480172, 30.89339153823536 69.72524062847707, 30.895799825937587 69.72209760736396, 30.895837182521745 69.71968962633363, 30.887845702964565 69.71684724047469, 30.881952171662622 69.71624898129369, 30.881763552235842 69.71471863435724, 30.886712285264807 69.71276630636362, 30.887207856212317 69.71005292855652, 30.897268384734534 69.70576254488273, 30.903684353518635 69.70494334675939, 30.90558830410447 69.7028488300665, 30.913414520032415 69.70134961685986, 30.91506242772725 69.70025924998711, 30.915312477157155 69.69841013897113, 30.92456162174628 69.69535490686776, 30.9254175194505 69.69259403977779, 30.929890581739603 69.69102316413094, 30.933018065532178 69.68829578465049, 30.940976659370403 69.68790394037191, 30.950382213364644 69.68349146534374, 30.949057721317306 69.68087894411356, 30.95173845519733 69.67817318796297, 30.95054080061841 69.67672337221158, 30.951811470706097 69.67421380499523, 30.945828496349225 69.67262479765431, 30.931321965344203 69.67234023300577, 30.929004666800402 69.66881619354224, 30.931982258713553 69.66524195217869, 30.936651031244327 69.66249131627889, 30.935312086417248 69.658033637296, 30.940037179174922 69.65393955294036, 30.938726233871076 69.65063382363549, 30.939253451124927 69.64842264664465, 30.944571443779424 69.6471587811446, 30.945954637113793 69.64365651137979, 30.95802722163238 69.63825233022523, 30.957147268880792 69.63506784443112, 30.960034555310127 69.63275917632114, 30.959994304099343 69.62910792289811, 30.958004655633502 69.62796390815707, 30.957669914356075 69.62368284378448, 30.95613391497482 69.62261023660899, 30.9548106316927 69.6187054125469, 30.958657399596564 69.61463984246586, 30.957678016179123 69.61092896396646, 30.953735704392127 69.60851852764256, 30.95503943963781 69.60181547392061, 30.953007407970194 69.59998367960517, 30.94636153672988 69.5981223013007, 30.944701514190562 69.59661084263767, 30.945809166343338 69.59448482480099, 30.951880478427743 69.59292734307509, 30.953046360549138 69.59127905262848, 30.951980740455287 69.58645961524311, 30.94971602620104 69.58251386241297, 30.950255219048334 69.57858034709858, 30.952170493245646 69.57662641820619, 30.94435061050277 69.57198962749575, 30.94476783575378 69.56932136386531, 30.943540025502408 69.56560142527142, 30.945112096741813 69.56257673798993, 30.943353188908606 69.56005408011957, 30.936974578241667 69.55899940556394, 30.931899716460787 69.55631167513043, 30.917053259681914 69.55219225982046, 30.904409656985155 69.55135846026104, 30.89510769562124 69.54875003122122, 30.891876507811013 69.54555645681927, 30.87629129426253 69.54116097300718, 30.86503193256446 69.53651920607554, 30.843159044762874 69.53400554184245, 30.834348635880406 69.5305957865598, 30.81931617085829 69.52745756457645, 30.80181455841186 69.52745833744005, 30.786595014683535 69.53087470616954, 30.770288815983246 69.53029187136589, 30.758659680567312 69.5318718127553, 30.743452236400504 69.53145967299876, 30.66246393076135 69.53937377982642, 30.56507474090202 69.5407082928533, 30.514647647854716 69.53904429530925, 30.510603819644665 69.5400660365892, 30.502256029039202 69.5476462599653, 30.413428453326244 69.58914088323198, 30.299865180427457 69.62799726127793, 30.220317853606453 69.65217782547758, 30.151114137153428 69.66770788374379, 30.114089811225 69.6625275610694, 30.09207727360758 69.65781334559153, 30.091437952710468 69.65645551035384, 30.096523343210695 69.64435991017972, 30.13965787407505 69.6448736726336, 30.143425265948583 69.64363692970517, 30.143974688246818 69.64154669852168, 30.15466919070589 69.62724657096649, 30.157165207100327 69.62010314568023, 30.15686482268701 69.61708743599563, 30.159044184143664 69.61271976499938, 30.15842133509675 69.60927727174223, 30.1636857406814 69.60722707108344, 30.166003397411867 69.60005870176903, 30.17273136182389 69.59200345274303, 30.18358508595232 69.58782645891543, 30.18615808012011 69.58517151670749, 30.18486309493938 69.57975061024425, 30.19326833462315 69.57031180159422, 30.193946739441614 69.56840942233289, 30.1923041882208 69.56262893449211, 30.186317929706068 69.55899627936014, 30.186799263656088 69.55681555869504, 30.190074696237332 69.55350408777855, 30.190534818839474 69.55091823386503, 30.185158940364747 69.54547867434708, 30.184371813200563 69.54093395812198, 30.182056659881695 69.53722861512414, 30.17662497473822 69.53325549558198, 30.17179469579663 69.53187140371115, 30.162325688328274 69.53212052204094, 30.15440932661006 69.53014270592499, 30.147566464874696 69.5256424935122, 30.133887377710252 69.52178930581088, 30.126161232301232 69.51473773025943, 30.124074476826003 69.509563769195, 30.122358354838234 69.49930885585216, 30.122874057399436 69.48645552574826, 30.117720248966293 69.47969306252315, 30.11910213819974 69.4752005855448, 30.12282953373684 69.47176606096279, 30.12262817349508 69.46972524191327, 30.11438987662399 69.46497026243289, 30.0932598376998 69.4583993518218, 30.080238845245095 69.45221928013706, 30.076188344338245 69.4486121029564, 30.065039730895617 69.44177978290256, 30.049626744637447 69.42932600243661, 30.039602074336447 69.42424037296107, 30.015158566937284 69.41575476380642, 29.996225239780195 69.41110501537868, 29.973100928976333 69.40669642399672, 29.947222116248753 69.40379181079015, 29.939190337430652 69.40403623502215, 29.931246594434405 69.4058187340149, 29.9277670275072 69.40774946555322, 29.927082226916728 69.41260713579805, 29.91326387016107 69.41719086819334, 29.900975287707887 69.41654282969246, 29.87722380037991 69.42153083951825, 29.86594981631766 69.42270767931029, 29.850900703315762 69.42102324946444, 29.829691326385962 69.41301589435007, 29.81849264642079 69.4110048137914, 29.81146848866152 69.40800165280392, 29.803084844431062 69.40614414623305, 29.802400898160894 69.4040346754938, 29.799560013128048 69.40152487380024, 29.791652653096392 69.39676249188074, 29.781935075055422 69.39607499010181, 29.775603190006375 69.39344810768068, 29.75827148893693 69.3925302274197, 29.746488235927195 69.38962165807989, 29.728927837380017 69.38898391683877, 29.727265828345338 69.38694518012765, 29.717713330961807 69.38338186809531, 29.71944595094466 69.37909475705125, 29.71902520427374 69.37787849364834, 29.708077706295104 69.37481002762699, 29.70350933315252 69.37184364851922, 29.702404503809934 69.3699568817751, 29.703497150812833 69.3671050103158, 29.703125253784343 69.3650409342584, 29.699206310051192 69.36262936829962, 29.66317088338274 69.3499261907875, 29.647912520656785 69.3465604414635, 29.639529887573172 69.343273918164, 29.634591076054612 69.33933021477132, 29.628238861009525 69.33639230954502, 29.604583819181066 69.32889575586663, 29.587768642180986 69.32165324538245, 29.572398763428158 69.31644202250817, 29.55688590696383 69.3150413936665, 29.537580721976614 69.31544492866608, 29.53041851661074 69.31715409275043, 29.526382689160307 69.3193962135187, 29.522851622569576 69.32242380921987, 29.52125592518825 69.32660420624511, 29.514537676100172 69.32571116937929, 29.506934674929294 69.32653601952236, 29.503615520076586 69.3244130570145, 29.48746322405279 69.32070461021748, 29.45723936406798 69.31954170107886, 29.437698272008276 69.31995687056902, 29.417179026816374 69.31720865536995, 29.405757740347326 69.31786183569092, 29.402476663710665 69.31970539401746, 29.394838992425832 69.32103838282185, 29.376385036836435 69.31563368189936, 29.370755838561983 69.31274344759393, 29.361090907903254 69.31136102868366, 29.344582921873055 69.30669503044484, 29.338384436882002 69.30635327226352, 29.323194584684284 69.30093176425349, 29.297145816199162 69.29725074327338, 29.29169935360158 69.29428205329967, 29.287603480198673 69.28093109918734, 29.282281961677896 69.27654084956862, 29.2815533209667 69.26822686906881, 29.283395058996607 69.26303772063918, 29.282207935528707 69.2584284795732, 29.28624760396546 69.25199780376708, 29.292126497621368 69.24735339344195, 29.31156540532539 69.24177618690086, 29.318493758182875 69.23782777557399, 29.319498878354707 69.23516501906866, 29.319047897652105 69.22889345945458, 29.308419501392343 69.22125888047925, 29.305864650352433 69.21624878071268, 29.307775329166475 69.2127755474032, 29.310972962564833 69.21075090809654, 29.310191060987833 69.20928807925782, 29.29873689172223 69.20567863483687, 29.298158089787336 69.20393376208729, 29.301315404603432 69.19677693600408, 29.295805589447074 69.19193839865507, 29.29983209474544 69.18788174549856, 29.300199603292477 69.1857163118179, 29.292225462977612 69.17639768823915, 29.275023755710944 69.16462677994309, 29.25640660217379 69.16105948028847, 29.256598867510156 69.15979365848801, 29.263123048056713 69.15525592416122, 29.2633549991303 69.15346003908935, 29.25335019796293 69.14776224077966, 29.24509419285568 69.13770165875148, 29.245111442988406 69.13601336283648, 29.24754090959682 69.13376888885566, 29.249534638835264 69.12966942236002, 29.247738970475975 69.12683962983641, 29.244052384178662 69.12448020350158, 29.238274076684583 69.12361335672618, 29.23755454583607 69.12221152513884, 29.241369633460522 69.12012416692002, 29.247495476508224 69.1128688513896, 29.16409224265647 69.06632444416553, 29.146270401656786 69.06223661453843, 29.09873443263636 69.03874441102964, 29.06124382258155 69.01456438646058, 29.044399034222565 69.0096926068706, 29.037997940782805 69.00976804188342, 29.015285488720412 69.02454756016029, 28.9292198807516 69.0498751715487, 28.49937624779214 68.92935229689137, 28.423738921505112 68.91512384196093, 28.42390919008391 68.91381904987298, 28.47109485887827 68.88667784874298, 28.662363043626005 68.88762470652162, 28.80355271749923 68.87030898558697, 28.805836397217696 68.86928270022119, 28.711457619522665 68.73220783586191, 28.539951056327144 68.61180783381354, 28.43931886109026 68.53966140545376, 28.506917323207947 68.42874776634237, 28.586845828666377 68.30184760533042, 28.650752260424788 68.19701456325396, 29.33095006472859 68.07524709946546, 29.48953699463261 67.94687557177424, 29.663611852948566 67.80350526922275, 30.02179444493239 67.67364223826313, 29.934910036961405 67.5224077353005, 29.86464383884727 67.49066583641094, 29.844428805456175 67.47894776814654, 29.7668358972623 67.4245258274649, 29.72069181413733 67.3987017049443, 29.721825453536443 67.39382656885326, 29.7204334011044 67.39226202459561, 29.708224260557106 67.38597671240933, 29.68873544945193 67.3794658019244, 29.686401810090654 67.37800494106514, 29.68523464085542 67.37527774793828, 29.67991491996031 67.37140800484207, 29.66250278863785 67.36885985780935, 29.655381860080357 67.36464855307707, 29.656195576018064 67.36020467036346, 29.649382882130823 67.35423441662971, 29.640579642170923 67.35220144231005, 29.627590377894432 67.35143698438779, 29.627503211941356 67.3494241478684, 29.62340657909551 67.34717329171902, 29.623757403266122 67.34573112889805, 29.631221388707516 67.34397938639661, 29.63767928380917 67.3442911464086, 29.649024862120424 67.34137344818298, 29.649717714823556 67.34080307844565, 29.648718714071297 67.33985903803192, 29.64965433523387 67.3364376218488, 29.648326879261816 67.33545933030013, 29.638534171323176 67.33194059350095, 29.621438789440937 67.32898682385247, 29.619536971887182 67.32688856549862, 29.612828681369525 67.32529270131894, 29.585397699850084 67.32814438618912, 29.582730278055745 67.32374359175189, 29.571946759433757 67.321198669197, 29.57272902129993 67.31944797478705, 29.584699741075934 67.31597262369982, 29.57354568294245 67.30985820686628, 29.55163580288458 67.3104177795827, 29.549651155771905 67.3090944939426, 29.540350309069552 67.30721251146977, 29.532567858794287 67.30824319136264, 29.530465357739903 67.30968278667656, 29.528094638547884 67.30911423970878, 29.526302803251156 67.30554713829531, 29.521123505582644 67.3010040234031, 29.51913429248742 67.29388946164583, 29.514427143613926 67.2893090458367, 29.510171160259812 67.28748924653202, 29.50989127688473 67.28611514939143, 29.515450040899932 67.28233115243863, 29.52109479139437 67.28089514225213, 29.519803677552375 67.27957414443576, 29.43654409680207 67.2234629694746, 29.07753303990678 66.99587184952321, 29.045644348558433 66.96161939720874, 29.03857361675406 66.9440603644792, 29.038071490170044 66.93162466077818, 29.038464437953714 66.92386598832996, 29.064959429171413 66.85340945246993, 29.12353189572284 66.80161883459793, 29.10918099026985 66.79530203033009, 29.11035336648979 66.79112319235954, 29.125833977292466 66.78821206942224, 29.134258015894975 66.78813529659236, 29.136521062214648 66.78729335800614, 29.13708836168806 66.78535459023604, 29.1409170752907 66.7835985240088, 29.14163473967621 66.78148722201486, 29.15371747184339 66.78083978140751, 29.27967126579064 66.69416442708498, 29.35687554021995 66.6428027890923, 29.36552995197846 66.63920402424449, 29.366274236775407 66.63706442634445, 29.364741650446273 66.63446827375611, 29.366664526743303 66.63131019486111, 29.366437847946155 66.6286152569251, 29.367740923103888 66.6272578249346, 29.36590652691825 66.62592093600823, 29.365808896643877 66.6239126032908, 29.370574375990778 66.62225841272516, 29.390619626612825 66.60766229294767, 29.38826024821917 66.60541901636033, 29.382693484218414 66.60370847584157, 29.383076962476878 66.60192052769862, 29.38595535428708 66.59949796115075, 29.40208192091137 66.5986322829792, 29.408051229430683 66.59710750397943, 29.4106038233002 66.59483580590194, 29.41385441355526 66.59373725617392, 29.41924206632382 66.59355654191012, 29.423459107815706 66.59222641445508, 29.421210615061415 66.58905831848088, 29.418854050257842 66.58790594421309, 29.418346776581465 66.58576273715687, 29.416569562684213 66.58457835604983, 29.416758100871327 66.58330209884411, 29.41942080117854 66.58134286413889, 29.426622785677615 66.57900706657745, 29.476679493171314 66.5440657877368, 29.524224097228068 66.49635440728383, 29.598210639439564 66.40803967184931, 29.63584551365078 66.36656252856353, 29.66668274600182 66.31982573808824, 29.698881261606857 66.28043847007876, 29.701516360218733 66.27838208381466, 29.71124515257094 66.27450731235787, 29.71115937771753 66.27310946757551, 29.708133003323113 66.27167175856293, 29.70107826235398 66.27059335561616, 29.700849456067825 66.26889533291502, 29.703317463649814 66.26796133829338, 29.711018681408092 66.26936922104937, 29.714328743925886 66.26820846658804, 29.780061084037094 66.2245945201807, 29.866146783864775 66.16958467293861, 29.927843231548103 66.12718367763635, 29.97490089661909 66.04708742355213, 29.98541540356708 66.0441919159969, 29.979485202430105 66.04126751234637, 29.978667091023667 66.03986647308369, 29.98591937515758 66.0287446168353, 29.98841825812629 66.02526916494897, 29.99699975484687 66.02245695830992, 29.99699994381891 66.02070689472666, 29.99375104283965 66.01845815907998, 30.001617366450088 65.97924618443588, 30.028555920430282 65.966903575616, 30.028951273758565 65.95858606966311, 30.06299780161984 65.91164640440607, 30.07293355135438 65.89515061046586, 30.09180561839168 65.85020412295265, 30.10840900451521 65.79634893170007, 30.123644865368306 65.75295318317568, 30.13856706814995 65.69968897244276, 30.14282893780045 65.66938826893207, 30.141600634859174 65.66791742666192, 30.135850537693596 65.66770552052442, 30.03732999053866 65.68626133064245, 30.015731449863566 65.69479148357004, 29.728386122839648 65.63689501014164, 29.728752921325878 65.63499435945417, 29.757933115764764 65.60976270149801, 29.834392236856694 65.57752938378377, 29.868234384000655 65.56046869153708, 29.80172693897883 65.52556885131382, 29.759103614857995 65.49737859627254, 29.753309184145955 65.48255192585407, 29.73740813947803 65.47225120766893, 29.731904910184564 65.39912124873483, 29.73578975445417 65.37378526994189, 29.75086875539749 65.34731670760225, 29.649997402208975 65.28870855565785, 29.613518637508452 65.27543372782083, 29.606432017032734 65.25973789213435, 29.637115945646872 65.23275603937691, 29.701691561160015 65.23204222480159, 29.74356500198884 65.22712519392819, 29.765703086021745 65.23004103336659, 29.817950065183737 65.22405094052041, 29.861522743485473 65.21623446595723, 29.88973136236436 65.2066727394183, 29.897632112162267 65.19265746430881, 29.825493982807437 65.145498561372, 29.824983792419026 65.1441522924287, 29.850894476191936 65.13064365870045, 29.85982116463362 65.1328740285418, 29.868031513529786 65.132111773347, 29.868645002133967 65.13061184307354, 29.86014486474326 65.1278490078767, 29.85961431974305 65.12625506921547, 29.901041347289404 65.10521194752461, 29.89843871936647 65.10403523547596, 29.87358999763652 65.10269427611152, 29.832305103812864 65.09079093674964, 29.73427229916762 65.0901136342577, 29.71414310199862 65.08308377526052, 29.631350448193118 65.06018940117563, 29.61878589727403 65.01286382244166, 29.603822602420063 64.99507263441747, 29.623441274655423 64.95969457103499, 29.61533289086086 64.92698089666351, 29.620414159926806 64.91575333990258, 29.64888868673357 64.86692863383038, 29.68530825412523 64.8495623176816, 29.70377363156739 64.8375482521091, 29.692424744434113 64.81994396889974, 29.692531053912585 64.81862549152522, 29.741966071224674 64.79100089571487, 29.867686819912254 64.79096417552196, 29.877227129811743 64.79329974270091, 29.89645617471813 64.79470877033381, 29.99225490544725 64.79595831922252, 29.998059171987464 64.7958089058443, 30.008313142687914 64.79279746519028, 30.044329473248304 64.79403807584045, 30.090542826000867 64.77436063628127, 30.095008522374716 64.76470049558668, 30.08830907192232 64.76341636550003, 30.047227588851968 64.74190958435263, 30.04603861700257 64.74019561694752, 30.05786207293708 64.71313929928564, 30.139983056040275 64.64922622539657, 30.134438504922286 64.63486286182697, 30.12227431186242 64.62524832132245, 30.05698793678333 64.61442009244838, 29.9942828527008 64.58711638816449, 30.001588547435833 64.57729680342979, 29.99140749798607 64.53375035750939, 30.018268820524778 64.50501078344061, 30.033813892321163 64.50080453817922, 30.02900970695402 64.48305405618802, 30.04992477876039 64.47243045299678, 30.062481003727886 64.45112253674311, 30.054711791557413 64.44211474818994, 30.06132165129178 64.43413975961418, 30.04949114495959 64.40199112433956, 30.113252890512843 64.36568661522546, 30.13909053321347 64.35897230916052, 30.214035209103997 64.35106672778277, 30.28840822136427 64.33068485823472, 30.305423093586793 64.32051890600017, 30.36987862373082 64.30053037593729, 30.37103133271027 64.29948723747144, 30.365543675516957 64.28133006073618, 30.39050750965628 64.27015754493557, 30.486389651688583 64.26267971038045, 30.513623687987536 64.22150995544246, 30.474429410986414 64.20581624817451, 30.471448889304927 64.20364722057745, 30.519679204952663 64.15532437736532, 30.55738745953629 64.13249223450296, 30.557666476413413 64.10182219739644, 30.532138675864935 64.04881130889079, 30.495379421144694 64.01633428009586, 30.450887608836023 63.982215668399654, 30.357081138215907 63.93142971691184, 30.32512132593391 63.90937791347524, 30.264351279624993 63.82154072177156, 30.152388044267514 63.79993728897674, 29.981194529134772 63.75784766280879, 29.979481997619075 63.75734214530659, 29.97924036372845 63.75607818461606, 30.06866427084943 63.70855854780704, 30.067402719932467 63.70370092645815, 30.071041456974665 63.70236897840672, 30.073804968696937 63.699274870731195, 30.077653070696257 63.697236077021664, 30.0780009879738 63.6951852785409, 30.10175108982388 63.685265701474336, 30.104901121660504 63.68294407386658, 30.112510448480453 63.68068043542272, 30.127680421057182 63.66972731745908, 30.12823995601026 63.668248987323054, 30.247454849865033 63.608168092500264, 30.25881117455974 63.587464816746646, 30.261826780693216 63.584811262055524, 30.387999035419437 63.54628146839645, 30.46230673158251 63.485856204645664, 30.487346432772682 63.46755161040209, 30.509212429586846 63.46206470892783, 30.670905627873456 63.42814239017455, 30.790452235047002 63.40633085408967, 30.846051767166454 63.37761434206005, 30.847270232889223 63.37512152035034, 30.85073547974837 63.372577235184956, 30.850974142048464 63.37099884201055, 30.853950362109888 63.36959186551817, 30.860962175192856 63.36871000730852, 30.867914536337043 63.36639038424222, 30.874569667113906 63.36622272960329, 30.88072990958589 63.36389392587548, 30.897471253869316 63.3627110284227, 30.910080583564465 63.36022405624835, 30.91548964071473 63.36015453099033, 30.921932522431167 63.35780193925449, 30.92868195425167 63.35820774477047, 30.938366350591323 63.355951051318605, 30.94805042780024 63.33703135712142, 30.98216052894588 63.308887820152265, 30.989114921732483 63.308249257837936, 30.994402283251347 63.30555936769456, 31.02337425184298 63.30431145161499, 31.088718720619056 63.282280550099294, 31.094715429757393 63.276711690235956, 31.10462899072418 63.272254264040306, 31.122552714320026 63.27122676960739, 31.12943014413662 63.26967809914381, 31.13454327805384 63.26623041194501, 31.13999439949641 63.26615680897828, 31.14974111420764 63.262687028161565, 31.1556565501572 63.25849224937603, 31.158489637028133 63.25595092025709, 31.1584315081439 63.25381082701094, 31.163660713655286 63.25025664881702, 31.16554283309642 63.24652728045889, 31.167932935311562 63.24501520017351, 31.18100620922106 63.24070911182947, 31.187927156701043 63.23626553743836, 31.21426328152472 63.230335196982786, 31.223066890307408 63.22511086853736, 31.24101925235674 63.21983591574756, 31.24406249317838 63.217781158717834, 31.244998740991495 63.21377555093002, 31.242535422805528 63.19466685854081, 31.24390108590694 63.19150976324195, 31.24699254307225 63.18939647212114, 31.24673996079817 63.187774108191654, 31.24958098741284 63.18232309436889, 31.255433596422264 63.180922042741976, 31.259004244957413 63.178839214619316, 31.259739874202378 63.141274845534305, 31.269435311887857 63.115368073926824, 31.276024341074525 63.10806515909023, 31.28119115964878 63.10522699224832, 31.282052648595236 63.10351734598623, 31.295303819592572 63.09764778186403, 31.297733465851792 63.09452845034225, 31.367211294083408 63.07161413842271, 31.370103172989825 63.06867766313929, 31.37631280594799 63.065082680876955, 31.379766574564126 63.064328943568256, 31.384528682919804 63.060633142419086, 31.386485333086945 63.05694500318762, 31.386060954856482 63.05421694433838, 31.39139366979576 63.05218333173104, 31.392195207976513 63.049600922060684, 31.401671807345878 63.047740025443815, 31.412119128448136 63.043550498256295, 31.427961980325755 63.04424410806384, 31.46669133595485 63.024879429516815, 31.467042642586062 63.024038713085176, 31.454528499672364 63.00819858105718, 31.454683245438645 63.00662472283553, 31.50589517562403 62.99684797646872, 31.56711089221477 62.92827315085426, 31.576819816174982 62.918822040723065, 31.584718820370426 62.9150265168388, 31.585318502220584 62.91285084357818, 31.590676035753017 62.90855538073829, 31.545436146621018 62.86810721258938, 31.46050056843179 62.79724737611345, 31.460426705908326 62.79605027195127, 31.47044584344266 62.78352285106574, 31.467017934478175 62.78254433751797, 31.442140089800887 62.78315855692928, 31.428640516018767 62.76337136589439, 31.384738587066845 62.690638136668575, 31.389177439717486 62.682331059655915, 31.389321773004365 62.675184771763114, 31.384361327768296 62.67338305755297, 31.38045418849166 62.66933729647965, 31.380239089278685 62.66236255948597, 31.381119747484156 62.66008529251075, 31.380206485355885 62.655363739174, 31.377236268429364 62.64968207308375, 31.36449840902772 62.64376074490259, 31.35346770211514 62.64197309961461, 31.35252790262419 62.639548646700895, 31.34814981995355 62.63860111713258, 31.25840032811366 62.53346409206201, 31.249201873586344 62.52621271327038, 31.249227065197726 62.52273460755372, 31.22553269420648 62.49820477463244, 31.18968512149872 62.49281194257418, 31.18998831806826 62.48709817079228, 31.177290774690594 62.4814659435059, 31.17657940400432 62.4801604451854, 31.1667476045855 62.45557086479909, 31.16618939672136 62.4455640907944, 31.149751752508358 62.443693377179585, 31.140487230979634 62.44100529515098, 31.080979824739618 62.406764987134345, 31.0741133558067 62.403963342215846, 30.950299304274495 62.33494106056303, 30.95041525615218 62.33379393827229, 30.957113647141007 62.330843195499476, 30.966134636801737 62.32788544273454, 30.958717843549437 62.31181246499207, 30.94447198385254 62.30429316990522, 30.929217376463594 62.3053670201682, 30.919054107169455 62.30753130419637, 30.90554741256056 62.308769665075026, 30.836781276436785 62.27449870870758, 30.814088221008266 62.26981204936432, 30.812164258267366 62.260356499009404, 30.792392046341853 62.25012642510127, 30.768659706460866 62.23453971067495, 30.746980923176956 62.225266414825775, 30.723071473372297 62.20790786893585, 30.68355904086153 62.209041340485264, 30.659464705997102 62.207424704091004, 30.64008661242925 62.19165252948388, 30.632884650561373 62.188886071971815, 30.632249866786836 62.187522349620025, 30.633598578425214 62.18337299419769, 30.637570628297745 62.1792791824589, 30.63954004159872 62.173302529787186, 30.606237252583465 62.141071101059495, 30.567564227413186 62.11796433234797, 30.48569421471249 62.06277075046269, 30.448844497882952 62.03730727357571, 30.450963953361864 62.03446066507911, 30.44791573149836 62.03233274990603, 30.444979288860864 62.031209431513076, 30.44051586411012 62.031513283146765, 30.427085687347578 62.02224135310126, 30.411992121401184 62.01575373458704, 30.38022818512336 61.99882242456029, 30.35534888059788 61.979532643041416, 30.35101691419793 61.977366655016915, 30.339967693964528 61.97217357417917, 30.329913516397525 61.971733439718875, 30.32721756599505 61.9697240518809, 30.3096161454707 61.96395561708593, 30.309287391848038 61.96245155758928, 30.316655462420123 61.944888766937666, 30.314337336158047 61.941510627694996, 30.30417040392854 61.934380840628315, 30.276357303457633 61.93228794821441, 30.245120565189467 61.910810909318755, 30.214981474439522 61.8921837364275, 30.198873212849957 61.890168794314796, 30.1998287775069 61.88174939536154, 30.15948573023064 61.857614564978526, 30.079850723766835 61.818869721993615, 30.074267878580013 61.81724635213168, 30.051081096887316 61.77302643747129, 30.042026764430084 61.765121286321296, 30.021341840307365 61.75411617137472, 29.949966407910956 61.72041256672973, 29.87138963836906 61.68131933672068, 29.867896541412332 61.67678947852476, 29.865575831560083 61.67561901804657, 29.865189441979403 61.67005161939656, 29.862501511671425 61.669208314379595, 29.84748491607231 61.66916967534758, 29.822562615516485 61.6549025931603, 29.821175603480896 61.65067751876313, 29.81727356141469 61.64589342932393, 29.817563549279186 61.642800884599055, 29.81358301950639 61.635142125557664, 29.806061526624287 61.63404775627696, 29.797418509222606 61.62656853941891, 29.792109023386665 61.62449271657648, 29.75841196361455 61.60275233564437, 29.753376364171658 61.59149372511449, 29.75188492347413 61.583137492176625, 29.74403169118321 61.57520406738523, 29.7140475348342 61.55946651573081, 29.69059275243727 61.55068861261554, 29.647337535865162 61.525935699758314, 29.64909708661683 61.5201805635881, 29.648562006146932 61.51947553938249, 29.61189952216181 61.50199716495878, 29.60946581996636 61.49934269142253, 29.604303405092647 61.499252547118736, 29.60120577996333 61.497110626599174, 29.59266840506129 61.4942919328081, 29.57951385464752 61.49453903680321, 29.558834440788925 61.490957754595684, 29.501091043103262 61.490460825275825, 29.506642353656275 61.46074590822871, 29.388204447384258 61.387028047281504, 29.338360354820228 61.354938579352996, 29.33648951569062 61.35279633299145, 29.332634268053372 61.35151016054118, 29.326372532244427 61.34716021588202, 29.325580751839457 61.34317032832269, 29.269176728021502 61.2911842481106, 29.246582290455233 61.27677150589964, 29.246519315145445 61.27539171383661, 29.249200540006413 61.27341132747659, 29.2480409635924 61.26997362058709, 29.241496110088043 61.26717998723398, 29.23507358862572 61.26694164866244, 29.23008804285695 61.26432198027365, 29.225203432753514 61.26354554167384, 29.223290129635334 61.26192219954242, 29.215553813131866 61.259795425181814, 29.213892900163756 61.25765070580688, 29.211320891022787 61.256591610349716, 29.202260512659386 61.255150819516416, 29.18171618147602 61.244396491696385, 29.180494483266127 61.2418288992627, 29.17792857107728 61.240332082710204, 29.173195548559473 61.24009840354162, 29.164227166975554 61.2355556388841, 29.02609606661205 61.188150440714764, 28.98939255198509 61.17338520378503, 28.959307076904587 61.150506114364944, 28.953187753770482 61.150262980188515, 28.945892350741445 61.14685818547538, 28.92742668599973 61.14452818252013, 28.91630376819754 61.14203908963425, 28.901899899620155 61.14312485414018, 28.886358807824145 61.14126359172456, 28.875236260257843 61.134481953886514, 28.822699107825123 61.12078365900639, 28.811705981396134 61.09621246026552, 28.807706535486073 61.09280511266609, 28.8030211176425 61.091454760460834, 28.717722478801367 61.044148011777914, 28.713878643649842 61.02666628594101, 28.68792944773741 60.978933628194184, 28.662061253707158 60.95141348179225, 28.658170707155254 60.94880099259153, 28.648158329298056 60.94679597265632, 28.614462889896068 60.95387387718455, 28.572449050214377 60.950297762510104, 28.537733675250422 60.95495831006662, 28.53066714035459 60.953379391224495, 28.524185475555342 60.95393086571449, 28.486893046561253 60.92867864500578, 28.487345384032658 60.92506190043161, 28.466821092417923 60.92175354017843, 28.403194600533613 60.88787268715074, 28.40382192070635 60.885511920989096, 28.400716435144762 60.88288526756745, 28.398012382487327 60.882129282823776, 28.39341692278108 60.88269451590476, 28.338270561177854 60.853162475498706, 28.333925441050255 60.852871896311505, 28.329103011460898 60.85477282894323, 28.325872891927094 60.85471992586217, 28.314949309485623 60.840480844784096, 28.259082977518823 60.80939322294447, 28.2236512113732 60.78210387817377, 28.176979289079974 60.777432400818626, 28.138852749206233 60.740293693178174, 28.09288877993464 60.72030075469309, 28.020913384820233 60.683066663768614, 28.021515189039558 60.681206542039014, 28.020637097776607 60.68026422581122, 28.000577722208234 60.66939960576136, 27.99603925025395 60.6693509627324, 27.993234160496726 60.66790925710494, 27.87636700648437 60.60402613972184, 27.851106202534215 60.581478301886534, 27.845032956294 60.57867519876574, 27.845243590642653 60.57700141658596, 27.84814394702653 60.575029314059215, 27.845546944814323 60.56950714892374, 27.8460468017352 60.565246051572835, 27.850790855586222 60.56158333073156, 27.849870798521597 60.56064728297579, 27.816355899153454 60.55328680989464, 27.798081800966422 60.54382276867521, 27.790124265280006 60.54436801720301, 27.787764276924285 60.54174688762784, 27.783846445147667 60.54129357867527, 27.77965849228446 60.542985562599355, 27.780665389483186 60.544148283217496, 27.780124663325616 60.54757433150724, 27.77051693193159 60.54709438397574, 27.769045217703077 60.54783235182099, 27.771052017495624 60.55042983429168, 27.76944981016711 60.55196888244537, 27.762404629297286 60.5518698355752, 27.75651330529704 60.55433547621629, 27.755472491298928 60.55715653345522, 27.75818503129591 60.55882485668051, 27.763376265096618 60.559290034256755, 27.763692526416538 60.56078779443798, 27.759199996993168 60.565429911929414, 27.75131119471763 60.567550655637326, 27.746141786209577 60.5722038608471, 27.74403719840017 60.57270975525018, 27.74155655493082 60.570157129154246, 27.729392925333606 60.567137094723854, 27.723997040456606 60.564356035607716, 27.7237384265966 60.5629821125255, 27.72612792174228 60.56053918521147, 27.73007160429902 60.56045878964411, 27.733970340347 60.557692918830504, 27.726574797360723 60.554206591552486, 27.726702779649724 60.54562535723247, 27.730243044839682 60.54338283736963, 27.72846678459649 60.542089440180796, 27.724148127713846 60.54172706416274, 27.72387981020597 60.54002103048124, 27.73046964082392 60.53600159839068, 27.736899055412245 60.534935435856724, 27.738528823700268 60.53279835235262, 27.74510376240012 60.52958084831062, 27.74669215831107 60.527457699072734, 27.752429297664925 60.52812688899431, 27.75661148424684 60.52627821236331, 27.754735746599597 60.52415595865932, 27.74938519444107 60.523634083818386, 27.749350135775384 60.521824335718925, 27.75127922083312 60.51996363570631, 27.748817829143185 60.51851432700549, 27.74478652811569 60.518448501340735, 27.73338537142466 60.52104171923834, 27.732953092275544 60.51949750842929, 27.737709808107525 60.517770262562074, 27.73913616956024 60.51525109712416, 27.73538503951689 60.51311818842872, 27.735765953564957 60.51095908895304, 27.750697237328986 60.51095830982068, 27.756628580856088 60.50965379324191, 27.756782941284037 60.5124013060729, 27.75858829436813 60.51368015260804, 27.76833565062953 60.515374288788244, 27.77290918293198 60.5149276285226, 27.777624249897393 60.51194468698829, 27.777948605978118 60.50895546220477, 27.776402047448606 60.50750483123105, 27.7769232413874 60.50567511795791, 27.77591289975258 60.50457157274059, 27.76967114303608 60.504042856678375, 27.763757485413983 60.5060385331917, 27.760991461295067 60.503770104453004, 27.750470627163505 60.50304827914956, 27.745690975908 60.49835358818402, 27.74648828090856 60.496032819866016, 27.75003858222259 60.49653735204665, 27.75700541787147 60.49523671004193, 27.76096994348564 60.49314131099437, 27.75856786901019 60.491619676868105, 27.755556236223192 60.491474298802245, 27.75248477867204 60.489347067008865, 27.745907435718657 60.489856170807904, 27.745235608268533 60.4882358003512, 27.746472363163672 60.486180595069314, 27.744070977791996 60.48438623868403, 27.744585240104833 60.48279533695869, 27.750168676440047 60.48298428897678, 27.752058971407955 60.48200883744463, 27.752630617765124 60.47975764358231, 27.76121269396757 60.477822865134385, 27.760896922951158 60.47616076699281, 27.758285072657294 60.47456099887121, 27.759644106058524 60.47223408032461, 27.757938705389314 60.47058383504941, 27.75358216175396 60.47036801955567, 27.74495548500632 60.47314565901607, 27.74283455501588 60.47877384245614, 27.737384208428267 60.48058916653627, 27.736700696903643 60.483185587514456, 27.733513327587108 60.48496701235722, 27.729600715491255 60.48378484341933, 27.724525502037835 60.48401387542666, 27.72167663748043 60.48576079220728, 27.722143681966827 60.48829968930746, 27.703226742341204 60.49344152565068, 27.69415254357647 60.49101140306064, 27.692479559187856 60.48642497007799, 27.688884143299486 60.48373327827011, 27.691301218772452 60.47868364921308, 27.68443034853618 60.476146277566365, 27.68762034529107 60.469518722015366, 27.686696226928305 60.46787303072872, 27.683812042932843 60.466430908326366, 27.67646101707327 60.466739464932544, 27.676141929042746 60.46803973776186, 27.677742080576255 60.46912844879199, 27.677596201309633 60.47209966953062, 27.670785863744257 60.47338964430378, 27.66713512619223 60.47703640110869, 27.669043380108704 60.47899509815495, 27.67556455797456 60.4792208826592, 27.677524692722677 60.48330402837386, 27.667507453275697 60.485514131923935, 27.662776588397477 60.48787797403012, 27.657468459800814 60.48663236356351, 27.651640950678477 60.48845865281176, 27.650864642940412 60.486458541545595, 27.656219814698762 60.48240378019734, 27.654080489409253 60.47985097042197, 27.658454378400943 60.47801076821887, 27.659996011070685 60.476662092976504, 27.659869084373202 60.47539224224637, 27.65180973167868 60.4726714005162, 27.651832002919694 60.470822587896535, 27.650145386405 60.46984385248933, 27.642539487046328 60.47030948653867, 27.6421112373633 60.46680346153093, 27.636807849387843 60.46495736275283, 27.634767361198747 60.46233405323069, 27.63085559966256 60.46204281307167, 27.628391952168574 60.46296526731989, 27.628611340928355 60.464115519261306, 27.631583325668434 60.46544817359248, 27.630509950721045 60.46835282376969, 27.63227446540392 60.47103597062781, 27.63148754123733 60.47365769260979, 27.625495606856 60.47487078347698, 27.624405803872314 60.474397242860874, 27.624883412993757 60.47199345015931, 27.622379223562902 60.4701739238176, 27.623643649597305 60.46788136156453, 27.622443272915795 60.466833922564575, 27.617808945473573 60.466212214917846, 27.59781772834162 60.468624471415104, 27.594495612575788 60.464888292325845, 27.58982548997153 60.46429551953989, 27.585795927672553 60.4655575949933, 27.584429086753833 60.46740674206906, 27.580305408694674 60.467434720432145, 27.572788918693373 60.46955718528754, 27.57202311414524 60.470847224835694, 27.57409925221789 60.472755337982086, 27.573925387229544 60.47409597217771, 27.562366235834617 60.48132088722056, 27.561047769688315 60.4866448594387, 27.555583329083877 60.48844296522133, 27.550021582664552 60.489332471437486, 27.547737901107766 60.48750883329837, 27.548000599962954 60.48614144456441, 27.555886285913587 60.48134405200025, 27.555217265914738 60.476180401802175, 27.55123624781148 60.472656788219425, 27.547633708163087 60.47237577941253, 27.540009691795035 60.474201677372534, 27.536685565479324 60.477515414156606, 27.531122729410924 60.47931357376894, 27.529066525980397 60.48577533525608, 27.522999113688307 60.48634735575249, 27.5199328469376 60.48824415300807, 27.51143387539357 60.4899726905356, 27.507670688547726 60.48838049193597, 27.500066264055526 60.48957963504132, 27.498821932531996 60.49078005995204, 27.50042856369442 60.4920709283406, 27.49995749840525 60.49367824665913, 27.49466987423453 60.492127093420734, 27.485889681673463 60.49362859348339, 27.482328912453056 60.49237831804208, 27.4664422743709 60.492768475599235, 27.465038267274828 60.490963084598306, 27.462138627737254 60.48988440203395, 27.46186598888665 60.48762872612888, 27.467427700780913 60.48509353126243, 27.469741502749294 60.481410450701745, 27.48511976986781 60.480130545287444, 27.487482532627947 60.478275925939656, 27.48642160605821 60.47556018230875, 27.498634992354845 60.464452388136856, 27.504323285289445 60.46536948537237, 27.507969731897052 60.46390229471169, 27.507274786888235 60.462433531867596, 27.504208171806617 60.461628436761735, 27.4994258954609 60.46232112497785, 27.497740347898677 60.463630522478795, 27.495815776134265 60.46308228519555, 27.493061612502853 60.45777003157451, 27.49583855811699 60.45599955733053, 27.496250509541785 60.452612613051414, 27.501458813008938 60.45495190284871, 27.50325168000356 60.45725961370294, 27.507348415147572 60.45770454889771, 27.514676910634037 60.45481551569868, 27.513763094558524 60.45219325596827, 27.51022619562095 60.450366459530315, 27.50124964995031 60.45070196893926, 27.499561629566738 60.447835515767956, 27.497145725857084 60.44651036083924, 27.492530959333948 60.446125720588746, 27.487614499058093 60.4471423684217, 27.48340418894671 60.450861235869915, 27.48757775891301 60.452672491980344, 27.48687215694718 60.45604920092501, 27.488215144479923 60.45688304680901, 27.488389515000293 60.45857453130023, 27.48329119665892 60.45970777996336, 27.474501066432094 60.45948684257982, 27.47287067837657 60.456966068346865, 27.469552521108298 60.456132839378256, 27.463744393955448 60.45749254355007, 27.45796333388684 60.462545037137716, 27.45811456664659 60.46527508146713, 27.456822901967854 60.4675934540918, 27.449950566706672 60.471495461305665, 27.44719757843122 60.469945969109105, 27.436856958541693 60.469030533763636, 27.43814098160875 60.465819172112795, 27.4343853651254 60.46419069876648, 27.42511000119792 60.463949555195434, 27.420847208170777 60.46671911777126, 27.412761692088214 60.46573013540152, 27.415338407732282 60.46131951331431, 27.41974709355208 60.460759402047856, 27.42272154928633 60.45841829231716, 27.423521025606018 60.45457392415033, 27.42156487840785 60.45183768842209, 27.423883009955226 60.45054245432645, 27.423064325309348 60.44826090102989, 27.424858456747575 60.446519078415115, 27.42347471874731 60.44542706750034, 27.416742128071373 60.445532511754415, 27.413909206410885 60.44697695261166, 27.411483031674788 60.44620965285531, 27.40399717629589 60.44695665396772, 27.40084145660143 60.44570005006987, 27.400385728808686 60.44389978775943, 27.39882332078318 60.443011901838574, 27.393636516227676 60.442947324958595, 27.390931678863065 60.44434138788673, 27.391106131908742 60.44730220884508, 27.381420867456615 60.44670313185902, 27.378822589558656 60.44794275143263, 27.378282022495853 60.44965410398055, 27.370290086756743 60.451632136195954, 27.362166669557926 60.456039066483854, 27.35975449440119 60.455571971447895, 27.358383327435117 60.45399645786692, 27.362024038317486 60.44876842193135, 27.362033542987742 60.44729903853643, 27.357639917087205 60.44441619580267, 27.35675485995625 60.4422645205203, 27.352192306774366 60.441547506654466, 27.346012807922857 60.44425364130493, 27.34093284563742 60.444735335415515, 27.338340389491503 60.44676501319372, 27.341726182304974 60.4495448611876, 27.338515930940183 60.45150737811839, 27.33943889587677 60.45447657232912, 27.337568181605548 60.456173084911406, 27.34122224453379 60.45784170296272, 27.341190612650294 60.45976453296257, 27.33680482349717 60.46079786283298, 27.335914992024968 60.462976825354936, 27.332287620924397 60.46471173245041, 27.326525856615188 60.46387755462601, 27.320728013539632 60.46637449723904, 27.32074242089091 60.46724192450923, 27.324418785040677 60.46903882294505, 27.325386760648016 60.4732892198784, 27.312599421182732 60.47520074432249, 27.310022607697963 60.476456412095985, 27.3130898473847 60.47853866697685, 27.31178254657276 60.48119643235641, 27.314778979413923 60.48237464133248, 27.315317048040406 60.48422510149853, 27.311698469245254 60.48583423919552, 27.304016601677237 60.48537586045017, 27.300751753544507 60.486510537326474, 27.2990205474536 60.489549566910384, 27.300602276644998 60.49117921947581, 27.299279463638005 60.494473048061586, 27.300801404781986 60.49603219183058, 27.307534087078878 60.4973097883635, 27.307592606008516 60.49910265579428, 27.308625884652763 60.499849036699, 27.313695880393418 60.50027788207228, 27.313468808935333 60.50278393580008, 27.315091803386874 60.50381786647429, 27.314845048816405 60.505180760459645, 27.3055144296802 60.506621925639, 27.305597280510106 60.51042230641768, 27.30177518161474 60.51130759732956, 27.293972803751057 60.51628359597667, 27.289375682002685 60.515058403489746, 27.28888100060913 60.511907203244725, 27.284754035668215 60.51066013874036, 27.283175551909956 60.50874197162056, 27.28382955036683 60.50695405585529, 27.291061947458413 60.506071266039434, 27.291371063079612 60.504374765602535, 27.287997516649714 60.5032957125414, 27.279200212754755 60.50383977800413, 27.27613253615651 60.505710819160626, 27.2677970474751 60.50729557385281, 27.265489044701763 60.50907468479311, 27.263876124675967 60.51238366137143, 27.26025330330187 60.513870941631374, 27.261837115915537 60.518002386970274, 27.253629727265967 60.519817752817154, 27.25139700702829 60.52415321383801, 27.246363544327085 60.52445789895598, 27.2426191792893 60.522628718850875, 27.23729176575062 60.52362619069858, 27.234387430410358 60.522728427931014, 27.233063201578023 60.52090003359522, 27.232736032075064 60.516985949798915, 27.23741804627141 60.514120294991336, 27.234924533302994 60.512698146122474, 27.23264456978189 60.508207704626734, 27.225770037522192 60.50595504578822, 27.219729950669958 60.50592884030509, 27.220816982490607 60.50313324813002, 27.23118297079386 60.50337212770995, 27.236756241381997 60.502341431212514, 27.23798539159162 60.50089622071492, 27.235445933347968 60.4997872610899, 27.229072262942214 60.49972573015257, 27.225798793855517 60.49829264251326, 27.221853111925164 60.49850594344844, 27.21794959967641 60.500145437051394, 27.216678193247876 60.502462926021785, 27.213048244190805 60.502837455447136, 27.21163934982014 60.503920458398575, 27.21268275053213 60.505942558349936, 27.212132178141438 60.50770156562902, 27.21349328634553 60.50933946592061, 27.21310760468194 60.511926991391235, 27.214763414834138 60.513166762408794, 27.214554676640915 60.514470626425116, 27.206122265156374 60.516462847301554, 27.199628587973155 60.51395873468655, 27.193399414488738 60.515299247053335, 27.193772481395126 60.52097499324527, 27.192433396295804 60.52290546702012, 27.19278578811072 60.52468375522943, 27.196764046943805 60.52799191036319, 27.1958574204097 60.53029431254135, 27.198566224578983 60.53154092672554, 27.19900616361688 60.53437574910595, 27.190503439876924 60.53769404627343, 27.189924067998994 60.53993917653209, 27.185685678554943 60.540808602172795, 27.186752098235196 60.54365259237939, 27.183707005963473 60.545051712220996, 27.183395927573272 60.54734129819205, 27.179616608906016 60.548222319894414, 27.179403829166898 60.545857386282336, 27.18086244380653 60.54249969385927, 27.179346294319853 60.541381076596295, 27.1793653179273 60.539393846389494, 27.177705210927808 60.53710970267346, 27.18049453562259 60.531479527356595, 27.185097988131766 60.530088208753725, 27.186553711979762 60.52780850768875, 27.179505248957078 60.525006776593045, 27.177129505731884 60.522560404767674, 27.17879402343343 60.51984237527036, 27.176132320434785 60.51870766855387, 27.170357223624215 60.51964522246648, 27.162603914360762 60.51590990359711, 27.158716525981454 60.51562535389203, 27.150992190880075 60.51651466603108, 27.149431818820553 60.51735121002912, 27.148564426579576 60.51950434271209, 27.14648205420363 60.5201785294738, 27.143230227731287 60.520605356561305, 27.136615639288138 60.51904649242402, 27.129878485693546 60.520666052808494, 27.126869451292865 60.52260084732185, 27.120501245336236 60.52209665532083, 27.1181820358441 60.52336962727054, 27.12125260247617 60.52536445044755, 27.120341707526098 60.52891663230822, 27.11792089243621 60.53108981542714, 27.1142386992944 60.531926571954635, 27.11264743936555 60.534374003048946, 27.10939095231138 60.53508193603033, 27.1073121299691 60.5367083496619, 27.10492116280648 60.53491098074796, 27.10079956037647 60.53435988546512, 27.098192977803706 60.530858586904735, 27.093956685664676 60.53000659306402, 27.094187687976742 60.52823047680896, 27.098619460728074 60.52627196719645, 27.095336227573053 60.52469480434885, 27.094020053877742 60.5218885014479, 27.086270236166726 60.52088035834508, 27.086414626430095 60.51947924410637, 27.08954129398209 60.51782413283383, 27.089352519447942 60.51703991119407, 27.08493843809961 60.51545352691961, 27.077780942903548 60.51511565720751, 27.076062325995 60.51298717114549, 27.07220635001037 60.511894422032114, 27.071066032147325 60.508073560901096, 27.075410205855512 60.506266217908134, 27.075718805890034 60.504399066738095, 27.071249622559773 60.50398497988471, 27.069749339901342 60.502826992359, 27.06061853103701 60.502877520964766, 27.05950497782738 60.5039069167473, 27.059835096026077 60.50669289966829, 27.054136535905915 60.50862774249691, 27.05251438988682 60.511910203511256, 27.04928467531483 60.51364823562968, 27.050376121523485 60.51549204866664, 27.054072972632067 60.5166719478028, 27.053523758333526 60.52046238018367, 27.06722390942412 60.52255739248012, 27.066693164412843 60.52418401014616, 27.062949967800606 60.52520858303506, 27.04983012046882 60.52410662677201, 27.048393962566184 60.52086318624013, 27.050158168065042 60.51917362686755, 27.04649224155547 60.51748992951707, 27.045064191673777 60.51557098056659, 27.04565651355028 60.51289979108662, 27.04428178025894 60.51191950405831, 27.03827165620418 60.512076706315845, 27.03404305778837 60.517208523334595, 27.032898040472176 60.51723031496105, 27.029079974067812 60.51475055933087, 27.030568191062507 60.51187643524969, 27.029472786959793 60.510932753450994, 27.019839730175566 60.51028292203688, 27.019843044258536 60.508549677120456, 27.024646885841765 60.505903162271004, 27.025922307493772 60.501976595011364, 27.02762447049433 60.502777912396944, 27.028663941471777 60.50524021032416, 27.03352592206224 60.50628324303932, 27.036879573281613 60.50509764390727, 27.037363583217914 60.50245084140264, 27.032944365786292 60.49928957056338, 27.028984666178843 60.49935010689684, 27.025543015246285 60.500793362364654, 27.024277815422202 60.49823162805731, 27.0281608604509 60.49644382438802, 27.028520065151056 60.49446837815776, 27.02244179102438 60.4918732113002, 27.017204385801996 60.49225454698663, 27.010529196198096 60.49690841311043, 27.011340084770723 60.498543706043286, 27.010553683563547 60.50180284108313, 27.00587131348638 60.50131441910255, 27.004865920963205 60.49954521722494, 27.00267185773818 60.49879870510977, 26.996137158586937 60.50013593261291, 26.99665396807051 60.50153244394178, 27.001679305975575 60.50214551194716, 27.002551322913998 60.504288418671784, 27.00459983560511 60.505332145610595, 27.004761302281086 60.506599503714206, 27.00236861088918 60.50894433507507, 26.996416621625382 60.50823026840125, 26.993234827850287 60.50636824319, 26.987072409692168 60.506199877999435, 26.987278786012986 60.5037628561405, 26.993060565238146 60.499158697206376, 26.99288582122939 60.497138143739605, 26.994167022892885 60.4958415645061, 26.989914584367057 60.49360476548967, 26.9901513981884 60.490351001394956, 26.986225225435348 60.48895545129042, 26.98639632216787 60.48693920748298, 26.988003545477575 60.48506432933456, 26.97968646490939 60.48187158801078, 26.979274696592228 60.47801882375116, 26.98139071524323 60.475111782212444, 26.984672683408455 60.473866128285586, 26.988863893896077 60.475456771302156, 26.99427344501686 60.474919044679496, 26.995359333750613 60.47414967276705, 26.995008337825517 60.47152281891494, 27.001199359836214 60.46886154038567, 27.004247084046817 60.46590685088877, 27.00961188622908 60.465913268242595, 27.013781713008232 60.46344120187935, 27.014732860256927 60.46236139883848, 27.01245678961304 60.46115882727651, 27.01157270564888 60.45515861058392, 27.015609043274708 60.45447924170752, 27.018380364001178 60.4555448795478, 27.024629369006885 60.45573341480908, 27.026595799406508 60.456834974261874, 27.026982365371712 60.45872211754234, 27.023917534749646 60.46150733663354, 27.024448402893313 60.46384227822859, 27.027972167896376 60.46495310720967, 27.031973090984838 60.46441019568889, 27.03363924386232 60.46344557355639, 27.03603903678754 60.45842422526084, 27.041398810588763 60.45448620154922, 27.04149836599242 60.451159813919, 27.037050971162643 60.44896715856227, 27.03686614992463 60.44666304673066, 27.04179226099273 60.445530663910034, 27.042918243096462 60.44761146192804, 27.047257335930578 60.44950603658305, 27.052723371474805 60.449260676877145, 27.054449303021098 60.446418663352645, 27.062133474993292 60.444471925844006, 27.063720338532146 60.44211736823487, 27.06853692757863 60.439955767764395, 27.07016313889197 60.43789600508986, 27.06997487860982 60.4361679670188, 27.071974997138625 60.43439158970141, 27.078278323596546 60.43447441204882, 27.081774494066526 60.436777896148776, 27.086479241216683 60.43803751266439, 27.093094787695932 60.4377148002639, 27.09610904444377 60.436194605419196, 27.09444624839279 60.431614472301554, 27.09485719450009 60.429962302771415, 27.09387415631893 60.42935582969829, 27.085372269014634 60.4273789289087, 27.080409856861774 60.42390960174196, 27.072322218375014 60.4232903953805, 27.07286454051288 60.42153602953367, 27.080033684637076 60.41911261984397, 27.083010715873744 60.41484993252132, 27.084493806011544 60.411618076740126, 27.083028475193515 60.40722324337079, 27.076259295528754 60.40681688168235, 27.072018379057905 60.40875725853019, 27.069674994296825 60.41130249608935, 27.065032932954942 60.40967441011457, 27.065604492375257 60.408256218740824, 27.072131050801787 60.40514176135765, 27.06941661095319 60.40291828409055, 27.069394580984852 60.401773415335626, 27.074532286150898 60.39778894105469, 27.074396581529577 60.396346374986045, 27.072324684342554 60.39491109588835, 27.07300358416125 60.38997240868162, 27.080122455914275 60.38852464695358, 27.07875272779667 60.387073935325354, 27.07565162745096 60.38671286236126, 27.07077121882263 60.388366593322, 27.069384811814718 60.38451176004504, 27.07693809366935 60.383422352172886, 27.084405720921133 60.379446583292065, 27.080106294888385 60.37716345730954, 27.080103311244006 60.37707917274353, 27.083813843195163 60.374757514930884, 27.083568941782005 60.37412254213099, 27.079148861281748 60.372091977415096, 27.073716520307812 60.37142362600521, 27.073997944980196 60.36730710545257, 27.06915728270491 60.366465048811285, 27.06165136377859 60.369213792710724, 27.05984280536902 60.37098663329052, 27.05370608062268 60.37029079678259, 27.0437005754765 60.37388945216512, 27.037199179823247 60.37337431857843, 27.0319777805034 60.37553882930987, 27.029861131546955 60.3820268772005, 27.02244038494858 60.38753015550747, 27.01578467814138 60.39421996343023, 27.01418507701526 60.40138404898031, 27.008902012338986 60.407246732739345, 27.01002461353044 60.40863481516805, 27.018057607711476 60.41057205714786, 27.017974306968757 60.41236032374072, 27.015534298252458 60.41383406522318, 27.004006214676295 60.41329485966963, 26.9988079757087 60.41537665970406, 26.997372332961643 60.41318791903437, 26.998724576516505 60.41083239630515, 27.00535291227624 60.40894774838575, 27.005384924788054 60.40711882298083, 27.00295620713929 60.406206103401644, 26.997112291362964 60.40632387980824, 26.99526690624751 60.40507675717749, 26.98620161133338 60.40337712362442, 26.981160065677358 60.404753652891124, 26.980508639917375 60.40565204501261, 26.98111915537944 60.40772477000895, 26.975208256678265 60.412027640377644, 26.977995224624014 60.41507981347356, 26.977504569953464 60.41710635928512, 26.978930117950497 60.42046257516501, 26.974060944335882 60.42412002530784, 26.97351436144254 60.42672050392227, 26.979252527694484 60.428353112216136, 26.9802432300249 60.42970357515346, 26.97934397945508 60.430904802198434, 26.97980498843609 60.43219724862116, 26.985225900193544 60.432910072727694, 26.98841351982161 60.43682191121732, 26.99304070948736 60.437915540580285, 26.995106839240993 60.44246564139564, 26.992902508646516 60.44465321420337, 26.996685971696454 60.44608394367127, 26.995414951099296 60.44848436577268, 26.99677880953146 60.45092951024448, 27.003567748163434 60.45201328689058, 27.00308243774141 60.455843085589954, 26.998081090334253 60.45619224634175, 26.993151715372647 60.45496729814364, 26.989745537155713 60.4560409383448, 26.99047064428789 60.45770325263363, 26.995245414708602 60.45900287370771, 26.995677977215568 60.46057932042448, 26.994804321937018 60.46177593658237, 26.9957694686362 60.46408128987279, 26.99420592600966 60.46486700737855, 26.984269256420053 60.46115162807632, 26.981401220656878 60.45878071764768, 26.97605149382562 60.458537191160666, 26.97330202019342 60.459461539028936, 26.971371239042288 60.46315024158587, 26.972679518502503 60.46522734992978, 26.97242378594968 60.469736040326936, 26.969624994310138 60.47421439147443, 26.96278253998862 60.47723395434951, 26.96175435448732 60.48066578318662, 26.963107719914305 60.48203278571945, 26.96226439545643 60.48494601311441, 26.953184984360387 60.484542444726806, 26.954150242589634 60.48129706805159, 26.94988702443845 60.478785995166504, 26.950870005668982 60.47594220498672, 26.965665036463943 60.4732380237316, 26.967871064623644 60.4709583681165, 26.96773008412753 60.4679292003832, 26.965083064746786 60.464248153897216, 26.965317294582736 60.46325101063085, 26.96900982405406 60.46175296521752, 26.970415109879504 60.45776885831037, 26.96744484393325 60.455541637681556, 26.962306934653366 60.45606490599433, 26.961708939945176 60.45460193415988, 26.962468809420503 60.453488481226366, 26.960947746007097 60.45233669097932, 26.954703382614642 60.45260258067318, 26.950656857635128 60.45005716284497, 26.95075384475138 60.44810656852914, 26.95865907272606 60.4467338842855, 26.959147952065326 60.44588507999702, 26.958014175397395 60.44458310385458, 26.951411999453804 60.44362039987882, 26.946841908904368 60.44595719070882, 26.941128374131832 60.44446089875901, 26.933894553948384 60.44616160337224, 26.92450337544533 60.45160200726418, 26.925184223080116 60.45426337765769, 26.921722336595824 60.4558645526177, 26.91898615368079 60.454345401026984, 26.91353798864488 60.45355186516151, 26.912882775860542 60.45006148897046, 26.92271298598339 60.445941522577655, 26.922538278341392 60.44271148356774, 26.921125414926127 60.4413650538651, 26.92209072397491 60.439446935493514, 26.931096286754162 60.43608237194827, 26.931483443678474 60.4352379430146, 26.92961444035883 60.433262179807656, 26.93230737172651 60.43167136492401, 26.93185420893333 60.428811216841574, 26.92703389346551 60.427314660412904, 26.92896256918533 60.42415107035759, 26.91905915188771 60.41922902435886, 26.917883066679995 60.41714430219856, 26.914839310514786 60.415850654898705, 26.905860691215295 60.415542323646555, 26.8990921525044 60.418705426344694, 26.89337736520898 60.418123984779655, 26.889307389909714 60.41990238962699, 26.888560658367 60.41772307186856, 26.885910911617874 60.41516505372229, 26.881112174198016 60.41400620189534, 26.879339000650607 60.411555297739866, 26.87419166670354 60.41104555642325, 26.86712014626559 60.41355492085398, 26.867764030496804 60.41946012812361, 26.86300614504837 60.42180417448969, 26.86476377582877 60.42387389174036, 26.86449896022589 60.42496885586224, 26.861025645974816 60.42551204083143, 26.855375417283554 60.42832731756805, 26.853085430418425 60.42792331067049, 26.85188317307564 60.42124696835217, 26.847631306511197 60.42046443539472, 26.844644297434208 60.42126154471227, 26.842698663171095 60.42345402861264, 26.844262931822495 60.42499107177957, 26.844090140124944 60.4262626802347, 26.84194670735293 60.427322239623884, 26.84120114926858 60.429242019686264, 26.837571853832337 60.43098819286661, 26.83917334128865 60.43230581041034, 26.839324006020846 60.4349662770929, 26.844786236685884 60.437243906478145, 26.844942492203323 60.440128899849775, 26.8433627397417 60.44245002124354, 26.838726039308305 60.44528473090565, 26.838174629919088 60.446692026344174, 26.839546451357307 60.449490636610676, 26.836604981835496 60.450939718482594, 26.834437397813538 60.45077428006168, 26.832080587803112 60.448329100971954, 26.82866656695844 60.44804264941077, 26.822192135742213 60.449867658485054, 26.82125637797472 60.45161215478098, 26.826577803989547 60.45273276974597, 26.827929963821312 60.45705808588445, 26.82311017391401 60.45874110710751, 26.82249260295872 60.460448932668136, 26.820153139127665 60.461177984507394, 26.817542637477274 60.46118472604012, 26.811183011072607 60.45801617951902, 26.801788323013618 60.456091787827646, 26.80006560072596 60.454565475786154, 26.79661940279209 60.45370390449926, 26.782501274914207 60.45462416291976, 26.778861811328277 60.45578549964368, 26.76631757870596 60.45437614641515, 26.76373252718501 60.455008708590896, 26.761620001482346 60.457047537409025, 26.758744241647527 60.454579883754896, 26.754055034287227 60.45340767178099, 26.753729243220217 60.45184417601741, 26.75938209313134 60.4492843878422, 26.759409266756712 60.44714662655056, 26.76192893256945 60.44520115124941, 26.761743437116902 60.437439946188114, 26.766236661303914 60.435860829693354, 26.75890927691494 60.43064357077904, 26.758918027202434 60.43055866302035, 26.76453669861639 60.42809212941748, 26.76372833545017 60.42593638153576, 26.765650344400008 60.42346236280896, 26.764285522277284 60.42088254258004, 26.766787153690746 60.41978582271717, 26.767355794735835 60.41787047384867, 26.769877388008123 60.417065128558555, 26.774416654667696 60.41675086965596, 26.776236522072324 60.41875732636733, 26.782509336270465 60.42078990379202, 26.786624436564438 60.420249254164425, 26.789443051237733 60.418437516183914, 26.78680366774102 60.41618798327928, 26.78806128743168 60.413742162034566, 26.78643377410973 60.41241267358431, 26.780039022414943 60.41195954672398, 26.7750414009125 60.414046649949995, 26.772907866448815 60.411925013795276, 26.772986258457827 60.41031942470682, 26.776571657768677 60.40909819225946, 26.776721552977452 60.4068368271766, 26.779168390572853 60.405098731953714, 26.777158432631495 60.40376236962474, 26.770768786227475 60.40307257324752, 26.77102814754218 60.4002630645577, 26.7722406301953 60.39900616100197, 26.771345283249378 60.397974505156284, 26.766045810348366 60.39775464853953, 26.758638227449715 60.40251989316658, 26.75991745906807 60.40409312814731, 26.765245985323332 60.404721107077805, 26.764505175611063 60.406887883429974, 26.765091326043382 60.40859939755659, 26.768435572589066 60.4105211994887, 26.76612573544702 60.41293475762271, 26.756047965707783 60.412958312866955, 26.750950099098993 60.415365321342016, 26.74207217525948 60.415394412533956, 26.737058300854514 60.41322081439556, 26.74033947097027 60.40960229425732, 26.73725745842805 60.405745844008734, 26.730853095206044 60.40537444940735, 26.722444462699972 60.40862347853142, 26.722344290101827 60.4111828030322, 26.718988285425812 60.41301754089795, 26.71881448923799 60.41418677353265, 26.722934621011643 60.4169292643768, 26.72476256292895 60.41997923501904, 26.724446475217565 60.42285444799822, 26.725666901348575 60.42512244214457, 26.7244808539313 60.4280601115419, 26.726177872933203 60.42915209198581, 26.731396015903144 60.429512051360824, 26.734585370046975 60.43173885701568, 26.733507735720963 60.433137915666514, 26.730251285128418 60.431956963150895, 26.72428871334955 60.43279657560969, 26.7243137843159 60.4343727443195, 26.729273454709244 60.43660804430533, 26.726463442877623 60.440861118235745, 26.729868821887873 60.4422931703691, 26.73581761251913 60.4423735636482, 26.741376628221033 60.440027914991816, 26.742380806621437 60.43811354175277, 26.750267621281967 60.43600611463087, 26.7522006773778 60.434523126960784, 26.75460130644839 60.435744413422924, 26.753219297719873 60.43812054376054, 26.74699372539837 60.44014536631075, 26.74412184624039 60.442303932575626, 26.743513817155968 60.444410637954164, 26.744826746053587 60.44529756482092, 26.744987138079505 60.44836171745507, 26.744205796816114 60.44907761107483, 26.72507621640726 60.44994733619972, 26.72373240251325 60.44873552615528, 26.721651494801893 60.44066377221, 26.724790181874347 60.4383534810329, 26.721975275471866 60.43720962527339, 26.718611593732064 60.437464730080336, 26.715106270288942 60.43546515427665, 26.71468333797578 60.431706098809535, 26.708907973426236 60.42958987475904, 26.70834237515381 60.4274121373055, 26.7115890144345 60.42536994804047, 26.708417483008454 60.42349406685454, 26.70215619076815 60.42339196309331, 26.701489026982866 60.42442691601367, 26.703446051320206 60.42567880747209, 26.703359663126907 60.427167710373546, 26.698465872848747 60.42934952297352, 26.6916802707544 60.43001477055802, 26.689116830412964 60.43223082696953, 26.68478970958562 60.43295449993479, 26.6837311428621 60.4313597466287, 26.68478746862974 60.4301334022517, 26.682562597106063 60.42873521359754, 26.683882186542746 60.42617472291672, 26.68271924849766 60.4249763240981, 26.678601366839555 60.423867634994004, 26.668879933980815 60.4246014727195, 26.66340549859948 60.423400410362184, 26.663828678381332 60.42123520239196, 26.662554007583104 60.419062429559915, 26.66388674257175 60.417778840702425, 26.66392217022856 60.415815157404424, 26.6823766558816 60.410781237109866, 26.683669191851394 60.40984702878431, 26.683820242290846 60.40767997146763, 26.686887704802956 60.40586172580649, 26.691766460859586 60.4052549137689, 26.698078631289924 60.40010565739889, 26.701697350005414 60.399448988361506, 26.705153561536047 60.39719493558857, 26.70581166374309 60.39588186728489, 26.704062101661375 60.394477678705094, 26.703835846192707 60.390588949273365, 26.6981454805512 60.386933113336234, 26.69320429625007 60.38670594161379, 26.689797319286516 60.38782034876896, 26.69038588441211 60.39550549731422, 26.68421563011396 60.39537527876381, 26.679119193603636 60.39688828447678, 26.676682264133156 60.39885188980842, 26.67146029298124 60.400048401755924, 26.664659828560794 60.4041092631496, 26.664192871197567 60.405099426653614, 26.666479573730427 60.40631492555804, 26.666887683034158 60.40782398329056, 26.66135177292788 60.411241894886714, 26.65992050583665 60.414617705192484, 26.64981014906254 60.41503601463393, 26.64181257580536 60.411876307839215, 26.63145771120764 60.412706636302794, 26.62566286431748 60.410956416785226, 26.614798717560106 60.410713507231044, 26.613863619086764 60.40880755280181, 26.61119528626231 60.408129636040385, 26.608099185124733 60.40856765722385, 26.604714973003954 60.41093759481003, 26.6013868009176 60.407067440527015, 26.593188478104764 60.40513143432382, 26.58807322134795 60.40608355402557, 26.58637160125164 60.40388182745957, 26.581883825191184 60.403353215386495, 26.572302287551192 60.399460180695364, 26.568514406530998 60.399879689556435, 26.566810229214386 60.40254639693738, 26.564996601021075 60.40285742752556, 26.56051673821723 60.39977016495864, 26.552368881025846 60.399432829112186, 26.549817423888314 60.39606589435063, 26.556198907513384 60.38793731063088, 26.55456977824409 60.38494113169991, 26.558391020621855 60.382575924531665, 26.55910097858191 60.38045804287198, 26.563194231601305 60.37879202994441, 26.563638561904842 60.37781845692135, 26.56047576964107 60.37645967825781, 26.55649788726412 60.376758986517515, 26.550970121789668 60.37384366524106, 26.54284545029829 60.37312580726229, 26.537730682875477 60.37424466491907, 26.532657668832126 60.377833811585205, 26.532200972763583 60.37970894759334, 26.534075848935245 60.38267902635525, 26.530410177621892 60.38357164810845, 26.526932748387903 60.38613580123814, 26.519287996782243 60.38463148164706, 26.510963551317783 60.38699686077421, 26.511329207378928 60.38872046304073, 26.51538377094965 60.38979605602602, 26.515784908623083 60.39118244352865, 26.51343429932796 60.392829749354064, 26.513404011064612 60.394488473680674, 26.508438750282828 60.396314744671976, 26.50556603323378 60.398926869795766, 26.507099974601513 60.40242365671318, 26.499885668383815 60.406021778818314, 26.50236905559589 60.408803595299375, 26.499953503208623 60.410359327658036, 26.499963291732723 60.41176837073271, 26.503604199647516 60.41314255307841, 26.50336116997466 60.41682571053142, 26.501071396877638 60.41867902150413, 26.502190962740453 60.420345012643345, 26.50152814050323 60.4218500203716, 26.50360582554762 60.423215883753116, 26.509355758796673 60.42305910726062, 26.51592061170901 60.420737468484965, 26.517220678622383 60.418439372707844, 26.530636723086445 60.414209123443065, 26.537304627656088 60.41465095361008, 26.539187450059636 60.41187308043457, 26.54465402883433 60.409830382842266, 26.547791590295823 60.40978223401005, 26.548395746420372 60.411389177638284, 26.546563972250222 60.41340862763966, 26.55095085045563 60.414935962378976, 26.551093160062432 60.416539663504544, 26.54765537595299 60.418074772301864, 26.54992076299294 60.42090129508478, 26.547612933688285 60.42207827713938, 26.54782294626936 60.42404677123278, 26.545405422699428 60.42607068188552, 26.553218349724165 60.42966671370401, 26.55368191616518 60.43136526144639, 26.55134809384157 60.433501709267425, 26.547829863416684 60.4342865195587, 26.547220009712632 60.43600567483077, 26.543306170637962 60.43730768616506, 26.5432873588608 60.43936821951793, 26.533752291589963 60.4453777931326, 26.52913592236385 60.44349904560691, 26.529904929850197 60.44105242206634, 26.52888381455905 60.44002137504624, 26.529232652339648 60.43717268328786, 26.52377597096846 60.43425092291664, 26.519041071958974 60.43425692221574, 26.51766043096788 60.435157750062096, 26.517344576413986 60.43706520343187, 26.513174636200034 60.43696286286234, 26.510188893855094 60.438208593132295, 26.505590344805643 60.43561688716273, 26.500177122840434 60.43512607020903, 26.49744325973418 60.43590298892624, 26.49713809430408 60.43738420027985, 26.506015794052534 60.441655783821325, 26.50626538299953 60.443461597855894, 26.500844593319563 60.44320916285512, 26.49836194140321 60.44409061847512, 26.499864000750588 60.447403014178704, 26.49581346516274 60.4490383468649, 26.495233504091374 60.45120030656035, 26.497097010253196 60.45332439808283, 26.49692300659802 60.454596025168755, 26.494361459743324 60.457144177517854, 26.490141777730663 60.45654636871597, 26.48712169520688 60.45747854599286, 26.487546605148808 60.45874118279961, 26.490207882705135 60.45952992523008, 26.490441184615705 60.46122845996213, 26.481320055007714 60.46527569465842, 26.47869039002876 60.47068653439623, 26.47381857118305 60.47320557875408, 26.473109347957337 60.47532405169955, 26.46762835511889 60.478141557008584, 26.467501833985573 60.48049864968751, 26.4686086503252 60.48170937202956, 26.46779561752525 60.48352867535769, 26.460308975435893 60.485836705401574, 26.45802502126 60.48148629766014, 26.449305220360266 60.481715777725796, 26.448553802881346 60.480698080623604, 26.448588272812334 60.479407255634264, 26.45221373285534 60.47725238463229, 26.453169811220043 60.47489874275174, 26.46230684333722 60.47142729785086, 26.46175523273184 60.470073660413966, 26.45712375818525 60.46841805214471, 26.456102894958445 60.465876777330394, 26.453750775729073 60.46460468931901, 26.454252931161584 60.46129551827417, 26.450687882915044 60.460297847292146, 26.449934579341242 60.45887637249819, 26.45435927498133 60.45662871531731, 26.45550632042526 60.45412627984451, 26.46038914080006 60.453206648501435, 26.460646967908637 60.4525843018139, 26.45823008940489 60.45090506840121, 26.45841081258731 60.44965041431618, 26.460518086227502 60.44853600756216, 26.45968495175852 60.44588955627694, 26.46636020913042 60.44346963328591, 26.465891678800023 60.44240487313107, 26.460728959178386 60.440081157772774, 26.460545328906093 60.43874730599161, 26.462467090477865 60.43667081046409, 26.46853812370251 60.435324735306544, 26.46497495017239 60.43300573562307, 26.467501756384078 60.43052072493387, 26.46766353971639 60.42741509243061, 26.460899617629398 60.42483756581485, 26.459326076483112 60.420913281907595, 26.458057510246082 60.42009395991651, 26.457883257966415 60.41665041062429, 26.454474852913886 60.41464868214029, 26.45321674144295 60.41182339277895, 26.446973421945575 60.41156078217296, 26.443815516356764 60.410292993188975, 26.43872186485335 60.41069953747492, 26.434848558004887 60.409456674592924, 26.434309016159624 60.40705159463661, 26.44207422285923 60.40674974675496, 26.442759580824934 60.405491076466745, 26.439837212564413 60.40408779663902, 26.4395372655806 60.402437157256955, 26.44250492000009 60.40131006115831, 26.442997461659626 60.39972696315869, 26.45024805796545 60.39774103112544, 26.451499555120876 60.39591094035478, 26.457295407907292 60.395162486215575, 26.460885086621172 60.392786552784386, 26.466167169262455 60.39345385082367, 26.46898314847662 60.39226455837002, 26.465949659427697 60.38942251523522, 26.46196241918747 60.38928190664854, 26.458667687933286 60.390951808963536, 26.4547780895086 60.390659731877605, 26.45233947396692 60.388803745133124, 26.453244584505118 60.387151527351755, 26.45709881480289 60.38501543508823, 26.46405786782517 60.3853817381672, 26.46729224061104 60.38325339529075, 26.480326927271275 60.38223793122235, 26.48266051029616 60.3800125838318, 26.488341346452046 60.38095100276181, 26.493749587282217 60.37967849318905, 26.498005247379943 60.37796752409616, 26.497961298252385 60.37423147639629, 26.502517914322155 60.37112594094107, 26.51789615320735 60.37245391168179, 26.521679431326746 60.371544182758534, 26.52824584252928 60.37187838282159, 26.536599447875176 60.36904791752505, 26.541272377967907 60.36946059582125, 26.54403168653714 60.368084955287976, 26.543215699391357 60.36598748967476, 26.544261511063524 60.36385031242317, 26.554900231937694 60.36261300869229, 26.555114149468217 60.361725556106535, 26.550917652028026 60.36024323038128, 26.55105063008997 60.35803464638861, 26.54864633334095 60.35597587105979, 26.551287498998438 60.35352468069141, 26.551708592084463 60.35181908208764, 26.548767336594402 60.34899679150625, 26.54343315000204 60.34828975447766, 26.54484451549317 60.3444346954834, 26.541680219464112 60.34141853595489, 26.53684457030082 60.34037558115852, 26.529132905866845 60.34086978073197, 26.526134005180285 60.33970919780078, 26.520610369706713 60.33999940115918, 26.52157406991502 60.33297772627254, 26.524505516447295 60.330888811265055, 26.52319918780456 60.32890055076561, 26.51920999325647 60.328460150677714, 26.515121062645846 60.33010191735557, 26.511507730662156 60.32904610069526, 26.506180239564628 60.32991500120253, 26.504920588606627 60.327729879083094, 26.500839117917106 60.326217382756596, 26.49444949099297 60.32764048215344, 26.493654094682473 60.328976545069494, 26.49622015934682 60.33124661167957, 26.503855230746304 60.33166864789504, 26.50477377884633 60.33294831442642, 26.504213726526046 60.335831471346125, 26.503154406359396 60.33695980730251, 26.496705016866127 60.338042955067685, 26.490266989193035 60.34246036925845, 26.488405659732244 60.34442851898487, 26.488512244025877 60.347810619562544, 26.483546757366657 60.35245836046948, 26.483778701639274 60.35462066362777, 26.4825919940792 60.35553009838212, 26.48032430349622 60.35460958646735, 26.480317066493207 60.3519464507878, 26.47117896581085 60.34954397340185, 26.466797859136356 60.35047017657848, 26.46232322565393 60.355106485151786, 26.458526865800376 60.354959117200615, 26.454783144451206 60.356687359969335, 26.447932354701038 60.357290931941506, 26.442844530159462 60.355453480620774, 26.44247696980062 60.35052410981723, 26.447119027399143 60.35008167955048, 26.454726035090886 60.34595708541306, 26.45980282447391 60.34662354373263, 26.462411313075894 60.34593305983348, 26.466221266352758 60.34220156087235, 26.46109091057983 60.34003153009003, 26.45669842563956 60.33987193546879, 26.452454640909785 60.34128359897322, 26.449754207839693 60.3397053104524, 26.44575516478239 60.339790078972534, 26.44498695752932 60.33685098281773, 26.441523415316198 60.33563248115474, 26.434038053623144 60.3367548067035, 26.432881873152965 60.33816706630834, 26.43769382217536 60.3404941031314, 26.450701036453548 60.3419024954947, 26.45130937836871 60.34436988492854, 26.44496830634979 60.344937952113064, 26.440764658792745 60.34657083033971, 26.438900648636942 60.34498317295782, 26.434826953095 60.34408517248386, 26.433908255388747 60.342047418137014, 26.43178398107181 60.341210500341965, 26.42191153182185 60.342532339925604, 26.41822334057373 60.34412147771539, 26.417415901212586 60.33999438699483, 26.4156387623544 60.33892368271387, 26.408694027435192 60.33829055693314, 26.404255686493034 60.3396702000402, 26.403483871256114 60.34071676830141, 26.406112006858038 60.342428276801094, 26.40624925181938 60.34371655581673, 26.40022567067971 60.346992480895274, 26.40373663174127 60.350254928917195, 26.40960136493772 60.3508208080742, 26.41054688639217 60.352452239347464, 26.409330639367937 60.35628315950114, 26.400501991098032 60.35520848185728, 26.38882646397288 60.35554350796222, 26.384231539302935 60.35641496809183, 26.38059601749064 60.35867206266332, 26.379566335676643 60.35592691566959, 26.37730976402534 60.35442525607504, 26.369608080911572 60.35444797275664, 26.364175763874858 60.353298454966755, 26.35714468943236 60.35690700879576, 26.354992428614246 60.354913225300265, 26.35342580564834 60.35067140182477, 26.346905323661208 60.35032855338917, 26.342762851674138 60.35257250631528, 26.346917406954496 60.35468063445471, 26.345835574389437 60.356865533346976, 26.346264058749473 60.36099832122197, 26.34033809624746 60.36582918257011, 26.33620129831075 60.367618632688064, 26.327712730983002 60.367705492223884, 26.321970285399136 60.369933660616965, 26.316051217369118 60.36983328463744, 26.311315530182174 60.3723736483751, 26.310168484011903 60.37444009957778, 26.305614068970293 60.37762050807944, 26.299532423934803 60.37695996657382, 26.29285633889892 60.37937302432721, 26.292480219491974 60.38053871202746, 26.293433213935796 60.38110217437598, 26.30203216319787 60.382049625806786, 26.300337639109635 60.38609313985895, 26.300816743564237 60.38815777853542, 26.293654000397403 60.39062536404305, 26.287663191805866 60.39501151991806, 26.291130574609774 60.39660912021994, 26.291433748763566 60.3986645585043, 26.286549090872633 60.40590649526465, 26.288517629121916 60.409997484177744, 26.291719912439497 60.41196336328433, 26.293410459633005 60.415171473783865, 26.28539153740024 60.41674929151101, 26.28259200986094 60.41923155662287, 26.276838828224065 60.42054045058912, 26.277762388928 60.426269439037355, 26.271066371274 60.42726600255111, 26.269990870695633 60.42990130345257, 26.26726589843607 60.42724711485115, 26.262485403381955 60.42687147091109, 26.259870882691885 60.42229807208515, 26.25444621075002 60.42053457154333, 26.254057060415946 60.418956258512296, 26.263454021696923 60.40929754767539, 26.26337015611974 60.40693939993369, 26.26744538422033 60.4059026286265, 26.27041182946865 60.40198437534996, 26.27489953879232 60.399082135638494, 26.273248843888652 60.39604293507537, 26.276785924866534 60.39455127416984, 26.278050980598564 60.3925189038678, 26.280803917210775 60.39098113385958, 26.278417891323283 60.38905368503946, 26.277962478094718 60.38717284483017, 26.283429218805598 60.38633881679599, 26.284825658975034 60.38492697353749, 26.284394072336127 60.38289981395507, 26.282109009162404 60.38195495319654, 26.273261876437 60.38212018977772, 26.269807984496175 60.38439286609603, 26.269009836067365 60.38385187099326, 26.2680917052667 60.37957653247764, 26.27279671831707 60.377836283309, 26.270705300473665 60.376185757701364, 26.270522013205774 60.369480431387835, 26.264084131547317 60.36861226642781, 26.26042279425551 60.369741443009424, 26.258601465955472 60.372232471857366, 26.2527054044842 60.37339824170403, 26.250989284958358 60.37761360994457, 26.255271523289956 60.3793376322412, 26.255599427013433 60.380841118129304, 26.250017755611037 60.38475584155709, 26.25285795706815 60.385957279325346, 26.260596174037502 60.38554070875766, 26.260456433153774 60.38697436079249, 26.25462802297972 60.38994168995151, 26.246966088165536 60.389664955732705, 26.239233494400054 60.38697601055191, 26.236063496556593 60.38407099255094, 26.23630850068356 60.38274785099849, 26.23920051558462 60.38141572963543, 26.237010269163697 60.380017691966636, 26.232544961253947 60.379706136020765, 26.229638396998183 60.38138789021224, 26.22279581127155 60.38281318600152, 26.222562590424396 60.38370467517142, 26.225690303287134 60.3849769242156, 26.22578418162476 60.387500751225915, 26.22744744897189 60.389233261632114, 26.226181275486752 60.391629573372825, 26.227770419117874 60.393864137143446, 26.22773854165974 60.393938554301805, 26.224325840268552 60.394424408812675, 26.223367755252617 60.3935482953993, 26.223997380242942 60.38997743459247, 26.22300316286535 60.38720067209902, 26.21707492992198 60.38553802687389, 26.21255371478169 60.38578345628768, 26.21120315804834 60.3846301615055, 26.2122482378281 60.381569726671856, 26.210576031338043 60.37871570341697, 26.21345177654183 60.37716009927609, 26.211461783235578 60.37476101159748, 26.213362341578623 60.373986746765944, 26.21589210797095 60.375835147917584, 26.221172684122056 60.37653670834617, 26.227141274446105 60.37400065657378, 26.229416935308702 60.37716823046569, 26.23329353414642 60.37746062179984, 26.236226141491695 60.37622412076395, 26.23731246166396 60.372990122338486, 26.23435037980285 60.37179153493898, 26.23407209581411 60.370205927785804, 26.238225704056635 60.36879287437214, 26.238816210333873 60.36670691130024, 26.23571871290704 60.365404397111085, 26.235404779902716 60.36395219699872, 26.2398631305808 60.362611965617, 26.240492381772114 60.359379456697155, 26.235110055518167 60.354586363573766, 26.229622573834828 60.354736062357226, 26.227890451434384 60.357070863188575, 26.221585352528667 60.358430120026306, 26.21979880256135 60.36172197450423, 26.21449421035317 60.363008812858055, 26.209964397093923 60.363643348853806, 26.2091672320237 60.36193013685315, 26.206655773145776 60.36096149815951, 26.194296008039462 60.36154374627049, 26.19026232190149 60.36294579994137, 26.183332005719596 60.36293293347778, 26.18116592584209 60.36448071189279, 26.17259259127307 60.363700318863316, 26.166113845601775 60.365315763189976, 26.164160169993945 60.36774434696244, 26.15799358882318 60.36688085088545, 26.15345197372141 60.36853059732731, 26.148472027274558 60.36763149690009, 26.143303224761986 60.36962303550867, 26.140128779740667 60.36954598878792, 26.139714643345776 60.3681472463911, 26.146094323623572 60.365449759140006, 26.145366108484406 60.362628193092924, 26.139265925793133 60.35874868290025, 26.13495620775176 60.357289085435056, 26.130125582809022 60.357430555701676, 26.128649197363167 60.35596798500818, 26.129818076673995 60.35345949674093, 26.128734771082524 60.35217318694694, 26.128850013071634 60.34909767549736, 26.13245119567071 60.34625971077956, 26.136644925708367 60.344937367465945, 26.135691404690853 60.34191458305879, 26.136687899831898 60.339986629007946, 26.128684253866826 60.336890206793925, 26.12838177242616 60.33498153670171, 26.126320430346027 60.333846558077674, 26.122168412441276 60.33354262924442, 26.11820620458336 60.33479390647291, 26.116735970941445 60.33299126826516, 26.12066944051959 60.331248023132815, 26.12096735138189 60.32874018848538, 26.1276461013567 60.326798161717356, 26.126246821251627 60.3251529252082, 26.122277030208256 60.32422182980908, 26.122478544244455 60.32244120314883, 26.12645359298773 60.32230249944063, 26.129522385856273 60.323789250217814, 26.134280308585105 60.32320936996112, 26.138775811186367 60.325203005928756, 26.14234008290265 60.32470026894683, 26.143181737924177 60.32361537302034, 26.14070656408282 60.32162077840008, 26.134176627126802 60.322325299036756, 26.125685926326533 60.31996158424661, 26.125687482815408 60.31820546054065, 26.12911084676364 60.31662113971778, 26.128018681205823 60.3154277447792, 26.12479318699907 60.314687598238315, 26.124151857296766 60.31295708528946, 26.132157577148163 60.310391150060866, 26.131882724019317 60.306183910374685, 26.13515787847767 60.30439703009132, 26.13941241058911 60.297922327276616, 26.14655762906235 60.295374185220545, 26.14676742787152 60.29291355870426, 26.15466023108491 60.293291052211046, 26.157693801361265 60.29237195451117, 26.158473462883496 60.290428899622505, 26.1548537081399 60.28937861281537, 26.15472107056992 60.28776264011388, 26.162084248391043 60.28650436918518, 26.16545462748894 60.28421151872791, 26.160046312044415 60.27855179604801, 26.15484666533458 60.277281920948994, 26.15353212427455 60.274809088157006, 26.148870722767246 60.27303323282525, 26.138814270684144 60.27361981871075, 26.130465568254955 60.27246157958417, 26.124823250467646 60.27345630354926, 26.118682537131612 60.272627428818, 26.11914114951878 60.270030193977576, 26.12544191532787 60.27131906835604, 26.12796596057966 60.27017411841856, 26.127864622574215 60.26895615903854, 26.122559396536317 60.26779215294911, 26.118784940713123 60.269996676606354, 26.1117662339024 60.266958164045924, 26.111572534639187 60.265624527596756, 26.11598850283671 60.26413565205801, 26.115480286807635 60.26221401785142, 26.11626781632335 60.26117509809935, 26.122060291853305 60.260237767888526, 26.122158571273847 60.25933544152387, 26.119142778484342 60.2581259677047, 26.113668245333 60.258438714122285, 26.112888718163088 60.25549438182744, 26.109831213840454 60.25427215222007, 26.107939314862122 60.25184086179289, 26.101026806544354 60.25246696756122, 26.09666612034992 60.25071676454928, 26.0911865870854 60.25239879917223, 26.094315331986863 60.254098468777514, 26.09443906130672 60.256209903025685, 26.101076815145994 60.260052759137444, 26.101060451968205 60.26163098107647, 26.098387117876218 60.263395522159485, 26.10069377473684 60.26441742634427, 26.102591623697432 60.268569210528064, 26.101016667721417 60.27022775012873, 26.097032026945747 60.269224914734444, 26.09765443852351 60.26664500258161, 26.096449674708722 60.2658360853907, 26.09065054742674 60.26597739026738, 26.089816492253487 60.2672024454812, 26.09193067422829 60.26968642138987, 26.089120977410417 60.27158136455986, 26.08901042188269 60.27401333443608, 26.08547473757484 60.276523119625686, 26.077068453987494 60.27550509470512, 26.077509715798808 60.27239662447894, 26.07128737115572 60.271524350795154, 26.065457282525475 60.27281071677056, 26.064521055360572 60.27426240131658, 26.073061530409166 60.27551610217042, 26.07287216145882 60.27721165784686, 26.06529564819734 60.2801562102261, 26.06358082164639 60.27723800363977, 26.05747749163449 60.27562460596563, 26.05126825964958 60.27538875748415, 26.051228826212483 60.275318486126395, 26.052847535200332 60.27245885243228, 26.060097871282395 60.27280055576368, 26.062727852600062 60.2719383089383, 26.063191567578883 60.270367031632176, 26.056607498554992 60.268959352336125, 26.05548678813254 60.26679379047752, 26.049223608518083 60.26562855948508, 26.04541007223763 60.26624194634264, 26.0435299190215 60.26827860643858, 26.038326332259256 60.26956465272488, 26.038755315423195 60.27066273726772, 26.042696241853903 60.271527847788484, 26.042145914430368 60.27516659022597, 26.049764978243438 60.275636657301504, 26.049463282814397 60.27722472503358, 26.04663486507626 60.278537093420425, 26.047017320742853 60.281093600137524, 26.042653332806612 60.28311206917373, 26.038000799029025 60.28201830166939, 26.03802095778618 60.28086833846438, 26.041486346934335 60.27859707392858, 26.039633052007645 60.277089265393336, 26.032972113440568 60.27562509698556, 26.025045613436767 60.275704805162874, 26.02165791593519 60.27671980657111, 26.018044190331036 60.275241018193995, 26.018561929767653 60.27344181088752, 26.0245497347648 60.2720733975548, 26.021902461862005 60.270181654018444, 26.02241748723769 60.266486759514, 26.028288371879174 60.26687762623602, 26.032281006783094 60.26496758257652, 26.037499613974017 60.26603338447259, 26.040759810298784 60.26467851167625, 26.041155443133235 60.263490202108, 26.0398678064637 60.26206979298911, 26.035103926622146 60.2618682560183, 26.03150479541417 60.26347009809242, 26.027827003313714 60.26269928319383, 26.026073792942164 60.26092363034375, 26.02625856038155 60.25914659223025, 26.032044891986864 60.25755707835257, 26.028932247892893 60.255577396805066, 26.030469399580173 60.25176021739465, 26.03302027033823 60.2518840324114, 26.034105820880356 60.25370799474618, 26.036070099415372 60.25454685502456, 26.041244039621393 60.25417348368907, 26.042337793863812 60.25296592116296, 26.04024411406044 60.251849522343235, 26.040049209895336 60.25057070103888, 26.042115775273977 60.24681585521994, 26.045406159009627 60.24933762039247, 26.05250487647669 60.25009814653137, 26.052937698229183 60.251565090448246, 26.05187574867804 60.25294845174954, 26.05477695545087 60.254549088088766, 26.059658922751154 60.25423933352316, 26.06260454834299 60.252218816844824, 26.06038405297497 60.250617414470135, 26.054982317018037 60.25071599104384, 26.054865779351328 60.24603419162076, 26.058743215051393 60.24444598095571, 26.05913837458278 60.243385612325206, 26.05405165390974 60.24223047637257, 26.05307249805164 60.240638433156306, 26.053219353158177 60.23943111896923, 26.055884908226744 60.23746327828846, 26.05304881419329 60.235397356725336, 26.0530549486349 60.23401155328808, 26.055429439381683 60.23231469053058, 26.060842027499373 60.231122547159096, 26.060884949107344 60.23003703969883, 26.05534920399716 60.227717582576545, 26.049396259772408 60.22960922644329, 26.046607552944664 60.22592085212584, 26.039607576892237 60.22532536310075, 26.036945476860506 60.223870896539616, 26.037649254345496 60.22165248906007, 26.035664705445182 60.22051462072255, 26.032255231215782 60.22045460456101, 26.02922699506268 60.222036715663705, 26.022938326512644 60.22104912663119, 26.023588553501295 60.21976529328502, 26.029173533800996 60.217800871168706, 26.030494990792235 60.21506246640498, 26.03351616746627 60.21412799049032, 26.034650232107506 60.211657013524096, 26.03804264841959 60.210232741472375, 26.037755054981123 60.20941245995067, 26.031909861604127 60.20813145959186, 26.02470227064653 60.20950404075761, 26.021384924137735 60.212958088822425, 26.017541475372873 60.2150075362196, 26.016192543313732 60.211791221175666, 26.011202388218525 60.20984037345547, 26.01315157541342 60.20696095011808, 26.01236627051583 60.2055557733321, 26.006764979418914 60.20453939249653, 26.00704397142001 60.202152576324586, 26.00394309276679 60.200585640937845, 25.999840525795154 60.200270798786526, 25.999875416662416 59.99996555369484, 26.999832916728785 59.99995826185065, 26.99987625272312 59.43536853635329, 27.030556675463277 59.435790216332165, 27.049942840324704 59.43462540870226, 27.103279696751155 59.43779112925022, 27.13627455267182 59.43779200648588, 27.2216443287159 59.44479143004536, 27.23256185348901 59.44404193150107, 27.254603522535046 59.445291335237634, 27.297271156468096 59.44479191371409, 27.36377126890452 59.44770817851718, 27.386167849408622 59.44729447797432, 27.426707694700454 59.443309781170626, 27.462698349585896 59.43681496069385, 27.46909344515031 59.434805252605095, 27.49480393802014 59.43104866066593, 27.504455494077714 59.430626005654034, 27.507070855639455 59.42902371160172, 27.530643693354094 59.42837698980554, 27.53676503685579 59.42945574275115, 27.538718610331834 59.42875801512777, 27.53906614067923 59.42665489047908, 27.544703894455143 59.4228170670552, 27.570791767582936 59.41988314995475, 27.595360945127368 59.41554336507388, 27.624952004293753 59.416458314189875, 27.658931878778347 59.41595845969514, 27.682074283591987 59.417041294381434, 27.70324371846126 59.41530544660798, 27.704659586616877 59.41731704972661, 27.70695860682742 59.418227508984515, 27.718022550267474 59.41836687261625, 27.718926308422645 59.42248170764943, 27.724373472238653 59.42495460347127, 27.729762324927133 59.423866733799784, 27.72696254177016 59.42185812004499, 27.727559031400926 59.420190884637016, 27.734671651524756 59.42002530002751, 27.736111630083876 59.42658264205925, 27.740983159229042 59.42745542479058, 27.74323065771835 59.42656409911771, 27.743687160322562 59.42437188473633, 27.747018894532207 59.42327209759906, 27.74674861262364 59.42223728435664, 27.743416038068993 59.42097759850107, 27.742539387141143 59.41611261216561, 27.748958224291275 59.412829513423475, 27.753427973023257 59.40706316282588, 27.758744220554235 59.40302353304692, 27.773201092772027 59.40047663435816, 27.77626438807057 59.39872141345931, 27.79010676760852 59.39795864646406, 27.802183423315082 59.39887398858778, 27.805893087252564 59.3976783523627, 27.80685790950439 59.396112978767405, 27.810463026733238 59.39604284365672, 27.837851910959927 59.39896415288834, 27.860528366651195 59.4042906645726, 27.868527326554993 59.40347350760678, 27.871465251943075 59.40166874517097, 27.886069066139974 59.40154195194678, 27.896965590322463 59.40312241725509, 27.901964927456856 59.402382969855104, 27.913671343725127 59.40296265603719, 27.932635640836885 59.40773516371222, 27.95989198833789 59.41958844560503, 27.967789999039383 59.421204650256456, 27.99394644805478 59.4352937857494, 28.018837342903606 59.45258787657855, 28.0295916486795 59.46292058816316, 28.034794245511073 59.4697855571439, 28.041191045720364 59.47186351772404, 28.046649738796393 59.47045133922517, 28.04906113935851 59.46593215132703, 28.053294168386632 59.46350489692934, 28.07016104924604 59.4627931461808, 28.084337572971794 59.45990729922687, 28.113984691120265 59.446058557198114, 28.12162350938052 59.44200097652279, 28.131495692858582 59.43466572620638, 28.13747434956877 59.42788315965073, 28.138494209591094 59.42406946461212, 28.141853521747983 59.419984948618904, 28.150159088254075 59.41682861745131, 28.167259002314665 59.41251144168684, 28.17791812768313 59.40602059597879, 28.194372506537267 59.401099279363905, 28.198741165037916 59.3980460622735, 28.20212195834787 59.39316532944601, 28.21189500211545 59.3840080759324, 28.211911325435754 59.380000191776894, 28.208460673957262 59.37755039723419, 28.20698602398379 59.3750319436247, 28.21298139916727 59.37177157086925, 28.213323958881368 59.37028724116751, 28.20929674955616 59.36686539576245, 28.208900046559783 59.363728029495604, 28.20298307364182 59.36118138106828, 28.20380641361449 59.35831719428643, 28.2020219881149 59.35569740091311, 28.19448180555477 59.35220302564059, 28.195030975561952 59.346729036696104, 28.188490324248075 59.3419553301477, 28.17105154614943 59.33356500305272, 28.167775644483662 59.32717790567898, 28.15422014101732 59.30855809412624, 28.140515616275 59.294615082366136, 28.13305474024777 59.290303116709865, 28.12206899225762 59.288542592965726, 28.1088182789154 59.290372451249205, 28.096758187368238 59.29062495374652, 28.04763728529471 59.289034706077544, 28.023661218065353 59.284005353264234, 27.99937702820224 59.27527090765006, 27.98348614871621 59.27287071995558, 27.966828829585072 59.272537452011925, 27.960514483681575 59.27126043086074, 27.950229857836263 59.26497581017228, 27.927095044350278 59.253984099425786, 27.90745578971815 59.24096047508003, 27.903209704542913 59.23557727954951, 27.90281015644179 59.226880000983996, 27.899738259488213 59.2187142235706, 27.903711499310376 59.20753511432555, 27.894424018829024 59.19327425777388, 27.890979475734067 59.18367492022264, 27.877349666608133 59.173511773225634, 27.874821798855972 59.17088576284653, 27.870873686555917 59.1633008718643, 27.867871236349472 59.16037347539984, 27.84524655799507 59.148066961138426, 27.833594300062526 59.14423431038843, 27.822086721838037 59.133757105731554, 27.81158576566836 59.12895772591965, 27.807947153961077 59.12061689876273, 27.80686127932391 59.11309824819516, 27.807730234132027 59.111586147324495, 27.812776415968496 59.108939878737914, 27.812995591709708 59.10692242461476, 27.810060201422203 59.10447904922215, 27.80325720117478 59.102441319292424, 27.791517353313708 59.09128852917872, 27.792924318261214 59.08488038245627, 27.792398758008925 59.08159312633916, 27.79585540259188 59.077956990316814, 27.79490497325325 59.074630013064386, 27.795467924565635 59.06989754044918, 27.792795444997854 59.06786622825115, 27.783099786710387 59.06457065288897, 27.776508827964538 59.05833494637623, 27.77504354526414 59.05108712022819, 27.776787487844135 59.04935938055076, 27.777994121603687 59.04473188473487, 27.77125108690958 59.0328082065428, 27.766103433964837 59.031200343999686, 27.7528471766217 59.0302608358122, 27.74823636853116 59.02690220148188, 27.747834263787475 59.01865844888186, 27.743740931704316 59.01047969407518, 27.743738973044476 59.00736338402055, 27.74611527294212 58.99975477003819, 27.750365836695995 58.991281219810666, 27.748701693242054 58.9877986822492, 27.749068366030137 58.98424401296737, 27.74131967613756 58.9775327333322, 27.734993339945195 58.97549977400259, 27.733027824389296 58.972120827340355, 27.682311827744872 58.94601411391721, 27.36114558131942 58.78701031106225, 27.556530970018212 58.36632072944584, 27.519083005983422 58.33267409364845, 27.493052748595797 58.2503583261293, 27.494269259540722 58.225199357397884, 27.593570074528717 58.11894871195005, 27.638362703507127 58.097448482912895, 27.611342406378974 58.05445820400147, 27.624156828554135 58.00625435277954, 27.644914598409 58.002381581989006, 27.65121440456537 58.00693042473218, 27.649293766099937 58.01213537031844, 27.645998249746164 58.01407400919094, 27.645794941649342 58.01911677852671, 27.652339165121095 58.02103858529325, 27.664218509594324 58.018022012677825, 27.669921489634792 58.010434626969555, 27.683882683505754 58.009139409556965, 27.695715659139225 58.00573111321868, 27.697706587512 58.00403350699055, 27.697234820160507 58.00150856315586, 27.70124298136166 57.99976722503755, 27.70073102102203 57.99634268125324, 27.7019603006573 57.995060395513235, 27.69969135089869 57.993159893657555, 27.700324769262338 57.98852606678223, 27.69273443052733 57.985800208633776, 27.682046114911277 57.97464301192214, 27.683218612819065 57.97227645372668, 27.688860066828784 57.97113046538422, 27.687831484674632 57.96754743341814, 27.689324442666912 57.96561936677945, 27.68759803920961 57.95978799853982, 27.675479353493014 57.95695548191578, 27.662141379980895 57.95624922950784, 27.661063784501486 57.954419284589335, 27.668073959374574 57.951171086017986, 27.67259734654741 57.946546775199806, 27.670477075861562 57.94199337052493, 27.67498241049279 57.9377418257822, 27.677343266657164 57.93607038035508, 27.68167458272263 57.93662000373482, 27.684025062940776 57.93580867834654, 27.687594680646605 57.928309286523735, 27.68558447124844 57.92658934259739, 27.685521080650112 57.92479276955653, 27.710797271569433 57.92396154401879, 27.72131895962918 57.92027316101585, 27.719737687132213 57.91867493291694, 27.719738302334704 57.917036737443745, 27.720076575214566 57.91399308686382, 27.72199692212204 57.91168157501809, 27.710471447720806 57.90625718493349, 27.70341585476481 57.90606934246779, 27.702778993395317 57.90442457259714, 27.707029143169763 57.90204968333815, 27.72224526287983 57.906221317546674, 27.730813170142884 57.90711937403653, 27.74625813654217 57.90230635397888, 27.74947666379901 57.90364713940658, 27.756442135973185 57.90404431122218, 27.758662361456345 57.90302355720325, 27.7583117988707 57.89782599772493, 27.76995550084279 57.895875789656685, 27.78200526371304 57.89871187335924, 27.800315604606418 57.899377452471846, 27.818696539353233 57.89619531076768, 27.82214920303846 57.89054877179124, 27.820220060242395 57.88798298108063, 27.813572130794274 57.88620151900193, 27.813727283977617 57.884837337943125, 27.81993131486569 57.881800646819144, 27.817342546646287 57.878971745974404, 27.81771682248765 57.87643212258609, 27.81438570536218 57.87352877835182, 27.81459918040217 57.87212655210943, 27.819004842945816 57.86912309450551, 27.81924427832388 57.86714554257042, 27.82091189149156 57.86589884991551, 27.81886833462842 57.86367037423765, 27.818725057137037 57.86149563983041, 27.797448655829395 57.85099411056436, 27.796749339843554 57.84661851622217, 27.801543898501645 57.843878213396316, 27.798388603468545 57.84066205687227, 27.794850752978682 57.84004741114929, 27.78950475044997 57.84128976609287, 27.786339356679758 57.83761301574396, 27.78051689181727 57.83535038628995, 27.77920609425796 57.832983442641435, 27.77757511865277 57.832371774508964, 27.760811253198174 57.83470441803687, 27.743453633386338 57.82699660426913, 27.740165960368106 57.82654318258118, 27.72806052339752 57.82974460828475, 27.723299701469784 57.832125042830434, 27.721850608061573 57.834696643321635, 27.715634883511054 57.83561178425954, 27.713254360369024 57.83875770942351, 27.70479404827842 57.840541162581786, 27.702574992547284 57.84006334601768, 27.699890030133382 57.83756131758905, 27.686985418528423 57.834041542986874, 27.668567974382395 57.83569853636938, 27.66185820278274 57.83718108660033, 27.6601063563524 57.838455937699, 27.647169465391215 57.837542136942936, 27.634528728600344 57.83954011281342, 27.625836521461547 57.83696173293129, 27.62105045431256 57.83828805266552, 27.61488276818839 57.837519436740955, 27.610635257331285 57.8365806121095, 27.606232230436984 57.83406913272746, 27.596984907286917 57.83237511741218, 27.588469214146357 57.83250199158024, 27.564838914426183 57.829625583554225, 27.558054042690888 57.830393797233114, 27.557506239645495 57.82690772431623, 27.555114384522973 57.82532962503993, 27.554161080505843 57.82127861922885, 27.545646524882034 57.82081555383504, 27.54684137384812 57.81815768563521, 27.55181580158481 57.81798958660232, 27.557230229264558 57.81413877739145, 27.55225712213805 57.812621005182464, 27.542682064095278 57.812955708409376, 27.542514266948263 57.811149908547975, 27.545751355901785 57.80830928866519, 27.539401465200356 57.80621162873624, 27.541278855924997 57.8016092049838, 27.537653671317113 57.79712429538056, 27.539136520517495 57.79375590819344, 27.534980799509224 57.79243226621744, 27.529568931094328 57.78869852914253, 27.51863375646077 57.78869391047673, 27.515440560755053 57.7910289137102, 27.50356562587041 57.78726971388062, 27.504759306291927 57.78475437966764, 27.509940405020508 57.78305127063598, 27.515714362065808 57.77562145997187, 27.515539028858914 57.774477178093846, 27.509208964021223 57.77187382384321, 27.509352386947683 57.766377451023345, 27.51710200063775 57.763313500175684, 27.520687782933724 57.760130531982355, 27.52926899895543 57.75773862995501, 27.530991052692006 57.75411310058084, 27.530075864605447 57.75212450977762, 27.532146136093036 57.74960795232265, 27.531036930236443 57.74792960229319, 27.532658825379904 57.74518640436301, 27.53143677885249 57.74133522669139, 27.535775886023007 57.74008178802661, 27.548534865140475 57.733423404498055, 27.542987501683683 57.730186441377306, 27.529669875886107 57.728941417072534, 27.529070567662444 57.726241104870724, 27.52670658520032 57.723732689846585, 27.527493942956163 57.71975323869828, 27.52507174117392 57.71671830941831, 27.526286797265136 57.711583467176354, 27.528531664756652 57.709125370298125, 27.52257876059434 57.70779420188277, 27.516781331373842 57.708196798234496, 27.51161069702371 57.71007488204386, 27.509022704123126 57.70713638906875, 27.49962925978968 57.705359182570156, 27.49408058885891 57.70763475114078, 27.487900611739978 57.715184452537436, 27.487078600677222 57.718008951455616, 27.485798905952375 57.718450265777754, 27.47582849757963 57.71567558819311, 27.474049490979517 57.71285047744173, 27.47420248915255 57.71109436810413, 27.471702037483873 57.707954169127206, 27.461162994494224 57.70604858433648, 27.456919748255633 57.70823150723225, 27.448945461247046 57.7157213548346, 27.43238814114855 57.70747421286776, 27.43121970280697 57.70497834388284, 27.42905885396925 57.7034705314577, 27.429675688606366 57.699389807834415, 27.425121402702437 57.69845877693587, 27.416793043707997 57.698882010516826, 27.41717722322969 57.695545294134725, 27.408728552166743 57.69255813756885, 27.40581603647622 57.68966837304606, 27.406031280120533 57.68699224042759, 27.403274733338122 57.68508180388632, 27.394666612043835 57.68469567599158, 27.39372564141702 57.68136444638007, 27.395763345091165 57.67957639005183, 27.394902444206238 57.677952645264945, 27.392305909844243 57.67625779227362, 27.38836722741597 57.67588806931984, 27.384040538985094 57.672463623102054, 27.380901304145112 57.67156020538814, 27.379538705564617 57.66889166923272, 27.381993538093663 57.665275230230314, 27.3815762272185 57.663463083043034, 27.38430503475435 57.66118095428194, 27.38257499497281 57.65854674926425, 27.38810677918748 57.655255261466166, 27.38238641183556 57.65035765665897, 27.38256108344776 57.6489202746129, 27.384418871360822 57.64774657311512, 27.38317917308802 57.6458886864427, 27.383495377208355 57.644236697909925, 27.390007476390455 57.64313748281762, 27.390932907170832 57.639673866370806, 27.401848456383842 57.63720478905091, 27.40213978884516 57.63520624356131, 27.404164422577477 57.63299972176707, 27.403575810172605 57.624013669468674, 27.398002086171555 57.621353005109874, 27.39184750693361 57.6206195267522, 27.39105719647407 57.61953942391259, 27.391658450747816 57.61780827344976, 27.403292457148243 57.617829648206985, 27.40687286264908 57.61619242255771, 27.407735109055587 57.61218294587295, 27.38679753588897 57.60274003565405, 27.384833272750214 57.599151109167444, 27.37978729283067 57.595172889431815, 27.37470663737788 57.595038143887265, 27.371109903829492 57.59660474472788, 27.35770137294209 57.59659958478763, 27.34389899451762 57.59024940313758, 27.343531825480923 57.58613684557873, 27.342495163220153 57.58497376780972, 27.33044320188596 57.57991335303566, 27.323985818102248 57.579187495727176, 27.323275575848704 57.57818165488107, 27.32836053243226 57.57311750504569, 27.333555738728727 57.57083878969687, 27.333874857499072 57.56731827340421, 27.335897589857378 57.56502159964242, 27.33350808507714 57.56278912796334, 27.333749351109027 57.560998418915275, 27.338835640792993 57.559218712205855, 27.34066129468148 57.55371098310006, 27.33972989943729 57.55135469152362, 27.341138540182495 57.54955955282872, 27.339438771295782 57.54774110683616, 27.345563783797964 57.54479806508475, 27.348248460093803 57.537965509690075, 27.351940353451308 57.53562756268108, 27.352238822984603 57.529534878542776, 27.353741728620456 57.52836797884514, 27.353909654586918 57.526818346730735, 27.356006997582053 57.52567143999686, 27.35648275422731 57.52294964387537, 27.3638794053055 57.52675809653336, 27.36231476048902 57.53038771043491, 27.366696090049025 57.534238021235495, 27.37400852436776 57.53662542285333, 27.382740495947765 57.536338987994135, 27.385208377561902 57.53395390035929, 27.396879282335465 57.52918769082919, 27.397583878791316 57.52714335920118, 27.399401183900437 57.52639319187128, 27.410794918278388 57.5262925462566, 27.416316606156453 57.52412812638898, 27.424628183348776 57.52569743469801, 27.428114323639377 57.52796119938634, 27.433123468826693 57.52752917645567, 27.4424648155909 57.532976229644774, 27.45330049536794 57.533208012452285, 27.459836427598763 57.53087698299143, 27.46542546650773 57.5316016579357, 27.466275284670644 57.532702487162894, 27.465844613269333 57.534763777422555, 27.467808447602035 57.53580754454913, 27.48682202601738 57.536656053799895, 27.49059093618562 57.539005606139085, 27.49655716120473 57.539592763215865, 27.499680414256403 57.54137139513606, 27.559106501811577 57.53829117060783, 27.552452150902223 57.523648553798495, 27.557559884792177 57.52209537713398, 27.56007787216671 57.51885858228782, 27.569489006758797 57.51515968243583, 27.57058737112684 57.509679297471905, 27.56817701649511 57.507525531017095, 27.567912720684262 57.505681617867126, 27.564259158238453 57.503898837155006, 27.562164816683374 57.500336197780754, 27.558889859180354 57.49762332533298, 27.560159733419415 57.49321983356471, 27.558062523739252 57.48968617882734, 27.560065677856098 57.48832173609342, 27.560326920934752 57.486779747729265, 27.558948914070328 57.48549365935549, 27.55589702141311 57.47700789735095, 27.55278794780429 57.472763420307885, 27.55581533068048 57.46912765291345, 27.55080406884523 57.46030712175747, 27.54939656869895 57.45857137752079, 27.547359281610092 57.458045674301694, 27.538552453641696 57.45873537029489, 27.522742849723294 57.43106924227651, 27.522498186030614 57.428685947006976, 27.55946556222201 57.41647643872737, 27.562392695786738 57.41304400467038, 27.578242191153137 57.41680367483057, 27.587135406196122 57.41779180894204, 27.60344227679468 57.41696874392423, 27.606358906789303 57.41620040155223, 27.626109512897884 57.4025109495726, 27.673519694973937 57.395865500613375, 27.677470620255406 57.3922722199429, 27.677411218468443 57.387892097502004, 27.682560364121024 57.385150659254315, 27.68619969356919 57.37801958940429, 27.68556059073546 57.37418951123541, 27.686500843095587 57.37349392897219, 27.7233920799795 57.36214517061466, 27.739421230218674 57.360221197925334, 27.760426141832152 57.3551766983064, 27.76178081706772 57.35414738431586, 27.762420962850047 57.3516395264036, 27.782196534727817 57.34385702796733, 27.781875127330412 57.3394677977337, 27.782980885330872 57.33553869136445, 27.778823771464474 57.334252620924744, 27.77677090870476 57.331805444197265, 27.776738682848347 57.33019900900845, 27.77735522318338 57.32789530798324, 27.783871491482547 57.32203885559025, 27.814756245527082 57.32537352366423, 27.82548345493781 57.32398793800066, 27.83370447102086 57.320399241213266, 27.836890993839233 57.31794680047296, 27.83728106786338 57.316109338148294, 27.839452076550693 57.31506926732322, 27.83986591646502 57.31309380555193, 27.845634338541547 57.311404924990626, 27.847866996099153 57.30904639588474, 27.847677246272976 57.306404244355335, 27.850504621568522 57.304219750295665, 27.860555747099532 57.3050141391377, 27.870437030231177 57.2973266934818, 27.873202798215654 57.289989250243984, 27.87188875210442 57.288533474649775, 27.872662366687006 57.28639685720245, 27.870924632114846 57.280349190521534, 27.86561034998668 57.276005648230026, 27.864046643761636 57.26377051473804, 27.86962853818636 57.26139619475685, 27.867380731494702 57.25757192168495, 27.871482638241712 57.25499447719981, 27.870055249595396 57.250795860303256, 27.873584564794715 57.24769352739175, 27.86889418149304 57.24381343970149, 27.861174224003502 57.24288949227468, 27.860416111909384 57.240724725944055, 27.857081777022636 57.23747047483887, 27.8575376919622 57.234982094346144, 27.852395426212844 57.23349570537754, 27.8512561743762 57.23120194726131, 27.84664300520749 57.22925344572616, 27.845720559699988 57.223895206803824, 27.841371004023515 57.22020957857536, 27.84481101911151 57.21544957413851, 27.843679844307445 57.21405392281869, 27.844320808632453 57.210612150260374, 27.833392686345288 57.20732949867833, 27.83405805636045 57.203690007161164, 27.83070151887727 57.20227177719831, 27.83097665524368 57.20059277997313, 27.83399874533996 57.19897003518348, 27.829220250202937 57.19167820531639, 27.838132818352644 57.18228089187907, 27.83717639014052 57.17909818790461, 27.832233174003782 57.174245752574265, 27.83630650084009 57.16633514177655, 27.828727540739415 57.16179840590257, 27.825591604714155 57.15811275543972, 27.827185311985367 57.15296689191616, 27.822752940869545 57.15079002524879, 27.82123898281157 57.14763754917133, 27.82199583166264 57.144949423083496, 27.821287483450206 57.14296736879879, 27.81804693617665 57.14127823944959, 27.808094437030345 57.140066671956276, 27.802440826687793 57.135992937447455, 27.792688951028197 57.134536944737484, 27.791096489603056 57.132158468345494, 27.788953009433197 57.13128991985748, 27.780427083986996 57.13277880074531, 27.772591975299427 57.132537384692256, 27.769885545985904 57.13095016001586, 27.75946543874325 57.129712843501274, 27.75680807731469 57.126495290125376, 27.758791671953404 57.123182913528524, 27.7492848738929 57.11891410908258, 27.742856607114934 57.11912311097299, 27.739696277635606 57.11811041362439, 27.737207553303392 57.114153525366625, 27.737737027150594 57.11255350537554, 27.744105231306754 57.112913836066454, 27.749899278333043 57.10961138488846, 27.7563711338751 57.107594474940534, 27.755876026712667 57.09945685335191, 27.754421154433995 57.097410290938406, 27.749187860461916 57.09670934584569, 27.74462934804361 57.097533573925794, 27.740792202481373 57.09889003296481, 27.73897990953775 57.10113197978176, 27.735941528545304 57.09978610050126, 27.72003978780823 57.09935492497271, 27.718720885578392 57.09813415388179, 27.721106246909898 57.09442175640646, 27.731420085945384 57.09180611347493, 27.744921885973106 57.090591715735535, 27.74778856002332 57.087772725658425, 27.75341795454933 57.08554688537023, 27.766146197505723 57.08778446225708, 27.77180339794068 57.085460459088495, 27.770551041881305 57.08280911902607, 27.766391433526387 57.07980830928183, 27.75533862756884 57.07625505897508, 27.753394810269878 57.07298919947403, 27.74968172898231 57.07151327564729, 27.74632814568349 57.06781964630176, 27.747089435991633 57.06128540884198, 27.7497776259877 57.05970206832224, 27.752219441103655 57.05608048414728, 27.751881465305434 57.05347312171102, 27.74532973225276 57.04796594685363, 27.738289364867967 57.04596615165153, 27.734773702049832 57.0402974518344, 27.731733246227613 57.03793576900262, 27.73166681621838 57.03248676806593, 27.730453357221954 57.029468031824734, 27.73152108761134 57.026836572048765, 27.728436020053532 57.023302453911356, 27.728539787960848 57.020960370495246, 27.721582971213493 57.01375059849332, 27.72073979062445 57.01000768055424, 27.71822532410745 57.007566562615, 27.718469685525942 57.006311309650826, 27.719659368476886 57.00471951492334, 27.732380625042463 57.00254234182266, 27.767737044354377 57.006117857818666, 27.770100205300313 57.00540745428348, 27.771525253746884 57.00220540554803, 27.746138263836276 56.95681579363983, 27.740757493518426 56.919815621357415, 27.738922991024587 56.918958252599786, 27.731966319160104 56.91891591171902, 27.725302451418575 56.913595559771046, 27.71582726964852 56.91179296012588, 27.710702387812695 56.91262540698491, 27.703473229078668 56.91096435946369, 27.68973897557501 56.91355200680679, 27.688553929692947 56.910563608539995, 27.68624370444457 56.9089894516707, 27.686201058862284 56.9061300347287, 27.682391261434027 56.9033185186252, 27.68174153689083 56.90072211787665, 27.678047035526216 56.89664028723274, 27.67520977292597 56.89522250385219, 27.674707258728557 56.891932417666325, 27.677163803609364 56.88671503746687, 27.676874557507766 56.88478031518966, 27.674893193752915 56.883222971892046, 27.675610911996273 56.875270561029566, 27.673625885586354 56.87210843834546, 27.673706020028813 56.869506343059044, 27.663663440703665 56.86107290356661, 27.658880214664887 56.85334145410171, 27.661914039614164 56.84418297184149, 27.66259630107283 56.8373498071058, 27.669143493648214 56.83671052081725, 27.689618314797215 56.838364819941766, 27.69240947611935 56.8408328031764, 27.69880618248779 56.84194818881791, 27.69895977238073 56.84551829158608, 27.70093069117385 56.84841707280855, 27.716049911462413 56.84925863700811, 27.7177590076303 56.85175687546826, 27.726054880128657 56.85471962795045, 27.726164620901063 56.85660426264096, 27.72830889910175 56.85797570684661, 27.733518989497547 56.85862398136078, 27.74119171743501 56.85712369558166, 27.745779100736055 56.85930124986592, 27.75166970388833 56.85918379687423, 27.753588700465336 56.86168063415877, 27.76454551580954 56.864129227296814, 27.774573616064455 56.86445307750366, 27.778544904618574 56.863548803651774, 27.783958546831634 56.86581069113117, 27.78984144773239 56.8661229560842, 27.796939461875514 56.86412530245302, 27.822174187743478 56.86841187145913, 27.833749185644155 56.87393459229582, 27.84147197477681 56.87578309498962, 27.843116538990003 56.879770512932055, 27.84679420246664 56.881617636107265, 27.87691328164475 56.87802387838953, 27.878653840462274 56.874065032546504, 27.874196474623062 56.868201548422824, 27.874101390144745 56.866699698107524, 27.878903999435543 56.86178150497927, 27.887385289112114 56.85768464700858, 27.888597720611507 56.85204118982163, 27.899416528290576 56.83960671031485, 27.901744664741454 56.8385711057481, 27.903164282218317 56.832945513262295, 27.90249677369421 56.829984215263764, 27.905409482357303 56.82424426836496, 27.923356143495006 56.82613121555574, 27.937177060041524 56.828912756765064, 27.94701320318432 56.83290912636013, 27.956851868241838 56.8346350308075, 27.958116644579096 56.83635881063152, 27.963591127484037 56.83904623840157, 27.966725372306982 56.838975114199556, 27.970855767307384 56.83730961224014, 27.97237182864002 56.8336162348667, 27.973970313073792 56.83236908930844, 27.973999620633638 56.83030013096379, 27.972416547835753 56.82777732818405, 27.97916367369766 56.82541661747331, 27.979108394477684 56.82419909533979, 27.975205983819468 56.82155200262955, 27.975070748848925 56.82039289853472, 27.978043174650466 56.81861657875452, 27.980658117298905 56.81510874409, 27.979569693775947 56.811441011846085, 27.971065392517605 56.80796408077662, 27.96610456859867 56.80450038405369, 27.962535894076748 56.80437564949939, 27.95878837873062 56.80605512580836, 27.955488339135083 56.80359920357395, 27.949405556634787 56.803357907458356, 27.947108043024382 56.802199149050026, 27.947432474820246 56.7982761193784, 27.944345279667388 56.79605702260732, 27.944053176341036 56.790971803018905, 27.945109333327757 56.788782215777665, 27.947718414316732 56.78743838389254, 27.95027103722704 56.782934422644374, 27.94772082460075 56.77598374959071, 27.935319521138048 56.77187653247946, 27.921176899428065 56.773455529205016, 27.918799118164767 56.772756600108906, 27.917971925032983 56.770970697406746, 27.915720340954312 56.76965320982814, 27.91502240734406 56.767335775273544, 27.90386010789142 56.75952777975762, 27.902466887082817 56.75251602240658, 27.906674691710283 56.75113278001123, 27.90790746532433 56.74876466065571, 27.9112340020962 56.751171603981604, 27.916866216538107 56.75108693004016, 27.917330991815824 56.74489142032716, 27.915393965141124 56.74251589251857, 27.918383314149253 56.739612601961575, 27.920753485565445 56.73429763102445, 27.926578641006227 56.73234629536055, 27.92926558040534 56.73034653242158, 27.938989106489824 56.728979002556905, 27.948618492679774 56.72287640921921, 27.950288284335038 56.71720867279174, 27.959609586468076 56.715748658658775, 27.96516563637787 56.712732472699834, 27.965457496001306 56.708578423933666, 27.97637945558476 56.70928673897967, 27.983693156711805 56.70761900807501, 27.985322928944086 56.70306793806349, 27.98225007635684 56.699001276555656, 27.980315133486155 56.694693227643256, 27.980950205456207 56.69327387788918, 27.983356840129204 56.69214288632389, 27.984072014092554 56.6905811148097, 27.99732660884507 56.68961388079372, 28.0000970208126 56.68609007964873, 28.004525618669216 56.68482407762962, 28.010037527364222 56.6767965551292, 28.015539660794392 56.67287427479641, 28.01454227446321 56.63684156679374, 28.044091232310453 56.604073186472256, 28.044072190283252 56.59594757461386, 28.045397508611007 56.59143290373903, 28.05274905106027 56.590012197886345, 28.056084018512536 56.58630105645731, 28.077851944825778 56.587207248724916, 28.099476004189423 56.583547991682124, 28.110485576355096 56.583210108769826, 28.116578546550524 56.584454397037895, 28.120133097117332 56.58344528602577, 28.12642413359064 56.583712698519946, 28.13780711970604 56.57956997891581, 28.139001268218593 56.57844740685836, 28.13909996008326 56.576266639098876, 28.146420781353036 56.572141847924485, 28.146350117516576 56.57120187750443, 28.142737035034017 56.56924758555348, 28.140465019745964 56.564615310544966, 28.14165078346339 56.560791793210946, 28.14088373897861 56.55829019993584, 28.145685770123922 56.553602461282374, 28.144565188062888 56.551561562395506, 28.137998931259737 56.54809951164875, 28.12860463431375 56.54715644763861, 28.126113368306754 56.545417365562905, 28.117606431313533 56.54444694087177, 28.105607176479317 56.54102858926739, 28.10357360820309 56.53885425875968, 28.102543714967034 56.53423151121104, 28.10385387057921 56.531066270186045, 28.096414980454636 56.528304614250025, 28.09978146186095 56.523559641582985, 28.09832645076216 56.51778275912948, 28.102398265895214 56.51589669456805, 28.10040622558319 56.513932492444034, 28.100410063287207 56.51201135587974, 28.10403960057867 56.50948170040938, 28.10883683479607 56.50982663199048, 28.117415061258693 56.51484000860028, 28.120145732527167 56.515040250035774, 28.13288899631267 56.50895708174628, 28.132403543564507 56.501730993012714, 28.133423252463878 56.500526835422015, 28.1309031772582 56.49545932791784, 28.13271016197406 56.49386585419553, 28.133372211214954 56.490972992012885, 28.14152955926454 56.486295178977244, 28.145919863653273 56.47905770787955, 28.148774035017578 56.477259991297544, 28.15355281385867 56.47644038667433, 28.157563143191975 56.473863686313926, 28.160244185605347 56.46798416364028, 28.170015429529347 56.46346573223338, 28.1703475812705 56.460211157298474, 28.176864627571298 56.45729158653724, 28.17813287185489 56.455148067714354, 28.185196547237133 56.452985204525305, 28.19253457172391 56.45227167699294, 28.195893285598917 56.448604095799936, 28.195901429940932 56.44399638492994, 28.197575076265142 56.4428116242269, 28.198053245930087 56.44104395006224, 28.19066277632174 56.42940733277204, 28.18904876738348 56.42782142528127, 28.1861806624492 56.427206038642304, 28.185904933958565 56.42512071252755, 28.18931310621211 56.412285502976616, 28.197943411904593 56.404634691201245, 28.18944962106591 56.40267021613069, 28.183673639181876 56.39767057956255, 28.172608027173215 56.38506027297381, 28.171204864386684 56.3828096536362, 28.17103968599967 56.379902461406935, 28.167527197149496 56.378800827545035, 28.167240208977415 56.37718955882486, 28.168439105040584 56.37503580051771, 28.17841085506263 56.368160148027506, 28.192428960110625 56.362244881401026, 28.196702774725228 56.35820192561819, 28.196585883094905 56.35239625023455, 28.20432261412681 56.34329987205787, 28.202470282627786 56.337702094938265, 28.206421702592653 56.33166262230384, 28.209291368037317 56.322828316205545, 28.222881102028314 56.309280097606404, 28.224203432033196 56.304459828304424, 28.233581203980865 56.297319925676916, 28.234278973338107 56.29401658677141, 28.244108442799206 56.28022661953029, 28.244519555460496 56.27717591544243, 28.24345905103817 56.27362344059304, 28.24128930393066 56.27004425423983, 28.22230783907349 56.251698848113215, 28.22093671647565 56.24793640538023, 28.209150805390195 56.244433693938326, 28.205941550129527 56.24183171717061, 28.200289691368877 56.24066836123002, 28.192891802134636 56.233313138295514, 28.188705672265716 56.230678461757, 28.189324910175976 56.228694264232324, 28.18743769535624 56.22578631700816, 28.190548329947053 56.21995814024543, 28.20440888923194 56.21742232699094, 28.20688650568551 56.21481328535043, 28.20033788227024 56.20821946615286, 28.184593700213643 56.20599937512207, 28.184561559557007 56.20592665398663, 28.187252499785796 56.20197506026056, 28.189543301436768 56.20060528482716, 28.189446787756314 56.19651396644088, 28.188523503852117 56.19362663422961, 28.18405215247382 56.19222361493125, 28.18088832013062 56.18837046565392, 28.182247327194073 56.18236001327088, 28.181878087138085 56.17907052248978, 28.16880367024945 56.17459696252163, 28.166120513300292 56.17142691176375, 28.161573350515688 56.171191001359404, 28.15670479346615 56.168783942766446, 28.13976969566687 56.169953027931435, 28.136227223900747 56.1669128300587, 28.13098508014652 56.164773043400096, 28.12089417175858 56.16413814033735, 28.117653865214447 56.1625118008752, 28.106213755187117 56.1520505230813, 28.09782031926507 56.14939826631726, 28.096455854195323 56.146343486015475, 28.097330811644692 56.14349170187491, 28.095851291696263 56.135977784328006, 28.09233933272407 56.13529642485072, 28.084466728985465 56.13618665742372, 28.08124272017508 56.13799771420747, 28.07079046401972 56.13857997753872, 28.062292709723845 56.13367335313981, 28.057601739168717 56.132902541406175, 28.048369176979808 56.12869264371119, 28.047676222350724 56.11901637508171, 28.04631364273326 56.1177717609571, 28.024630541751876 56.11828472922596, 28.019734227171025 56.123072974096544, 28.012770870139786 56.12327439898176, 28.007818080352315 56.12532095430404, 27.993175648103918 56.124343040267675, 27.987499246297975 56.12109314736792, 27.975161440603735 56.119272971502475, 27.97267901340066 56.11680917524073, 27.972494371030006 56.10967654093448, 27.96376388349245 56.10407632908242, 27.955153806027223 56.10224331429994, 27.952205103015245 56.09646547328511, 27.941795462038623 56.09084384900404, 27.937226544633457 56.07980270618593, 27.938474672578277 56.07304229747264, 27.930064755409063 56.06505878557664, 27.925533071396746 56.06337165487775, 27.925876797222482 56.06107398009213, 27.92332519831995 56.05912743873098, 27.91940373968445 56.057194716455015, 27.913045949956317 56.05665547235203, 27.91056730961452 56.05248513971294, 27.908171614713172 56.05111490500321, 27.90768987485297 56.047968086470746, 27.901180794349834 56.04629541738694, 27.89859792760423 56.047213423364106, 27.896643658829483 56.049626415126426, 27.890590613946088 56.051284289317294, 27.873511706682468 56.05103860609998, 27.86966616636023 56.04922969730091, 27.869193620649735 56.04671359422969, 27.864717319726616 56.04479687303808, 27.86308953214861 56.042825879801214, 27.84948950019582 56.04058719441147, 27.841155205972125 56.03709533758778, 27.835349930228755 56.0364597711072, 27.829076632476053 56.03845032939427, 27.8214896230713 56.03862043700102, 27.811644429687075 56.0353732234885, 27.814609038669104 56.03141028039716, 27.820409100696665 56.031423451554545, 27.83503770274847 56.02562107330577, 27.83641157631435 56.023844146567065, 27.836208587370315 56.02149518226262, 27.830817365809253 56.01815625429925, 27.8270623995364 56.01440044912903, 27.819206634520164 56.01082338261744, 27.818546708883687 56.00700614310309, 27.81358755275943 56.00627635715538, 27.813217472484585 56.00089482773405, 27.815307568938813 55.99829401365624, 27.813308757302295 55.995999748203076, 27.814638053282373 55.993292309562165, 27.81400881996971 55.98977713395702, 27.804323672734466 55.98515938512043, 27.80347170749603 55.98344582820826, 27.804815874911128 55.9816901163006, 27.804191753593283 55.980632775662826, 27.79854630880398 55.98027842705038, 27.796889299750504 55.97897854317948, 27.79309950731866 55.978441013376134, 27.790699504588332 55.975637608651425, 27.784477283408922 55.9740465553495, 27.77819179488381 55.9749561799969, 27.76851778768114 55.97404296271098, 27.7641615999023 55.97548989994035, 27.762298573958084 55.977800246561614, 27.75441242046383 55.97745087082439, 27.753570947859398 55.975421927831945, 27.750005681187385 55.974361887469726, 27.740513746556307 55.9685318523802, 27.6564184191636 55.92935992306104, 27.65606964525993 55.91281689778453, 27.627977762286676 55.89234390121289, 27.642644377801513 55.848199035779274, 27.621571931404798 55.79338405205494, 27.622044022799642 55.79145556562127, 27.61862216075437 55.78899166237248, 27.617393588044578 55.78615879704712, 27.586373489403798 55.78320806922407, 27.556117160721236 55.78329110360121, 27.51380204711272 55.78587437572211, 27.475100901759106 55.78994587211616, 27.46768025816873 55.79311996489206, 27.455133393363056 55.79204201381365, 27.44125571787721 55.793374925417, 27.430359409210613 55.79320620168333, 27.40849646571907 55.80059122953088, 27.37762895367126 55.806100561716164, 27.37027944148594 55.80830295679975, 27.36547176736362 55.8116130791163, 27.360698038504694 55.811624728150214, 27.357284657304234 55.81044254107422, 27.356187795305487 55.80691591401583, 27.353825549881865 55.80531495803581, 27.35432571078021 55.80340311222964, 27.35352556797311 55.80228410411396, 27.347602567277132 55.79974198149625, 27.327088945308684 55.79652739372237, 27.30718186890502 55.79167775010062, 27.29742682995349 55.788733867631336, 27.291586233864333 55.7849030290034, 27.286198485272465 55.784043436941936, 27.266923129899652 55.789192279597145, 27.261719313573504 55.789248124237005, 27.257336345026477 55.79233968382812, 27.24715724277156 55.79358250771876, 27.244387622733846 55.7971133955798, 27.243109261573373 55.80175114228078, 27.240071289111572 55.80518403083404, 27.227817239149203 55.81116634427502, 27.21746285893914 55.81852639321175, 27.211332883243283 55.8203192190613, 27.20968999416651 55.82239637532446, 27.204913222890738 55.82489720754569, 27.202516201384853 55.829467462644736, 27.199093713931564 55.83095313209464, 27.198029087735044 55.83268922115809, 27.16925327477706 55.836737244940146, 27.167464223429565 55.83788510768175, 27.167501598985154 55.84212353644142, 27.165669215431276 55.84441453075983, 27.159175887763514 55.847893909024094, 27.15447972789924 55.848221500931814, 27.152383290952567 55.850506208910794, 27.144487443905454 55.84745923067641, 27.13880085003288 55.847776087124345, 27.13266291610963 55.85012071826629, 27.11835636627677 55.84851336840514, 27.11512758423054 55.8467624549422, 27.110234513506402 55.846077747599814, 27.10517587444179 55.84311613519583, 27.10483931895165 55.836098684807595, 27.101521560155927 55.828536898197804, 27.0943868814157 55.82602901740614, 27.081943171549533 55.82504662098293, 27.069463684257155 55.82829040364798, 27.050896477231557 55.829458126873554, 27.04297590377688 55.82868605512106, 27.04150661992956 55.826911541019065, 27.03868096711309 55.826202952221244, 27.038080034892804 55.82315922539449, 27.031201327411313 55.82146243791183, 27.026270867593315 55.823471538308446, 27.02430214087803 55.82554621402615, 27.018894778567862 55.8256248056168, 27.01480976283088 55.8271198900163, 27.010644196102994 55.82327334059444, 26.99878794736768 55.817585343837166, 26.982442480998785 55.81345823513111, 26.97619605834944 55.81338604057072, 26.970782801710268 55.80782429897818, 26.96983568232925 55.80509897996235, 26.955401872031118 55.79749622422174, 26.949738326463265 55.78708024822056, 26.945122512873517 55.78629595681577, 26.93176089873436 55.78879173442636, 26.92656900715934 55.788226235669036, 26.92245215107091 55.78629531539475, 26.902780562934108 55.75815271211945, 26.90366052911043 55.75588639979609, 26.902571162164023 55.752979326039174, 26.904332746906178 55.751198563595, 26.87900862850602 55.734595516247836, 26.881659951000454 55.72837323394148, 26.877676417860243 55.71801102900698, 26.873106696287177 55.711954871138616, 26.850549434381932 55.708215871006324, 26.84702894832078 55.70585876179037, 26.829512300393933 55.704260449221586, 26.81774342975529 55.69852795355953, 26.802248860967417 55.69706364108643, 26.78530427276119 55.67717887460284, 26.741307985602496 55.681359974561666, 26.716717983660125 55.701826307368435, 26.685137563007178 55.702790469187164, 26.653826779567222 55.70612060551921, 26.649644791592088 55.704815710877064, 26.64936232921322 55.70319976189687, 26.654139554414808 55.69999708764595, 26.64495511232523 55.695629060059304, 26.63900508377008 55.68525340042049, 26.6393767488059 55.68189109621604, 26.633373095210384 55.6791940169193, 26.635081360594516 55.67302841870853, 26.634072238917422 55.66930279438851, 26.63389179124859 55.65928363895382, 26.640633288807454 55.654457083615966, 26.63557161831384 55.6103796241402, 26.635573052159728 55.60744228103454, 26.63926905430604 55.597493563819604, 26.630547617840975 55.572341512897694, 26.624575434193332 55.569447008277, 26.626449147725108 55.566556956320014, 26.626274442594806 55.565196754012625, 26.6219669912669 55.56233671079913, 26.618364056463264 55.56204289377455, 26.61443986384206 55.56347300410586, 26.61142210697936 55.56185968372867, 26.60635266703504 55.55578809846295, 26.602641360710063 55.5546815991349, 26.601339902862886 55.5512765588248, 26.589766477516328 55.54612729065734, 26.59073162071135 55.5422557406488, 26.590078285833105 55.53925044132397, 26.583583616578817 55.53473823925381, 26.569456681929324 55.53267947732349, 26.56783379814004 55.53071555134774, 26.563271304111463 55.53011136755349, 26.560063439189406 55.52648460278933, 26.55162117147364 55.52429167422241, 26.548080851469372 55.52429168053324, 26.545013533359892 55.525621511062575, 26.536786990930707 55.5240036833074, 26.527437700219124 55.51030245207976, 26.53399590155381 55.50192925317429, 26.54183738765713 55.495053244283575, 26.542561996836238 55.49361744182144, 26.541903728805508 55.48467277425921, 26.553309470348694 55.47741769783554, 26.560263412806318 55.46272193586616, 26.55909662894434 55.46157594106473, 26.552042988536556 55.45953431980545, 26.54571953703614 55.450900100072, 26.558401827437173 55.44226016575354, 26.562955875961663 55.43772875090124, 26.55921480670258 55.436960709782525, 26.543695291694 55.44129072945453, 26.54177354678605 55.439757907306436, 26.544832534050826 55.437372896846334, 26.548584142597697 55.43008085825106, 26.562355607152472 55.411387742536846, 26.56120573306818 55.41013886648695, 26.551402922489025 55.40718962413835, 26.55277414294192 55.397930058556994, 26.555697121523338 55.39524708084822, 26.5552390594611 55.392612534825986, 26.556810586559287 55.388818543225966, 26.55485649560331 55.3877693484728, 26.538160012334483 55.385620222043286, 26.51383656097158 55.3788604566874, 26.504801283158468 55.36869078651906, 26.49369576805899 55.36821052614701, 26.487334494487726 55.37095840328524, 26.482785890002173 55.3687509725328, 26.47784706839332 55.368452954335304, 26.47624037648591 55.364227428112216, 26.47524232087096 55.35582482741447, 26.46478723510569 55.353242570281004, 26.456246380388986 55.349539710838414, 26.45101021607291 55.35003854456537, 26.44663989104035 55.347749928262516, 26.44638744931193 55.34638567082668, 26.449907240614078 55.34309711427615, 26.46010991883021 55.34263040913674, 26.464573792880977 55.340724629841006, 26.476255330990604 55.342627948138905, 26.48134712039294 55.34032115309859, 26.49199185501319 55.339072379074665, 26.496446488769234 55.335970477993634, 26.510261307763358 55.33387485825623, 26.51549453542449 55.334399381030856, 26.517277829272704 55.33346101341598, 26.518407368763164 55.33113884628397, 26.526179862662623 55.33319998900484, 26.530479559493212 55.3316266164471, 26.53492707748696 55.33204431379149, 26.539762635098832 55.329970882268874, 26.549541584256378 55.32997023409678, 26.551879746635407 55.328684880712714, 26.551995441626186 55.32641971328937, 26.555652331281056 55.3252100326551, 26.558368201463303 55.32271157030158, 26.569485541584296 55.322994569557, 26.569008990686083 55.32582320846189, 26.570789794114877 55.326969219021365, 26.578879735168993 55.32646594816728, 26.58422947414614 55.32753576144923, 26.588033164354034 55.32651002169257, 26.58772962410948 55.323916062455616, 26.589593115530352 55.320889002370734, 26.5940230064228 55.32320285956569, 26.604017006201406 55.32215241386232, 26.606191928016965 55.32421801950549, 26.60957310734421 55.32517095716447, 26.61038767171894 55.32712678323938, 26.612267627352562 55.328247255566836, 26.611773224256613 55.33251355222789, 26.615294600591373 55.33344871523616, 26.619904393774004 55.332588374135014, 26.62614802089233 55.336117641310416, 26.632093377858645 55.33500895963164, 26.633979715546523 55.33350574992181, 26.633529300104172 55.33254415022791, 26.629926169043877 55.33131582575734, 26.627739427721085 55.32814283767315, 26.629125249299875 55.3252462207497, 26.632899247261754 55.32438448016405, 26.6369606820802 55.326532551240994, 26.638947959278475 55.33291537626254, 26.642060109416406 55.335251758969825, 26.658467036761277 55.33645097573943, 26.66104806366638 55.339410254769916, 26.665053949326662 55.34012248366319, 26.669995730921528 55.339564540969015, 26.6840838283254 55.33288878201354, 26.688443818897028 55.33321163733946, 26.702065949542547 55.33022686613554, 26.710291743353583 55.330077835662486, 26.72285461703015 55.32273675589522, 26.72751573220447 55.32266200480749, 26.730246469490993 55.324050322816205, 26.74040346331713 55.32537314013977, 26.765587505727872 55.32429618915607, 26.77945980584443 55.32017164608396, 26.784579407240376 55.321720416127505, 26.79327598847696 55.32228811938386, 26.795400372599467 55.321464659943906, 26.7964329561716 55.31903864839659, 26.802288261060287 55.31962394813671, 26.816700725117094 55.31602419981831, 26.817320860710097 55.314780435477935, 26.81600707022809 55.31271346091899, 26.81660500233816 55.31034668320787, 26.818010398522027 55.309573571773036, 26.830921077039733 55.30879671549651, 26.83450454079238 55.30731450281758, 26.834525011821697 55.30468401184164, 26.833207495809976 55.30234310585889, 26.836868769932718 55.2978509008538, 26.838496232918178 55.285409916715295, 26.830768509257805 55.27517224960558, 26.8240261332393 55.275706500007786, 26.80138123573717 55.27273582174809, 26.80088721179688 55.267050909411225, 26.80159658575019 55.26609272325815, 26.800878606038697 55.26523029925241, 26.79405578443856 55.264050474422156, 26.789561919764004 55.26687833351075, 26.78797345431441 55.26281385652896, 26.78420420325089 55.26172382930246, 26.78205554299325 55.259059669890746, 26.77518869968972 55.2577090039149, 26.769052195482967 55.25820783497376, 26.763426188858702 55.257243600116844, 26.761839814676428 55.25488017692203, 26.750210727137738 55.25044629444257, 26.744339863426223 55.250512210946376, 26.737069758457487 55.24688513668529, 26.728623333612948 55.238183302878106, 26.73220467202988 55.21510596702091, 26.711370574170736 55.206444913163665, 26.707996962738445 55.20227596060179, 26.702458268506643 55.19958573023491, 26.698783966075975 55.19965235153605, 26.692879703037224 55.20354860304696, 26.679240041772374 55.19750994843451, 26.680131366481213 55.1955481391138, 26.67957128058349 55.18955763036539, 26.68303445346269 55.18769162954708, 26.68801464948388 55.18055162883664, 26.692370639125645 55.18063938064068, 26.696088905372886 55.17846663896488, 26.702606518042096 55.1790864832393, 26.707052382420258 55.17643549200366, 26.708587377920903 55.171616775416496, 26.69484268891579 55.16563433465788, 26.681939968967868 55.16796596247041, 26.679640660975164 55.158728138736144, 26.67023169631525 55.154867329761814, 26.661699798045042 55.15533796375248, 26.65304123246343 55.159293394310055, 26.647051106295724 55.15773410002445, 26.643015248194285 55.1538699713244, 26.634381766216315 55.15061204220046, 26.63011850232614 55.15049145455624, 26.619108269941187 55.14554448904031, 26.612373045131598 55.14658229988074, 26.591009565084477 55.15278951684036, 26.57526558518506 55.14737599364681, 26.566896784365166 55.14795826344076, 26.559483685548553 55.147026009957216, 26.554872095779047 55.1426208353543, 26.543671924163622 55.143456550227455, 26.539482242689974 55.14221908223847, 26.537305679708144 55.14294498948231, 26.51612510548746 55.15861771440074, 26.49563499616699 55.14992175522434, 26.492632358310967 55.14986949686302, 26.489305287926467 55.15128963755695, 26.48322579672619 55.148153292066716, 26.480405116530378 55.13713302724952, 26.461690266022273 55.12729992585338, 26.45875485772252 55.12796696875588, 26.45595909429334 55.13322661800098, 26.45010912514996 55.13163410249516, 26.440630388809073 55.13326834676025, 26.42608169962299 55.13895924866066, 26.418712920092 55.135287068036, 26.415126898638402 55.135644515904445, 26.411490369622495 55.138035754713606, 26.407365843392817 55.13695743632917, 26.405088302563517 55.13507178036333, 26.3948323403942 55.13285505479931, 26.38902904902883 55.13630695863684, 26.388339353853674 55.13804995005341, 26.38910366901705 55.14023356672361, 26.385619410054108 55.141059707860535, 26.37990854193075 55.14539958979514, 26.370827576570683 55.14812169160397, 26.35836794941498 55.1490223579985, 26.3537595146851 55.14623504485429, 26.34629936254905 55.14453582483184, 26.337169304186805 55.14478879589939, 26.332514991116337 55.14346799421093, 26.328537193989657 55.14439781859728, 26.32775919225778 55.14370857708594, 26.328410543537093 55.138966566278896, 26.33167429955012 55.13755121321071, 26.331703722168623 55.13645992197028, 26.325154104228645 55.134371553991905, 26.31204806418028 55.13372037784462, 26.31139964915909 55.13220025790869, 26.314005252326858 55.12880795332314, 26.30346277447129 55.12425529630446, 26.262190063648607 55.12026344185749, 26.233819507617902 55.107330435884094, 26.2325429797221 55.105498466355364, 26.238231845365224 55.100758689795065, 26.24611553029976 55.097685753871, 26.249808713250683 55.093404021698454, 26.254607608762697 55.092805396850565, 26.26379706161907 55.084109624475275, 26.27408751029577 55.077393311418135, 26.2663827747185 55.07313963708596, 26.26857652835486 55.070227655999204, 26.265852561947515 55.06597171532863, 26.261835515514697 55.06537683007275, 26.251525523814955 55.068451786656226, 26.2478980748327 55.0685279694407, 26.239348873299836 55.06310798227845, 26.239118560248468 55.05866631318208, 26.24786577787287 55.056479629035124, 26.247368658406486 55.05098725314391, 26.240573379754043 55.0497311305496, 26.24086756364764 55.047859882539015, 26.243996600864634 55.04675031821536, 26.243718650978092 55.04135786661698, 26.24479465117531 55.04000707127194, 26.235911493694076 55.03400119332481, 26.232934585311952 55.028544650623154, 26.228493749613133 55.0258138255281, 26.226014947699174 55.0202282728011, 26.219888725241237 55.01591552660758, 26.219519484882685 55.013543898447004, 26.212272172657283 55.01141397042107, 26.21182068475112 54.9979980416533, 26.211003018448498 54.9965835386239, 26.19912944691094 54.99407879696825, 26.19555727257026 54.99206136258281, 26.18448389752742 54.989041675036525, 26.18110511021007 54.989041690866685, 26.178716245012694 54.99057948238091, 26.171344793987664 54.99178675334098, 26.158558609189686 54.991140384599504, 26.157107193171015 54.99000612631781, 26.14791084772936 54.98797322382592, 26.14469715797108 54.98504290592207, 26.141159725756655 54.98412413937308, 26.13375062626125 54.984781426183105, 26.12170932682593 54.98777588353846, 26.121710943255625 54.979552125267155, 26.111789097163175 54.97075797875874, 26.08060643622868 54.96893024918613, 26.078997788155604 54.96509606343345, 26.07653916758209 54.962509491564525, 26.083118435959744 54.95534778429431, 26.083036146878822 54.95403422189682, 26.07571175406412 54.951978274156026, 26.073984116364336 54.950596254836285, 26.05846266001534 54.94876282159129, 26.058709459362177 54.94696744696055, 26.066167100861566 54.94373331754044, 26.06316388824092 54.94053423361382, 26.055818037345976 54.94145581191953, 26.03666365765142 54.94120744573089, 26.029331428823088 54.94253824404871, 26.021566410558822 54.94186697329009, 25.98841498628405 54.95065209639616, 25.987332815250134 54.951402540884985, 25.98725454046096 54.95616262978645, 25.985797118219644 54.956580640951806, 25.980701592931027 54.95278654388047, 25.9750948435492 54.953625367816365, 25.965933453250962 54.951568647505006, 25.961556782336288 54.94920393329252, 25.955532820875682 54.94945652882811, 25.94783303719421 54.94694083284392, 25.947028539554477 54.94553852216046, 25.929276183215503 54.9365801170195, 25.9212475624121 54.93556253743821, 25.918362841089436 54.932962531121575, 25.909777788578857 54.93012784346328, 25.886076794621957 54.93506289480607, 25.882420830056706 54.9327619661019, 25.879619704644764 54.92851058874821, 25.860408463035395 54.92617377694233, 25.857604203314065 54.920712985791724, 25.86282894626381 54.91954017497278, 25.863797409387338 54.91845103306629, 25.86099973601639 54.91607213182993, 25.858298315322468 54.91088398017224, 25.862305401232454 54.90537851629406, 25.857331421532237 54.90077034806105, 25.85600166909863 54.89610398586327, 25.846186851452618 54.89244425020401, 25.84422735024531 54.889323636217036, 25.840088445566423 54.88843099055005, 25.83756678032145 54.88582830948609, 25.831781727994773 54.883007038100445, 25.826961111151462 54.88262811138366, 25.82535981924977 54.878756155041984, 25.82357585745135 54.87765829720507, 25.817830439306277 54.877686808016364, 25.81758258779847 54.87633181810575, 25.81954042740119 54.874907814065686, 25.819374093212286 54.87265333594904, 25.813053467503398 54.8707394333033, 25.812428719020094 54.868287354676056, 25.810331619635985 54.866138640390915, 25.805477913134155 54.86494789715199, 25.79708067220352 54.858906553329426, 25.786487921368717 54.85758584177487, 25.781765405074434 54.853711340813014, 25.782135352163923 54.84406253926676, 25.786757632108785 54.84131488727465, 25.787433580800247 54.83969172647965, 25.781915181746342 54.83458227788053, 25.781708557642006 54.829224415094544, 25.779557752664193 54.82581304502041, 25.776139796716702 54.8226849252644, 25.77278584484602 54.82128865120605, 25.75369410514021 54.82088860451742, 25.75118424649031 54.817690926677486, 25.746290437996986 54.81492022714892, 25.744439724473306 54.80912337303209, 25.73729014801359 54.80236805425764, 25.73833053463232 54.79941855062814, 25.737700478586685 54.79610470875095, 25.742437389116933 54.78332402206412, 25.743099405064726 54.77856382596884, 25.752661974325477 54.764201946485684, 25.751594635498094 54.75825962352106, 25.748739575372078 54.75414089284287, 25.750332948613487 54.738136519520474, 25.748556363052373 54.71879236402675, 25.74522380393084 54.708643410270476, 25.73868774216484 54.701194429544394, 25.74041674214256 54.69057158986975, 25.74297671855494 54.68583170742649, 25.7399851132622 54.68343967707398, 25.734913220075896 54.68378158268195, 25.734005200310285 54.682421125692066, 25.73782725259552 54.677697515392225, 25.73740517340421 54.67545053668737, 25.748629151858232 54.64064538883589, 25.751384891503793 54.63895372269046, 25.75141368326661 54.63740964298966, 25.74791416560392 54.63226283886312, 25.751367625873648 54.62943927907744, 25.750832499293697 54.62613887209891, 25.753744643423758 54.62525909129751, 25.759821929342305 54.619571331674706, 25.758342469111348 54.6145964218322, 25.75604722962191 54.612171451163846, 25.756063920954592 54.61034710538573, 25.75832094032166 54.60849245925103, 25.758543683298768 54.60500425191279, 25.760933622416985 54.601033125800996, 25.757978590618208 54.5969301714445, 25.760162559857655 54.595601175383415, 25.76041181195253 54.59284101584706, 25.76253752344196 54.59121486203827, 25.762541735805456 54.58525020141322, 25.764320929060165 54.58293406922375, 25.76304239272526 54.57983950036093, 25.765491611262476 54.57653200069214, 25.762490248084518 54.5752663896293, 25.761835139777716 54.573512411531894, 25.75313946189173 54.56797358617476, 25.75333055287954 54.564430655592155, 25.74870501669464 54.56144571820306, 25.735710950850677 54.55755840724015, 25.717388022333786 54.548469969735365, 25.70514761317432 54.54367386056754, 25.70202591700969 54.54353921844833, 25.6837074634101 54.53478056646451, 25.660326364898573 54.508642162304014, 25.65376166937097 54.490830679017876, 25.6423925671424 54.478306865934385, 25.643820716203074 54.475720600247875, 25.641814496884184 54.472213548607165, 25.638024019332203 54.46944874013566, 25.630215231135722 54.47020765774463, 25.622878957964367 54.468464206336485, 25.612854359003226 54.46262876127523, 25.60686716212883 54.460698905041454, 25.608402925483485 54.45777166702881, 25.61146629280837 54.45764965950451, 25.61539001238244 54.460334221242455, 25.618122710158246 54.46054075526983, 25.627887170748593 54.45770591886059, 25.63076875183523 54.45572783696083, 25.629906741562518 54.45321577274006, 25.62440565815663 54.45064953428261, 25.625719642177877 54.44808956741037, 25.62440435125942 54.44668873205966, 25.624555425297785 54.442463176615014, 25.627571183752895 54.44083052829, 25.629065223895807 54.43476123578941, 25.635863510361236 54.422768108175326, 25.631437331580308 54.416033633630875, 25.62118736732649 54.40868222717849, 25.60688266359985 54.395548375813895, 25.59554511745426 54.39562346174413, 25.592243148740142 54.397289504735554, 25.591013457922568 54.39685153361313, 25.589037570654963 54.391835718885346, 25.58941014302142 54.388512256295364, 25.594383049754327 54.38253222688681, 25.595394174076464 54.37686088990575, 25.596658573676837 54.37515754953069, 25.589116376146258 54.37190799567366, 25.565597968739876 54.364838268403666, 25.558338632645384 54.34154732006062, 25.536109224787193 54.34099078469752, 25.53519877447873 54.340117418040265, 25.53817101225605 54.33305257321564, 25.548987837338338 54.33295846326681, 25.551509569717123 54.331836474973315, 25.555139036494598 54.32533121360312, 25.550752307372573 54.322426427392195, 25.554516526442715 54.31706034905428, 25.58800044416723 54.32361839740279, 25.58999142419515 54.32275960128413, 25.592435405220122 54.31684895958525, 25.616254293757667 54.31230638984309, 25.619054987935375 54.31225385889236, 25.62526521443558 54.31826099756534, 25.62994303770753 54.31952964808463, 25.637910970999297 54.317767292027085, 25.64348484677419 54.313442403191324, 25.66020895985268 54.3233205896878, 25.676286290443613 54.325289257660124, 25.67952059590838 54.3248395465191, 25.688361788029297 54.319057585377024, 25.707998652393197 54.303982221121196, 25.708821511560238 54.30201219156787, 25.71246551211252 54.29954828149301, 25.713590495829806 54.296974899427966, 25.704127990445915 54.291104611016344, 25.70446836239121 54.28961211325327, 25.710504395370013 54.28546050520956, 25.703314534293373 54.28076315878448, 25.703387715645878 54.27969610026416, 25.712712370312982 54.27406386586911, 25.72052407930015 54.27753585488996, 25.72570939752199 54.27587337810498, 25.73111185346813 54.27637400666545, 25.740869889342036 54.2738731026791, 25.745769141967735 54.27425329925754, 25.75383514324737 54.26861795276637, 25.75122176192933 54.265204398822306, 25.754616385536753 54.26265109222531, 25.754776514213525 54.260677402546804, 25.759379283563085 54.25470291517345, 25.76035533212913 54.25173679313682, 25.773227877902965 54.242131319085445, 25.776336875611882 54.238717260630864, 25.785489417914544 54.23895501785712, 25.78755360336497 54.23792905575568, 25.78849393492272 54.23295084850171, 25.772492576759667 54.22792206076696, 25.77100673691742 54.22579888947895, 25.75462218591509 54.2205924462867, 25.757203271147215 54.21530661601813, 25.761139398487995 54.21286288596287, 25.761298136230906 54.20994040725771, 25.765427743956263 54.209248141196014, 25.7742862282114 54.20530944332943, 25.780738071161398 54.19970479461998, 25.78057157488631 54.19784143791693, 25.783319862873732 54.19363251597351, 25.779982850647325 54.18733574234425, 25.775653524648398 54.18389301992008, 25.77556220246706 54.182768219643656, 25.781859008374067 54.17788099993172, 25.782951034019003 54.16962886780582, 25.78590091656775 54.16873956562038, 25.78704785778258 54.16642573292511, 25.791695308740064 54.16538270577105, 25.788881479448023 54.154969730515056, 25.787353991832255 54.153458749737034, 25.783130054401205 54.15263104328025, 25.778222885644254 54.15350168206609, 25.776180977424488 54.1556550691495, 25.777469844434236 54.158835342646505, 25.775291165919807 54.15946280676987, 25.764298647311534 54.15754237197544, 25.743902623593932 54.159500028688306, 25.741269140243634 54.1551003284686, 25.733499783685286 54.155681557025616, 25.73161450989701 54.15671829576437, 25.731798257175022 54.16057701915661, 25.722699276242533 54.16160034736756, 25.72004281607981 54.16520844173465, 25.70958638801572 54.167945923337975, 25.70846708900399 54.1665523878024, 25.710181434105547 54.163031303591694, 25.703936962474756 54.158218322571365, 25.70302880407832 54.154322310375235, 25.69952597683971 54.15371078717055, 25.696255173509098 54.154819567437066, 25.694227860347723 54.15265062918037, 25.69165672354365 54.15202800810919, 25.69232919929996 54.14772629013193, 25.687408394083956 54.140007161324576, 25.66507367360357 54.13924494127569, 25.656565123238494 54.13432304215681, 25.654796102851847 54.13019649999407, 25.651794312654587 54.12726518561819, 25.642865519309083 54.1286278546223, 25.641542430607753 54.1268859226043, 25.638363754487003 54.12629410983764, 25.625875036593282 54.13026091452859, 25.627567447047195 54.13413301620585, 25.62019738981607 54.1382457629855, 25.619897870383 54.14120800295012, 25.613162151627833 54.139875796550605, 25.600246516607033 54.14111174186915, 25.598118358288733 54.14198701468853, 25.59774182900127 54.144603442052684, 25.585553992373708 54.145368679447216, 25.56642361351462 54.14962489008205, 25.556464309662857 54.14491958467873, 25.553627390807858 54.14478699465871, 25.545875661200263 54.15208889377421, 25.531114930646414 54.15532150649818, 25.53046944011104 54.15688624892861, 25.527125225359008 54.157985350362445, 25.526539225038128 54.1640914541864, 25.522197218135396 54.16442293535836, 25.516467431655947 54.16712868746563, 25.51374750678189 54.173346764052724, 25.508249452396512 54.17462411697523, 25.50986360784964 54.178484435776994, 25.508858637580317 54.18068839462567, 25.511089972255327 54.181898178151094, 25.514626596031302 54.1873505226805, 25.52220283015276 54.18771613702168, 25.540220487480635 54.19175997150523, 25.542605930883724 54.19335591910432, 25.551906722437973 54.19602071375764, 25.551998801874063 54.198264742782584, 25.552907980268678 54.19892689739069, 25.559195455375136 54.20010948611293, 25.56231724446179 54.20645273332718, 25.56139701824313 54.21346493985089, 25.55936020683346 54.21610826306453, 25.554728894054296 54.21599758006377, 25.54412380599018 54.220544291000365, 25.545261536969583 54.22404997504188, 25.543063796375176 54.22939634697607, 25.54583425423344 54.231703097583434, 25.54903719288428 54.23204071358294, 25.553052027394504 54.23117120517582, 25.553577482175193 54.22888838039033, 25.555051542673578 54.228501339228984, 25.56337288790532 54.233941634316835, 25.57430029273531 54.23024010765363, 25.578384596124888 54.22680856514145, 25.5861968652522 54.22719746989223, 25.58692837641295 54.23187017597267, 25.582101749578587 54.23340019679101, 25.568004358081154 54.24501347879605, 25.564686570153675 54.25088015785806, 25.567397992049067 54.25375074035116, 25.566159058080604 54.25561535741085, 25.561698820336794 54.25656587496494, 25.560420885623593 54.26182981087412, 25.55329107917816 54.26206424222678, 25.54947297827551 54.26538474209061, 25.550886465270445 54.26691944454199, 25.558906017654785 54.26826630236689, 25.562023150424103 54.27022121319972, 25.561296529075985 54.272472226496845, 25.5557598408682 54.27202840390753, 25.54071441906128 54.27500214713683, 25.536648774688473 54.27751218235803, 25.52843575570515 54.27786815971201, 25.522883131067186 54.279948763463885, 25.51779798360816 54.28032849446084, 25.514243753362376 54.291272352403944, 25.511963240253568 54.29318761748671, 25.511433273450226 54.297888840294355, 25.508343991022866 54.30107644657485, 25.510234914696525 54.30743579043152, 25.500399387941588 54.30769507177471, 25.49970247625612 54.30419971251719, 25.502823394694353 54.3005359476061, 25.502523791339854 54.29956172689971, 25.49918759326317 54.298881901950644, 25.493394008070172 54.30053029709204, 25.484669182725245 54.30090344866973, 25.48273664971611 54.29801214012051, 25.482199039631553 54.29413703386881, 25.47919444069777 54.29285991609029, 25.471503436212497 54.292204279708244, 25.471237364869424 54.29016801636648, 25.4692993576814 54.28892054129527, 25.46564443410497 54.28838199972244, 25.462181608378238 54.29023187152705, 25.458112024982057 54.28946089895098, 25.451715099941936 54.29018057191215, 25.450517374470213 54.29132216060537, 25.451223627222838 54.29647913999676, 25.447362368247163 54.29638356162294, 25.444583626638153 54.294373507806256, 25.435360444495792 54.29426431328352, 25.421941830205654 54.287910103100465, 25.4121410547385 54.286165291934786, 25.41040936226814 54.28149558948429, 25.408068316340703 54.2787968984996, 25.39741259746208 54.27315696987511, 25.393734450865214 54.27295092733165, 25.382636888900493 54.27595971274912, 25.37839857212951 54.27174000022258, 25.367941760597333 54.270655022106, 25.362282033611997 54.2656556672421, 25.35503562492385 54.26260683431435, 25.349701680842138 54.262617591927786, 25.345959007359646 54.2614714776108, 25.33814026428728 54.26471477042054, 25.322474378617258 54.26054394001565, 25.309558832755734 54.26079125157473, 25.303156655890287 54.25970866550984, 25.290679929100182 54.26029096363411, 25.28696195700291 54.261705085301855, 25.284392749695655 54.26538003795168, 25.273335911536545 54.26986032166257, 25.272744528489337 54.27201046671316, 25.27090435104309 54.27239969266254, 25.26430190691368 54.262157390900995, 25.25958981904608 54.2590964875061, 25.253611863295095 54.24984498076094, 25.24972989612796 54.24999381901005, 25.244684730123154 54.25268773250204, 25.239342444721803 54.255681173178225, 25.233357113316696 54.261127097913054, 25.22033213001512 54.25677422210616, 25.219309668925387 54.25600339526791, 25.220030787408636 54.2528702538423, 25.217743252447107 54.250654118666425, 25.217328270122376 54.24249224572363, 25.215536347229047 54.239962107653916, 25.208589423158163 54.23730704646045, 25.208997793061894 54.23341581356855, 25.20740649577067 54.23014164690917, 25.20740166332085 54.22464676475019, 25.204586635966127 54.22004379908696, 25.20001714409902 54.21743179186354, 25.19970471400319 54.21360520103832, 25.1905697870215 54.207650286201996, 25.18272226459138 54.20643738516412, 25.17830396263621 54.20310304798805, 25.163971569530506 54.198588909275195, 25.163898262883077 54.19469580557234, 25.165561198707657 54.192113094478636, 25.16532560085307 54.19077114164539, 25.160291825839213 54.18825411792842, 25.148415799724344 54.18581147720467, 25.145564707259744 54.18282225833857, 25.1411641374013 54.18235915447508, 25.12793574852599 54.171677073206354, 25.117017258135302 54.16467936022936, 25.111832672601086 54.159504030584166, 25.097025940883842 54.14961389657637, 25.09367193270636 54.14508072008364, 25.088217310072807 54.143110951576254, 25.080051441185788 54.14212954858428, 25.077250225312017 54.13534598346201, 25.071797277587635 54.132543419975335, 25.06312646220966 54.13327439021356, 25.054693827987258 54.13620170849335, 25.030388881155005 54.13504180247071, 25.01574811257752 54.13603169157711, 25.00451182342433 54.14125365314999, 24.991369144662354 54.14317833047276, 24.981689876585403 54.1485946362347, 24.980119414334514 54.15513693970442, 24.974403003294267 54.158477567263205, 24.977519628830766 54.160753526443756, 24.975831623348142 54.163500016577196, 24.967061743277018 54.16869944543644, 24.961069813966354 54.167467901073366, 24.956813440687576 54.1699639869641, 24.934627433871675 54.16378970547957, 24.929038755208406 54.16460092422631, 24.924686181378615 54.16202384482342, 24.92411036332318 54.16012723494459, 24.92262301389146 54.15924825754892, 24.91067651550121 54.15798945732111, 24.905447737788553 54.155084457663996, 24.897219166292185 54.15452025900436, 24.88294890231005 54.14933129610136, 24.86710464906872 54.1459505244081, 24.863503215293655 54.14609576354028, 24.85869292098885 54.148539688550336, 24.84831246221507 54.14612171447104, 24.837501727882145 54.1457122204202, 24.831195493081474 54.147361656761426, 24.82857962390635 54.14536666988727, 24.81942480337156 54.144769957708306, 24.819167902066717 54.14308365760786, 24.83117410782666 54.13515371278938, 24.833821670565367 54.13212437058117, 24.795394306459 54.114364305298146, 24.7858109211904 54.113714593972915, 24.779343563418674 54.117506265671025, 24.77660033823784 54.11707963652224, 24.775740915056637 54.11468510204307, 24.778139468221454 54.111572461337076, 24.777161318313627 54.10969563448388, 24.778743324148014 54.10800302606924, 24.7796036727188 54.10394611783437, 24.78184270988673 54.100321767027324, 24.787123297196004 54.097756503877065, 24.792283693778117 54.09674932672163, 24.80018756204141 54.09230834941639, 24.81038294884803 54.082861988544146, 24.816844926929157 54.07390944880715, 24.822426837058636 54.06938138832363, 24.825689826218643 54.062344683166444, 24.825760631289427 54.058382300949994, 24.828343145608468 54.05506968182855, 24.82613603402967 54.05278597736945, 24.824320959663943 54.04681745253358, 24.825908091138086 54.044187355373516, 24.837508892565918 54.03988599928825, 24.843138669333133 54.034914897087184, 24.85286719653964 54.03583686761628, 24.85484943934913 54.03804960526382, 24.86437339634268 54.04060832146377, 24.874404087311156 54.03463885709853, 24.872919518798714 54.031175102855265, 24.870176421704315 54.02863125745256, 24.8633758614922 54.025863587736154, 24.859930802979108 54.02607294527428, 24.8573589843623 54.02825135344494, 24.853307630652026 54.02762979861097, 24.850826539132512 54.02837218148727, 24.83781971441684 54.02655865386648, 24.83782769649756 54.0247726043526, 24.841954491488703 54.02082178738723, 24.835146871143287 54.01567701306305, 24.834676850562413 54.0119519765623, 24.822261756665668 54.01148638171704, 24.81674486443219 54.00453255906416, 24.81323974791731 54.002957198740106, 24.813388774728036 54.00167759170259, 24.821312121768283 53.99850125410031, 24.820702964147138 53.996639352701344, 24.814140426101122 53.99462086010688, 24.80651734307723 53.99437545309572, 24.80233012349363 53.995787882219624, 24.798393062210515 53.99574863205006, 24.793521448929326 53.998210924795266, 24.787835693515152 53.996025828009365, 24.785751884772413 53.993658053217544, 24.775167401480953 53.99270810354423, 24.772802121668175 53.98962710311461, 24.770200578148724 53.988796967211364, 24.766737483047603 53.98950801486629, 24.76443631864347 53.99204690389019, 24.75996267706737 53.99412393043377, 24.75922843270728 53.99252192389202, 24.762205194326018 53.99025968213337, 24.76201860122392 53.989376758051705, 24.758283541604555 53.98833170497789, 24.75472055400765 53.98471490358864, 24.737352282148823 53.97444173247335, 24.7374215650969 53.97288799850918, 24.743839652520176 53.96917721767899, 24.740999720905343 53.96505440163156, 24.726045229664656 53.9656242091028, 24.707871469913847 53.96296152727575, 24.699867942534024 53.96429052917, 24.684307361546814 53.960882456506816, 24.681965838380965 53.961935641795975, 24.683365483239186 53.96752054444725, 24.68668644951165 53.968763688309465, 24.690630848081256 53.974333845392735, 24.689429743597405 53.98195714772037, 24.691064644462145 53.99071638661207, 24.697210848576752 53.995578261854035, 24.698820090040275 54.003420107776606, 24.702632633234767 54.00936951571482, 24.696856899173607 54.01559748169533, 24.687211943415157 54.0167907954076, 24.673345018997967 54.01526270719463, 24.6663400622194 54.009857378768515, 24.666165837589126 54.007657362212996, 24.660913883227483 54.004461427514144, 24.65314445780084 54.00545559200743, 24.650304726900984 54.00462577432075, 24.642562367519943 54.00511624693457, 24.639894879900766 54.006455816053546, 24.630507554989805 54.004633595349816, 24.625913146270918 54.007783028851335, 24.62033377173746 54.00725754498849, 24.61392650486717 54.003730839771706, 24.613068781989316 54.001285310562814, 24.610502689525344 53.998893613415945, 24.605710797747363 53.9980138017807, 24.605996860007394 53.99376529296036, 24.604428061148468 53.99250297046328, 24.59693988842281 53.99073969729667, 24.594403191504796 53.98920309987468, 24.58959564755438 53.98923312426933, 24.578782779440015 53.98512707575422, 24.574381449100848 53.98571028688787, 24.570374497021692 53.984714105350356, 24.566039828913322 53.98278216840949, 24.55978215070387 53.976703070734416, 24.549720233034897 53.97423770780167, 24.548282020485615 53.97209629304811, 24.535474779095512 53.96816593550582, 24.521953121889485 53.961747804197046, 24.51858222476909 53.96174610966402, 24.517500412946767 53.96268257036765, 24.51747945172875 53.96466215791111, 24.514902378753632 53.96490585175397, 24.51363339666652 53.96230873522327, 24.510731694155098 53.96033133564243, 24.512434816086223 53.9543765870122, 24.51063693907452 53.94954966023386, 24.506887589481032 53.946651494654056, 24.506016463336362 53.94478190846877, 24.499541561405238 53.94272704469614, 24.49668740311089 53.94027115154289, 24.495912261114718 53.93764532818474, 24.48565802128714 53.933183199305404, 24.484104351355896 53.93092050942218, 24.475593350592565 53.93027029563126, 24.472651743508415 53.92450327762135, 24.46219739936941 53.91805822778619, 24.46037611838035 53.911368728361325, 24.45804388101003 53.90838273844923, 24.454185336640514 53.90531148108556, 24.44962046527588 53.90325827711254, 24.44469202098464 53.902847216120215, 24.44008851460997 53.9001987105403, 24.433645995983966 53.899944920279665, 24.43174810394549 53.90111519187485, 24.430985914411345 53.90314157457446, 24.39082386098436 53.90228695360889, 24.350806974695296 53.89568644833329, 24.330198862086455 53.90333038012505, 24.32572433997142 53.90410528806943, 24.321712695398038 53.9065759332965, 24.314395885071107 53.90674784447195, 24.310418093453734 53.908889731086816, 24.309546442918975 53.91063032610085, 24.302956593537512 53.913131467434646, 24.30088095738055 53.91520711008588, 24.300175178422602 53.919271001069845, 24.30546511526894 53.92254656722917, 24.305600543244704 53.92543195016638, 24.287960143220456 53.92079333108837, 24.284423057563043 53.92133072922434, 24.27151769947761 53.9341007381694, 24.261142857898975 53.93538578266337, 24.26003684339229 53.93939921845859, 24.25464616806704 53.94213313857051, 24.256438861026723 53.948482384281824, 24.254535819946767 53.94957854572531, 24.24914606920667 53.94754049604564, 24.241100298905483 53.948459417852106, 24.233678786759402 53.94363560905892, 24.22516635568852 53.94587163757739, 24.218409395970244 53.945702135949695, 24.208462171560313 53.948800457229865, 24.20743469111236 53.94982030393519, 24.2082564536084 53.95466946060761, 24.21161293147345 53.958294152922456, 24.200782166147597 53.96780331878486, 24.193568012125592 53.96495679021776, 24.18389702209047 53.96485593998986, 24.174522207607776 53.960771539335546, 24.16239816642411 53.95937890553286, 24.15549244177158 53.95983912782382, 24.143463108930586 53.95271145578578, 24.132787892970676 53.95412419227121, 24.11751702135282 53.95412501383401, 24.114474297475404 53.95546078451819, 24.112136764091733 53.95293832717507, 24.106754471284034 53.95037978644856, 24.107428344171296 53.94358252520453, 24.105843142696084 53.94035355802823, 24.10432055456885 53.93951247610855, 23.98205980806184 53.92279354074158, 23.973057704093236 53.92578087021581, 23.967667543615143 53.92554657750542, 23.96572574606369 53.92637359578327, 23.96281120541544 53.93501508098969, 23.96809317373363 53.936310563389135, 23.967622158443124 53.94191490340077, 23.963624135488875 53.94619186545297, 23.95906615466196 53.95387277042618, 23.949393210780592 53.95753042318293, 23.941811018295247 53.95554859668079, 23.93389578112735 53.95724051332982, 23.91968018021264 53.963856693695334, 23.919778876980075 53.96656554027704, 23.913462302006767 53.96803466332686, 23.91033146142491 53.96606025575834, 23.911663686910835 53.95955937786716, 23.909208144657416 53.95257620826511, 23.904900390276286 53.94939307190503, 23.89574619153547 53.9465607480618, 23.88815622592221 53.94267475703266, 23.88222637368199 53.941876260948554, 23.873362784485334 53.942834730981865, 23.866831038205785 53.94618443996921, 23.85889744734982 53.95256955202805, 23.842096887777164 53.95461220452873, 23.825372830208366 53.946532416244, 23.81935784491657 53.94112475904823, 23.80109289445105 53.93481648153593, 23.799710137545418 53.93324246847013, 23.799740039064112 53.931357364742745, 23.80167889642619 53.92740763431691, 23.813970778166155 53.92257221680566, 23.819550443539132 53.91817519435473, 23.821162450090004 53.913444966293966, 23.820213677068267 53.9102972970323, 23.8165902413371 53.907655149094424, 23.80779091331054 53.90555911688752, 23.798668734683158 53.89885216986181, 23.782761157344954 53.89927931812167, 23.77884686746915 53.89771761132836, 23.771690187185435 53.900076492610374, 23.771130565852733 53.9032292703141, 23.77393393467236 53.90934905165066, 23.771107424454932 53.910557678426365, 23.77039900302676 53.91310577019972, 23.763872297859837 53.91737869560122, 23.762750725114458 53.923394743531446, 23.755011884348942 53.92402827821319, 23.75245978750161 53.92595727309548, 23.74490179200381 53.925623174588935, 23.73631118480723 53.92851323199629, 23.730492373648495 53.92892745053815, 23.727838229280675 53.93017925319422, 23.727386734794354 53.93163917452177, 23.720499943533124 53.935010296179605, 23.711938467037555 53.936365184397985, 23.70436032870862 53.932776397884176, 23.696659489328905 53.93396989870895, 23.691739817780874 53.931866424849886, 23.68206184521972 53.93080091814837, 23.67752383156588 53.931348621860124, 23.674738117303253 53.93323606706041, 23.671879133816525 53.93056003071141, 23.667718467657245 53.92987582914496, 23.663217168390087 53.93041778410266, 23.656451087376972 53.93343601893153, 23.650599467463994 53.933612495781, 23.637629991136535 53.93007811013292, 23.63319314239983 53.92636068027213, 23.61592047911353 53.926319704011426, 23.609627675757153 53.92127964547989, 23.606021897944174 53.92071085201762, 23.600490442955618 53.92286611156927, 23.599579098454107 53.92485117619537, 23.597525336377224 53.92601001211722, 23.59709398797945 53.92825310108779, 23.595321969973458 53.92977403736369, 23.5964590754705 53.9314419186026, 23.59582469529914 53.933008766424564, 23.58931641475468 53.935763488946144, 23.582928913146162 53.93631599078177, 23.579425377796507 53.93829625764491, 23.578516740793656 53.94039344200652, 23.569461231732266 53.94253386633617, 23.564742003951174 53.93882166098871, 23.559713400061376 53.93796273217175, 23.554757762825947 53.941226165691404, 23.549436036637964 53.94095457357967, 23.546699458390524 53.94262565296874, 23.54121311544233 53.940446247253995, 23.53630447690114 53.940688832812064, 23.534327257433123 53.941609520914284, 23.53390119373629 53.944957396561456, 23.530976928211235 53.94627073836867, 23.529553441627797 53.94927165230749, 23.526305052720893 53.950274371318834, 23.524471047106672 53.95344726666233, 23.517437541104456 53.952802151627694, 23.51586768480756 53.931361015948966, 23.514550568752195 53.92902027469465, 23.514740025770983 53.91119074642599, 23.5166075540233 53.90748033907085, 23.52700648416534 53.87222489885433, 23.529162054351836 53.86915071631138, 23.52871747424057 53.86647836361272, 23.531965659036292 53.86077542290781, 23.535864846411314 53.85904341951444, 23.54111614301846 53.859540641274656, 23.549515388654953 53.857370620956516, 23.55482723280883 53.85086585413104, 23.55451640671339 53.849285960163286, 23.548240269013803 53.846566604857024, 23.548487346373435 53.84498699877223, 23.55502753420859 53.84111770826851, 23.55447062332077 53.83790640351108, 23.55239409304316 53.83503281956542, 23.556379141669066 53.83244335938156, 23.556814309403318 53.83119573552698, 23.55604204329705 53.82949247577018, 23.551738554782997 53.82858475252936, 23.549074446215354 53.82558502523498, 23.547550685115766 53.795485156496675, 23.551747370356313 53.768238918848894, 23.584942134070165 53.74382150996348, 23.588524215042124 53.727912653385786, 23.5888020603213 53.703027438403204, 23.605649235877515 53.66235608246372, 23.63007797796875 53.59467609569813, 23.654078735455393 53.54509198088142, 23.662264598863064 53.52170750509506, 23.67047214361464 53.51190117288116, 23.70997232996095 53.43688109673807, 23.740057394216937 53.39138331325561, 23.75004088775044 53.37289769187358, 23.769930677741623 53.33129192812086, 23.792382823298265 53.29242208243384, 23.801729820747603 53.27416561641683, 23.82087746996135 53.24495124615471, 23.857737503956407 53.23241670559407, 23.864137016878367 53.22114571930661, 23.86467684725084 53.2136255761542, 23.860818623444178 53.209874550807136, 23.86661416363996 53.203831884494825, 23.865566125589183 53.2019966736449, 23.866077047201028 53.19808313120026, 23.882555569706458 53.18943727565968, 23.885208264813357 53.185968401417355, 23.89083809364861 53.1840220473881, 23.89369283004693 53.18171892020974, 23.894809552452532 53.17926661141987, 23.89712213022617 53.17800475951259, 23.903743093832897 53.17734274053108, 23.906683314759565 53.17556315948873, 23.910236138069443 53.17255367158775, 23.912479678597553 53.16851376285762, 23.91637463069552 53.167172847843105, 23.91606969401933 53.16439947966286, 23.91780942146325 53.162454100481746, 23.917969951893106 53.159400507598086, 23.920923407774634 53.15764623702223, 23.918576664581586 53.15266755512001, 23.91404109293992 53.149175872701505, 23.916385455657966 53.14535684143723, 23.91855916426369 53.14390230324467, 23.918410521976817 53.14266585569994, 23.914539294877642 53.13721620789228, 23.9082514550253 53.13556428969894, 23.90273093273585 53.130899922895466, 23.900263117912033 53.13011636650496, 23.900453957712106 53.12457224169597, 23.89579374788785 53.12346023657288, 23.893327299746275 53.12065355416382, 23.89196064619835 53.118309160155285, 23.89232215734741 53.11665437327461, 23.890762454030003 53.115701798967464, 23.89024999114115 53.11380285747643, 23.8917543571967 53.11178669406282, 23.8910258874934 53.11060574881229, 23.891367321716356 53.1046279478212, 23.88838326677035 53.10221822653805, 23.885110999997192 53.101204220930455, 23.884737073380812 53.09980280730967, 23.885948680973897 53.09827298616195, 23.885174496371118 53.0972271556322, 23.885497146338324 53.09330549510703, 23.88307125884927 53.090743551429476, 23.87936856278975 53.089807758335596, 23.8756699194563 53.08180435345321, 23.88105794305026 53.079840003803895, 23.882276728205934 53.07593850799598, 23.884209304250046 53.074365279801555, 23.88558348143531 53.066226854384155, 23.889270771462535 53.06426334991845, 23.897596746699147 53.063336501797096, 23.903257271718882 53.06052409689976, 23.90558347348156 53.05781371885949, 23.90272018453432 53.052781338295055, 23.90293747402463 53.05019720619918, 23.908903565039083 53.046356899930345, 23.91352301159912 53.045276745251755, 23.91424599683798 53.04298210511266, 23.91905969365994 53.0402800933805, 23.918669668376733 53.03716378145152, 23.914080520675512 53.03455599460452, 23.91339300533511 53.03261423889116, 23.91467719965262 53.030061062398744, 23.92717947630977 53.02553884862869, 23.928206287007004 53.024292275996615, 23.93599457472293 52.988795334502825, 23.932164341843418 52.982687186705625, 23.933637442225617 52.976764336799036, 23.94883102139239 52.959074761331195, 23.919227104487966 52.93847095878226, 23.91906756351125 52.90641110689787, 23.92493147308821 52.90277772404487, 23.92847419833157 52.8987742015475, 23.92640483774206 52.85629014407626, 23.927654494990836 52.84245259164279, 23.927381586199765 52.830728905805685, 23.94233296242525 52.812817015048054, 23.941335311505323 52.71283472921544, 23.90288237675704 52.69095287886391, 23.894515980557646 52.678931991986815, 23.880420120601237 52.67848618439721, 23.78356850044891 52.626832603895906, 23.777762293963892 52.621764558245694, 23.773877127705948 52.621048500460304, 23.767552138408295 52.61696825941105, 23.75765248856751 52.61350627670918, 23.745785479279796 52.61095337938641, 23.74094940714943 52.61103113916469, 23.73586518831206 52.60556332025099, 23.732699693555 52.60552878417312, 23.73067841621539 52.60742919475371, 23.71873153313642 52.61336386292151, 23.642260526076296 52.60636160935447, 23.58885786093408 52.59309682727085, 23.541588849889298 52.57931431200028, 23.505733142842278 52.565305510329644, 23.468739568630742 52.548719864630066, 23.46004827887363 52.53963678260911, 23.437075802773865 52.52883822596759, 23.410704925138827 52.51119538178887, 23.359520618618095 52.468931754769756, 23.314957235927363 52.42492039425732, 23.312898572536643 52.413736857734214, 23.303930955762507 52.40485951547513, 23.280037631011844 52.39211161813546, 23.242944788939123 52.35622743133167, 23.21794606022195 52.329233585119184, 23.182930717227975 52.285112079040225, 23.203882589934036 52.27869623965284, 23.207024033430045 52.275967177510644, 23.206742399048835 52.27327609804936, 23.20241683676202 52.26983540314612, 23.202406839691562 52.26735670069836, 23.20819680594537 52.25693403010327, 23.20575393461141 52.25159316908994, 23.200214991868275 52.24663241648762, 23.196906998723033 52.2408106607105, 23.19689992714682 52.23917440042237, 23.199456624470955 52.236346114250665, 23.202850666235847 52.229405001061636, 23.205347941551437 52.227467132911585, 23.222740010652643 52.22580804923209, 23.23736893697922 52.22123384475762, 23.250793429557497 52.220298459576924, 23.256627049260825 52.21916413900203, 23.26099137299136 52.216912166192984, 23.26735724441617 52.21604359429702, 23.27256255786325 52.21605330549048, 23.29357223091122 52.22213534615828, 23.306086958318147 52.22262587154101, 23.309926179909876 52.220628001810944, 23.310328087630413 52.21824616066836, 23.30541008373094 52.21220921773797, 23.31109906188505 52.20972111081298, 23.31624471482185 52.20922285680171, 23.327168377355424 52.21186664410236, 23.33781280920316 52.20745773418372, 23.34290804128242 52.210837847470025, 23.350902284891237 52.211956627923755, 23.35552438541117 52.2111469847523, 23.35823122638235 52.208094882869304, 23.36736120922936 52.209061948879615, 23.37234765360626 52.20630341973624, 23.37305334785233 52.197625829968075, 23.376797879207672 52.19613287467589, 23.379685968519997 52.19604750756698, 23.385948745333067 52.19811617050639, 23.38698102614643 52.2004039589006, 23.388696447352963 52.20141310583351, 23.39670131323603 52.201966793274394, 23.399156520092518 52.20023572545392, 23.398333465082743 52.196303859229864, 23.402012805277916 52.195336951665105, 23.40426973293761 52.192977172843364, 23.403478794712026 52.19087429366626, 23.399888387388433 52.1875379449121, 23.401346242170415 52.179143283618636, 23.404542167748286 52.17916438465255, 23.406809901018462 52.181554611366806, 23.410946057533653 52.18347501296212, 23.416726226743958 52.18355815091918, 23.420225575806207 52.181660383640654, 23.4256357014753 52.17366736933292, 23.42970717982454 52.17399832414503, 23.43781067363264 52.17873155734004, 23.443844519590893 52.18413250544738, 23.449744878092787 52.18338938433704, 23.457604417802866 52.18578529869715, 23.464340334688185 52.18421315492558, 23.46516314699289 52.18229453599464, 23.464241452741103 52.177675363482564, 23.467921981484434 52.175389136409, 23.470713989853135 52.17586738522144, 23.479746048557246 52.18126068008788, 23.484845098007558 52.18245577281594, 23.496253376206536 52.18155427437831, 23.50274940032073 52.17993026437793, 23.508013951518336 52.176894659767456, 23.50995769216253 52.17389719221551, 23.50597580145327 52.171088496034585, 23.49873082729079 52.17047594950352, 23.49641217126415 52.168488683768494, 23.49167412762733 52.167362245892676, 23.48875779693756 52.16478362490295, 23.49215263410095 52.15985695745364, 23.489571960806433 52.15488631746096, 23.490873378633975 52.15180306060837, 23.499352806658706 52.14837641618573, 23.50653829261833 52.15162464211402, 23.513114223949827 52.150261511353996, 23.516877696319593 52.146351912818304, 23.51809160619906 52.140266808971774, 23.52255957700202 52.138008132613585, 23.52365791517083 52.133810167624205, 23.52745374934163 52.13304103271247, 23.533923634423576 52.133795401472106, 23.53690685579751 52.13259408922762, 23.53879458020811 52.13040787366006, 23.544030807250987 52.12903036940452, 23.54616589080985 52.12501048053211, 23.545986529827672 52.119575992730326, 23.550916060163548 52.11582281914393, 23.55105984309769 52.11294719579842, 23.552299170163348 52.11200243756687, 23.553588924496296 52.11242305675357, 23.5535236267305 52.11817689764203, 23.55573392588843 52.11975606379624, 23.56226051469432 52.120458764906004, 23.56829051289766 52.11679116028923, 23.578234764950697 52.12075568569684, 23.581800446603967 52.12104029540137, 23.587898493376173 52.1184768795716, 23.59994394685078 52.11842035642493, 23.606673163079023 52.114570570312225, 23.610589549862887 52.10982058228315, 23.620074938976295 52.10959252364231, 23.62246989020726 52.10745590988044, 23.622552172584005 52.105724810867926, 23.62062230675746 52.103876264962665, 23.613459894502228 52.102465655959165, 23.612906356013855 52.10060802080502, 23.61410676994799 52.09855238031108, 23.6250033007051 52.09065946402173, 23.642420823458345 52.08640675060913, 23.643268986900523 52.08067051311443, 23.645335318385353 52.07813972025244, 23.64904842331841 52.07644031608436, 23.653197144501352 52.076110310237965, 23.656210813959866 52.072869807406676, 23.655948794507133 52.07055408739289, 23.6516748381909 52.06718940890469, 23.64799804846336 52.06585776546853, 23.647739284085244 52.064344640803384, 23.65377339186947 52.06404713588902, 23.657644901118424 52.06202279653836, 23.65803960808769 52.05950215883736, 23.65522557533611 52.05610906442876, 23.658354588193426 52.05206154873092, 23.66016940446776 52.04422635391292, 23.665322743946188 52.04016426919018, 23.663271319115744 52.03179498453068, 23.665682162850498 52.02392582671308, 23.66052806916815 52.01986997188933, 23.660395628478057 52.01868095355574, 23.669370826722574 52.01528733314961, 23.676954414504873 52.00512411998234, 23.679801613165203 52.00315871974297, 23.686168276312255 52.00122130411233, 23.68660197317912 51.99778387084423, 23.690906238292587 51.99446731619579, 23.69163413429691 51.99178087631842, 23.69004869394197 51.9878838995935, 23.687491717288868 51.985377377412824, 23.679586322197515 51.98339665634465, 23.675899817328247 51.980814237909605, 23.670669130513023 51.980007497546666, 23.667581996377667 51.97809855323866, 23.668094167370676 51.97396529809895, 23.67269369621646 51.96734891137105, 23.671571850809187 51.964212806932416, 23.66698270561618 51.962871596499, 23.653017509353372 51.96253404849578, 23.64725182998341 51.955963138025645, 23.641396141546235 51.95241552232505, 23.64139969159655 51.95091693281637, 23.644155100010714 51.948255469943405, 23.642692029140917 51.9434206932908, 23.64683523062474 51.940491069183835, 23.64835255391273 51.93806945896377, 23.648480648486974 51.93448320441266, 23.647054084540756 51.93184704936436, 23.644270400545885 51.930622062887686, 23.6341201862104 51.93039326040523, 23.633212184250997 51.92916939687464, 23.633696844900374 51.92302396424605, 23.631909554967738 51.921076467312396, 23.627117056941433 51.92093999754679, 23.619724376210286 51.92355395461469, 23.614729245499177 51.91906626087665, 23.615418895382977 51.91685519491095, 23.61780139084535 51.91598945998544, 23.623031304865112 51.911045549701946, 23.622376204372408 51.906970564422345, 23.62053631244973 51.90563130417331, 23.620582211641953 51.904061592529345, 23.63334875378865 51.900705250156264, 23.64065622275928 51.89433427840302, 23.640004588282785 51.891821976599836, 23.638691206334624 51.890926973720255, 23.629935340863117 51.888235791322, 23.62508105436754 51.88533633048552, 23.626481079257065 51.882659513358945, 23.631078127772927 51.88051888033305, 23.633634368414928 51.87765564499181, 23.63432554926661 51.875481587665085, 23.632720732638543 51.872894901317125, 23.626309703423622 51.87210692654322, 23.617421856298918 51.87710889532531, 23.61293790391539 51.87711339852123, 23.609409709645234 51.87551118930757, 23.61261014250402 51.86135486846464, 23.619182607712794 51.858138847747064, 23.620107803352404 51.85616965560288, 23.614677653670984 51.85146083314904, 23.614563736742376 51.84501002525381, 23.609564050011404 51.84182821776364, 23.611767383271722 51.83908309056551, 23.611580669841505 51.836535627486725, 23.60422078924419 51.83337422529569, 23.604774669777665 51.831137181381486, 23.61874515480375 51.83287229088753, 23.62368578786853 51.83138784465057, 23.626988092967572 51.826792466351364, 23.624763948313113 51.82146874617495, 23.630683091060092 51.8196242709009, 23.633882541437256 51.813616876468345, 23.642710237613553 51.80517188217813, 23.643952764987205 51.80030758062351, 23.638620756787816 51.79612994366746, 23.639826918128346 51.793425861360376, 23.639223726859427 51.791683808820665, 23.636465310738817 51.78983937394993, 23.63247987076667 51.78976780613921, 23.63202293825889 51.7886840982521, 23.63383192019384 51.786611454345206, 23.633554065966518 51.77997064524155, 23.63130677832232 51.778509471704126, 23.626922101568294 51.77862112610401, 23.624439349607705 51.776914011649545, 23.61977051471748 51.77666148658128, 23.61909995825394 51.774023513212384, 23.61641495395565 51.7716607352473, 23.61234941505448 51.77087887471789, 23.605644548336702 51.77203960724834, 23.599044026108228 51.771463065428236, 23.597547634496028 51.769863222437394, 23.596710619024616 51.766250479078735, 23.591229803448915 51.76317399054129, 23.59074768057269 51.759664070524224, 23.588392029379566 51.758368590122394, 23.581867992059113 51.75893670270562, 23.57463804062991 51.75570948121678, 23.564112026859455 51.756368776548115, 23.560240530534237 51.75831574544837, 23.552281425563237 51.754038446591984, 23.550810800681944 51.750328877042975, 23.545589325148242 51.74616213894113, 23.532995757900466 51.742483244970295, 23.534825938958758 51.73673019897975, 23.53134950604818 51.730656890588094, 23.536814260443965 51.72873619747351, 23.537607674951552 51.7245076152474, 23.539848211602614 51.72507223186029, 23.540392956459282 51.72696735029407, 23.542941160285284 51.72862907549766, 23.549236864811697 51.72768781395378, 23.550905445597415 51.71932524870089, 23.555441336838577 51.71638900515544, 23.5526206406133 51.71133938078269, 23.55663698984454 51.71007014316231, 23.557761241989 51.70873191581794, 23.558040903968404 51.706798990903316, 23.55608409389467 51.7036793287984, 23.56153173579267 51.70153995054093, 23.56299149935193 51.69896691103216, 23.562513794640026 51.69769781369973, 23.55832173571089 51.696262121412545, 23.557400441474392 51.6914919433438, 23.552146761009112 51.68712416546376, 23.551571887826167 51.68546650274675, 23.55171506787239 51.68410348314015, 23.558456078413997 51.68159970324056, 23.55505386539159 51.676364762917295, 23.554905972823285 51.6743610082256, 23.55814772846857 51.66828049689308, 23.560867547437194 51.66675590719168, 23.56071749015496 51.66500024474672, 23.555748018125886 51.661872655152706, 23.54848372723529 51.6623378587121, 23.545169382517397 51.65760009260343, 23.542396977935073 51.656324078410464, 23.5461941346808 51.651637171784124, 23.542257508892106 51.64878051846382, 23.54207323023369 51.64704188412688, 23.545225342212223 51.64576555770649, 23.546754858398007 51.6435933661655, 23.54987555559327 51.642685068232666, 23.55132495425707 51.640844837351345, 23.55012981777165 51.63654229937038, 23.544083957529512 51.63382541813628, 23.546298085147413 51.630624652256444, 23.545377181734736 51.62600479299741, 23.54863521950211 51.62280987749037, 23.54899732285216 51.62056330630081, 23.54689713703817 51.61539361329279, 23.544726190179226 51.6134714255928, 23.545790262887614 51.610953582544916, 23.545041487837306 51.607594408532286, 23.546599029226446 51.6051050363074, 23.544035288465924 51.602879135336224, 23.54390753958329 51.60153355670547, 23.54902041594876 51.60012052926633, 23.5514658945923 51.59803851996904, 23.55331476829551 51.59169956460212, 23.556991415157867 51.588077536648655, 23.556051895478657 51.58384662442105, 23.565622211780656 51.58216589042287, 23.56953384274514 51.579583882874765, 23.570690873803333 51.576183364708875, 23.5667668046598 51.570526334493024, 23.571255606706593 51.5680409075586, 23.57042328048181 51.56230279215056, 23.57654947785896 51.56069191006153, 23.58036536975346 51.55752537807887, 23.578910677519808 51.55531943382595, 23.573744111706432 51.554059797813665, 23.567903744805157 51.54999953696205, 23.56704345077609 51.546379618193676, 23.565144977438283 51.54420965884782, 23.567499453769738 51.540324526066605, 23.567408999057786 51.53499222296638, 23.5716426890302 51.533381474317814, 23.578563767666246 51.53321933636163, 23.584825434394784 51.530340650220076, 23.586929339594906 51.53433599613634, 23.590221431106784 51.53616560081069, 23.593850398319688 51.5365402059568, 23.59796056797132 51.535130159085284, 23.59994188784884 51.532301472605496, 23.603973623704665 51.529917457418826, 23.614447287773643 51.52973733739832, 23.61600461132306 51.52826723934318, 23.616709257796032 51.523115099897154, 23.622372753942344 51.519540516860026, 23.627472119064933 51.513779629495765, 23.62550380797449 51.511523486460156, 23.620182126098786 51.51069816182794, 23.619386115213537 51.503180637202156, 23.626246206643337 51.50182593575249, 23.626995078831353 51.50076040049998, 23.626576403251672 51.49830980892095, 23.630440829010748 51.49578719766547, 23.634585262420604 51.496571505001015, 23.647025711433148 51.48915236316957, 23.651407460048976 51.48909351781437, 23.65655568649202 51.49154330808854, 23.66493764735214 51.492289861211674, 23.673168616461684 51.4881444263446, 23.681681539590738 51.47363213058734, 23.6775407247705 51.4700443767784, 23.663008426302913 51.461395844472825, 23.65522450865178 51.45882533103575, 23.655116411610624 51.457256762535316, 23.66060273541376 51.44930767743394, 23.66441631498497 51.447604946986964, 23.687515901521525 51.444628341225, 23.69094389541273 51.436168700944776, 23.687362330078486 51.43285976155652, 23.68711517746787 51.431383685949044, 23.693417535123093 51.42737639392405, 23.696535783121714 51.42246835795117, 23.704891045211472 51.42141813854308, 23.706509828463755 51.419354800241294, 23.702488440769923 51.414449656789294, 23.70494675753857 51.412711097422466, 23.708578910087127 51.40404309548165, 23.695641857754474 51.39982698646663, 23.691589804821422 51.39744526972332, 23.68772379704218 51.392876687142355, 23.687877157488714 51.39169214865301, 23.691562928081947 51.38977747015437, 23.692594525717826 51.38719704278321, 23.687104879734907 51.38330941945451, 23.686690599114215 51.3803849330278, 23.68949587402121 51.37725244158499, 23.688381281666747 51.36823637233768, 23.684594745258238 51.36662691968554, 23.679411906300285 51.367196203307124, 23.672888549454076 51.36499837430253, 23.67036009846577 51.36013820850263, 23.66770324652014 51.359388207264146, 23.663202824252195 51.35595219106603, 23.65923941267309 51.346139475837134, 23.65936441200432 51.34487554506057, 23.662801711946813 51.342612646751014, 23.66341738611105 51.3393761172008, 23.650704083947417 51.33545949747469, 23.64691628786284 51.3323339474229, 23.64373823762543 51.3210372449364, 23.64585939293602 51.31414093814407, 23.654413746799726 51.30583102292368, 23.657705896633328 51.2914355985336, 23.663214078157523 51.2936247624457, 23.66943373779115 51.2935419603821, 23.67225463951877 51.2918044869383, 23.67831835001242 51.29353951334623, 23.68721159401694 51.29193031199256, 23.68853844911382 51.288841351704455, 23.68999568236201 51.288212086208496, 23.692030596062587 51.288555724588825, 23.691836361267217 51.29091510238641, 23.693230791542398 51.292322744481424, 23.698020999742525 51.29169697210049, 23.69939142557496 51.28882228255188, 23.698377202382446 51.2865021642028, 23.69994859586616 51.28404427439311, 23.707058839411133 51.282042951669595, 23.708337589076752 51.27966211790826, 23.711673194823643 51.278031668529486, 23.714352748724846 51.27237760534166, 23.717952433711474 51.27224959905326, 23.722249931091024 51.2702840529815, 23.728706128063145 51.26167704752898, 23.730708458835707 51.25858495467534, 23.732759772436232 51.24976230456804, 23.732229465995918 51.240432868427945, 23.733701327537826 51.23936824495708, 23.733640007343926 51.23742173197458, 23.735931350324996 51.23493017798943, 23.742784806368455 51.23412548396235, 23.74687189495736 51.23061776220976, 23.746075028461274 51.2279651988144, 23.75067548644495 51.22397651921354, 23.75070100641251 51.220481513572004, 23.746890878661308 51.21721533618456, 23.747905408108117 51.2151139634336, 23.760391375410034 51.2125933557257, 23.763506544054678 51.207910365095884, 23.775588127916198 51.20297243935448, 23.784993219001567 51.20297616831205, 23.789898507037574 51.1998508095212, 23.794133710945374 51.19231459537153, 23.8044167395255 51.19100936693749, 23.813542824161324 51.1856210222097, 23.82197245714585 51.17909543296663, 23.824503576481824 51.17342231281811, 23.830844719999643 51.16997404738059, 23.83189802587271 51.16585581943677, 23.833648962455246 51.16458056310898, 23.83868462542261 51.16416451539038, 23.84368932748306 51.16538796439814, 23.846427239443024 51.16343069652083, 23.85287831409706 51.1626946313485, 23.855586363313513 51.159176057178385, 23.861985879853208 51.15887734770992, 23.86712162824776 51.159871164204105, 23.86882359330377 51.1590359264041, 23.870408788709554 51.15491894640899, 23.875492874676684 51.15149021359426, 23.874695193315127 51.14617815880121, 23.878990076944266 51.13654604003244, 23.876178034905934 51.13153627088143, 23.872015372381536 51.13036874868783, 23.869716656909205 51.12830833605166, 23.860672941467044 51.12637995761301, 23.859467854304665 51.12437180053426, 23.868882352791797 51.11220095475777, 23.869664083327944 51.10736336584389, 23.868019089294236 51.10305579730196, 23.878732426267362 51.096759697384826, 23.887753910310984 51.08300779224576, 23.89296105345157 51.08378932380746, 23.903978088987625 51.07971369001701, 23.91290990894489 51.07995766339814, 23.920467618230454 51.075365863990136, 23.921661221400274 51.071888700198315, 23.919500749591005 51.06630232046384, 23.922555635782672 51.061671093158836, 23.925202206518698 51.05397504997765, 23.922738545815033 51.04705004310407, 23.923292433601247 51.04457713284929, 23.92776509555269 51.04247068692424, 23.937565089631036 51.043040069675776, 23.93915474752008 51.0419118262358, 23.93795604582784 51.03726876113798, 23.92947394888189 51.03025318528395, 23.933625107362765 51.02638385288478, 23.934753360045978 51.021735715302036, 23.943104688052074 51.01718601492374, 23.94226385792803 51.016258355214774, 23.93873743824644 51.01573595204415, 23.937258596626876 51.01265919588618, 23.93386248064356 51.01155237811585, 23.933569598066104 51.01013654127963, 23.94391912612979 51.00759167083632, 23.955554449434956 51.00244064301074, 23.97047518003074 50.98726372470554, 23.97606882296269 50.97577218966431, 23.978914852888224 50.95658458590344, 23.993363720337932 50.94871296648992, 24.006180203472375 50.932655127971344, 24.048119100588227 50.90819115359361, 24.05857794461402 50.900960258137566, 24.06190220739065 50.897026732656634, 24.088349334190593 50.89422476249305, 24.10456894146187 50.88417112597377, 24.114140580416112 50.8794174900263, 24.119952048728617 50.87865579007877, 24.125132693266384 50.875086362964154, 24.13270205346065 50.874308577401735, 24.140146857045227 50.87146385940913, 24.14945009292679 50.872290939849364, 24.153038543436654 50.87159097760347, 24.153322326303265 50.86381605666736, 24.150749977466354 50.85972065825537, 24.13787315583628 50.852547194036454, 24.13380670280492 50.847932450346924, 24.127600080004683 50.846416506913286, 24.12529900053695 50.844022096997676, 24.119901135921797 50.843558555939275, 24.1173591644116 50.840648727112075, 24.103461479646885 50.83685953770681, 24.101694033071528 50.834868489221556, 24.084206530471576 50.834433533142416, 24.073466478703565 50.83279791907782, 24.067154429405065 50.83395518804106, 24.063146692568974 50.832886597399835, 24.060134528716727 50.83420954369796, 24.054871998725748 50.83329476187259, 24.05104027230965 50.83495744951284, 24.043850475371446 50.8324625178503, 24.04017963402347 50.83353924240976, 24.037196762777416 50.836298481536915, 24.031680104852708 50.83480088871219, 24.023109105100264 50.83910158901136, 24.01797900334186 50.83762552553247, 24.00834446102254 50.83804294687582, 24.005281247978047 50.839692294454444, 23.990568620361095 50.835983737676884, 23.985730263305708 50.8294848693574, 23.986030530831638 50.8264753334529, 23.982519708964485 50.824928769328245, 23.973093639679032 50.811950151187446, 23.972773351894876 50.80552944160266, 23.96750572316959 50.80052644443719, 23.9684540103149 50.79608262130734, 23.973489328863344 50.79034383833813, 23.971822049293213 50.78510178949777, 23.97884039923914 50.78035206956609, 23.980439104962585 50.777050410652734, 23.984518571968252 50.7749043467716, 24.01215263838045 50.77520709081134, 24.025356245584838 50.77046622156667, 24.0285867165814 50.76532761243347, 24.026894529511672 50.762978190509465, 24.028055695767453 50.75986026984444, 24.02747692509332 50.758408354370594, 24.022798059253283 50.75640249356416, 24.024307683985935 50.75246253030382, 24.026309957029056 50.75084209495314, 24.024549791689303 50.7476005914808, 24.025213721009226 50.745393331279494, 24.02203705827135 50.74279444311409, 24.025328990853914 50.73758623877052, 24.02353647232951 50.72691815069958, 24.0305210948131 50.7274685076394, 24.041780800298678 50.72213461053703, 24.0649073634188 50.72395468805548, 24.072218161489616 50.72322360120414, 24.073680072178117 50.722511211443376, 24.07625721662129 50.718166939990375, 24.076155937816413 50.71510161076408, 24.07750206247328 50.71393463283419, 24.077665021686673 50.71107498758153, 24.075405933526092 50.707454920513506, 24.072533496078012 50.706217810096334, 24.074796154412315 50.69891113309754, 24.07158977106312 50.694443033406365, 24.068240232403205 50.6864813404338, 24.071867613011204 50.684278979385994, 24.07155715071699 50.682039431722224, 24.075411039655894 50.67734336927475, 24.0841595408851 50.675398358496764, 24.084955616590996 50.67229551484557, 24.08886353174183 50.6695390737205, 24.08875422243468 50.66643427913279, 24.093412558975658 50.66397140616948, 24.092041027959933 50.660986249638306, 24.09224152255931 50.65801816804301, 24.094644490670902 50.6542307106159, 24.088804387640007 50.64809716993096, 24.092901932526598 50.64461102190188, 24.09407022011911 50.6394206382565, 24.096471238092143 50.638627575094844, 24.103089288741284 50.63929556703871, 24.11127888292414 50.63614302964608, 24.101072371839837 50.60255374123539, 24.101166213592947 50.599483138144095, 24.09304902044301 50.576353687550544, 24.09380544298645 50.562043500865194, 24.088910781503163 50.551822609686496, 24.080064610124396 50.52498393013207, 24.078068386902746 50.52266228262901, 24.07673985122553 50.51822504544596, 24.07430986487688 50.495043274099565, 24.05861867607324 50.45854088303639, 24.044209394758052 50.44513007641576, 24.022559311397043 50.43438765912253, 24.005981748973067 50.42849141722329, 23.999186666815426 50.41129448667366, 23.944332621107286 50.41262116633817, 23.937986601747898 50.41112744100968, 23.927045602836557 50.41137422324133, 23.884397589517626 50.40704444828876, 23.878715355662518 50.40762426403981, 23.84669734459181 50.40487385386811, 23.803833852414392 50.40362125150982, 23.779732892829635 50.40002305569062, 23.728421712168032 50.387064215990954, 23.720566665417547 50.383299023148, 23.70713153107576 50.36951606427117, 23.70328120804218 50.356524434259676, 23.698177449626847 50.34409623253013, 23.69257919801696 50.33709493205879, 23.69025122248718 50.335940617443754, 23.688230725762622 50.33084550230808, 23.669588003445455 50.32639737497386, 23.637281667784993 50.31229203245589, 23.633244884508333 50.304247866069716, 23.620098151641603 50.300321168499174, 23.612319272211632 50.29296508414979, 23.60387338465095 50.27438674616075, 23.554668044615525 50.2534229951441, 23.45722673695613 50.20329437951546, 23.40240440279638 50.15507499783074, 23.377280882331217 50.13856775545755, 23.332327252553057 50.114410323235624, 23.32075551868829 50.104091787154594, 23.30233126422761 50.09910709605927, 23.29461676014146 50.095040311271006, 23.28854193741422 50.082690208060505, 23.278929028813884 50.07148470422512, 23.245758080772042 50.05523540633913, 23.23209136759784 50.05089895541246, 23.226597068440398 50.04512424388434, 23.222901355351514 50.0312379452656, 23.215330821434776 50.02291940685917, 23.182482429742876 50.00098366716714, 23.099606057026083 49.93131604249223, 23.0613567603285 49.8962337559143, 23.025078636618563 49.866362549496564, 23.013873061501936 49.8589138269377, 22.997584637742577 49.84147620675883, 22.985518265474713 49.83946976744835, 22.972575101932236 49.8304545623807, 22.95944886196117 49.81144635297616, 22.96430386489486 49.805038320536866, 22.96401052662884 49.804025697401194, 22.955813115392008 49.8022370407084, 22.93120342876202 49.789473426428444, 22.906257838598748 49.76938606344686, 22.902874307444335 49.76508926491372, 22.89920853218086 49.75030435756218, 22.886897046311134 49.74370916083241, 22.874438928819107 49.739046962254804, 22.864797137805414 49.73024364470286, 22.86375687909853 49.72755907529707, 22.853545612578834 49.71774127876921, 22.849851584607055 49.709329933366035, 22.8236206364702 49.693574826704904, 22.80696153939797 49.69211142215588, 22.793234703027647 49.679354447785116, 22.788106167331588 49.670462628567165, 22.78561894657876 49.65652679791346, 22.772124515833518 49.64567037507937, 22.765119376676846 49.635350330314374, 22.744141282184238 49.61967856269428, 22.700931800701575 49.58389268755829, 22.685912266506342 49.56945149204588, 22.68161226906318 49.562227852772175, 22.67830587307558 49.55035112011605, 22.670143499900863 49.541547257923554, 22.66946666476065 49.53583304483958, 22.673666273354232 49.52383004554497, 22.6957043827703 49.49700131422669, 22.69908616248021 49.495425148592325, 22.702821545145458 49.488749227937156, 22.703808149618276 49.481035286655974, 22.71491966506015 49.4387591137646, 22.728073863892593 49.409762849232244, 22.729790649426256 49.4071634955753, 22.74633707790739 49.39411414406015, 22.763012073460622 49.37636004884022, 22.77985591938805 49.36343181435029, 22.803099261903927 49.34060353036452, 22.811801744432657 49.3287534226877, 22.812132656680415 49.30533514202031, 22.804333389976307 49.28760202985217, 22.7917438263851 49.2717210778696, 22.765584516447507 49.253948707254125, 22.736371643066914 49.23148730195282, 22.735732283774155 49.22482010230556, 22.739673306629033 49.220407646259694, 22.74778846874579 49.219760502501266, 22.753234402987825 49.2166034261786, 22.75355134640223 49.215561923789984, 22.736796267024246 49.20508937913245, 22.736783404681137 49.199563259994854, 22.734837958854285 49.19671985295829, 22.728054050512263 49.19218393966546, 22.72336940387493 49.1852675357165, 22.717838030986318 49.18113009600649, 22.71630235850422 49.17712162118181, 22.719425911878478 49.17194369533935, 22.721025752811695 49.17140424000689, 22.72162467209445 49.17505373420944, 22.72442021305443 49.1764683331385, 22.727572742860673 49.17631415101405, 22.730444706766402 49.179638641996846, 22.729802935880386 49.18206462959056, 22.731267231034426 49.18327047435955, 22.744608584329214 49.18587488840044, 22.759005356284987 49.18568428011892, 22.763510028564493 49.18181132737348, 22.757574846240587 49.17778471161279, 22.7559926247108 49.171308707992175, 22.751287413471363 49.17008358329175, 22.748376149903606 49.165115831628874, 22.74984750162208 49.15976700073432, 22.76155657489427 49.15538755380645, 22.76591916233261 49.1551256102566, 22.772195749992086 49.157122565519, 22.777184485945057 49.156204235038906, 22.784512273389005 49.158795394979435, 22.792409187370662 49.158951365423, 22.79827309461427 49.157841929669885, 22.802954931774615 49.14663487689773, 22.801819321201318 49.140825966128794, 22.80599592962762 49.13779029308187, 22.81772868875503 49.13425688545472, 22.83694320616842 49.12023769263643, 22.838775976697356 49.11476071361899, 22.843533501948013 49.113325328213335, 22.848927919961273 49.11603409368141, 22.853812089958787 49.11512174911824, 22.85823558398857 49.116148854306005, 22.865670052428076 49.11359077793052, 22.86848780865504 49.11023989156353, 22.865531319635647 49.10539190272469, 22.86762569545184 49.10277280387311, 22.874055950139525 49.10007251299749, 22.882135178722702 49.09937451709542, 22.885709689331893 49.10003228394646, 22.88833318302342 49.09889746048182, 22.895552643811552 49.098632317708535, 22.89837923143228 49.09475294380589, 22.889180396941008 49.081564856059806, 22.881989039510596 49.07894859748317, 22.876838610630337 49.07866263615558, 22.8756981521627 49.07783424394038, 22.875564366775563 49.07516719607643, 22.878758295051085 49.07039089243565, 22.876624141933803 49.06558313277764, 22.878811896970895 49.05695057338159, 22.883567423448806 49.05197017118127, 22.877508443493745 49.043514783190666, 22.877679470949534 49.04200593699767, 22.886006918773028 49.04170779495424, 22.888155837357157 49.04069314919568, 22.890009363226337 49.03690128512015, 22.885179043856777 49.02897831649959, 22.888548861918874 49.02432826421966, 22.900280882547012 49.01813530478051, 22.89894402994969 49.00902222248252, 22.88904186311961 49.005203552238555, 22.883127711061668 49.00552695034606, 22.875468768170894 49.00271117814118, 22.87071937257795 49.002761344359484, 22.868533843459296 49.00162037798029, 22.860375341415995 49.000792238195054, 22.852309941979236 49.00187487114858, 22.84619850759464 49.00136152929218, 22.841570509872025 49.004588159704504, 22.84135323239403 49.01173201601834, 22.83642424361437 49.02045577362407, 22.833692107680115 49.02182805355206, 22.832418566007785 49.02387736821046, 22.823976508676527 49.02147098265405, 22.818534439230838 49.023425731966626, 22.81184704233841 49.024063996094036, 22.807358443058334 49.030681098837135, 22.80678545525083 49.03377794108169, 22.7985316317751 49.03565919757969, 22.792916698552368 49.03870729734567, 22.784202195545124 49.045647755184675, 22.773192030235293 49.050029710298446, 22.764282042967235 49.04363129302681, 22.758915648407037 49.04351907556071, 22.755765339875133 49.04170274049614, 22.75076523916483 49.041666452888606, 22.74720929813855 49.044145689373195, 22.742472235877777 49.04433891009288, 22.735133534140232 49.047703308427785, 22.72658048721922 49.047035381254915, 22.72292846603904 49.04928942889317, 22.715798798497836 49.04850895645807, 22.697990881853144 49.04086264647473, 22.69091064363797 49.04135517021151, 22.687304421504695 49.038491522549194, 22.6801597285151 49.03794057976966, 22.66928163241086 49.04204416785563, 22.666646141539886 49.04647505670172, 22.65877315803926 49.04595211747081, 22.649564041520225 49.050078961804196, 22.64473996592943 49.05447411040467, 22.643796832974246 49.056582023761656, 22.637801242169264 49.0589118173205, 22.635610318354637 49.061102725377616, 22.633611958362096 49.06534331711328, 22.631609951937595 49.06665120643962, 22.63147721970149 49.06863147128536, 22.62928956237637 49.07167654964907, 22.629010347423762 49.07502705531602, 22.625405170073897 49.0783868333357, 22.616949041758506 49.08010155593313, 22.611807784165958 49.082837283729006, 22.60305761245542 49.08375005659101, 22.59784385466134 49.09258135091122, 22.588758946258558 49.094102096858535, 22.580383445814725 49.09177919481471, 22.572967464911425 49.086419056545814, 22.57169776667137 49.08119775834756, 22.562451454825982 49.07674918210182, 22.561459175516244 49.066247412412395, 22.562365836647405 49.03662614227565, 22.55099543943021 49.01705028538788, 22.55040776513117 49.00886565114162, 22.54364094631259 49.00185707464955, 22.533299309022947 48.99599410913962, 22.513751743755268 48.99537544109273, 22.504261297663643 48.998541369951724, 22.494308665770255 48.993439537302024, 22.49009565599311 48.984518287383835, 22.486890590807107 48.97253246096859, 22.469655363941644 48.964690115544016, 22.460550808866945 48.95203135419561, 22.444828192520905 48.94070108910703, 22.440742974236922 48.93262542406154, 22.44039407789236 48.923768587182664, 22.444854799650365 48.91583563167207, 22.43906576643081 48.909943329927174, 22.434627754879862 48.907192913633985, 22.432870337033776 48.88851258516294, 22.420684655846845 48.87755355399909, 22.40448207996319 48.86926781647065, 22.39664812391939 48.86097120881117, 22.390460157549178 48.83901823007313, 22.394554738083496 48.79480993453491, 22.363029826511198 48.77040830693761, 22.357816445164797 48.761088319798716, 22.35788335494946 48.75238142152609, 22.370530623013895 48.747438497216294, 22.37369216837894 48.732604102001055, 22.364115643338142 48.714069103813266, 22.359259630786475 48.69885653037672, 22.344371444558682 48.68941849723579, 22.342003763242857 48.68386728698726, 22.3405254711828 48.68289760263312, 22.326589803488872 48.68153391862095, 22.305121478044395 48.67414168839314, 22.30258202075183 48.6719674140451, 22.292144492125093 48.66828310598308, 22.29002271984417 48.664741872840345, 22.28391497446212 48.66067001448415, 22.270810787883345 48.654159138219505, 22.26787477486274 48.65378804944889, 22.266603260003762 48.652058649771284, 22.257334587681903 48.64746723372504, 22.253121434663598 48.64647623317611, 22.251991800563506 48.64504286950488, 22.251721188166936 48.63865949135233, 22.242162493808703 48.6267873667987, 22.233373573992928 48.621914320814106, 22.230882207741356 48.61949838915561, 22.223489147941603 48.61959896350104, 22.212319475470853 48.61391069321409, 22.19679518348764 48.6031683286064, 22.180761602652158 48.58794035029597, 22.170467854887736 48.55959095548199, 22.17089324719396 48.54152576100315, 22.177923432574996 48.524480370184264, 22.17109567061789 48.512768560732866, 22.167632154996102 48.4948226445816, 22.166380036061856 48.47224136012509, 22.161544401281603 48.44803233951739, 22.167031905574703 48.437967447315714, 22.162073738237485 48.426948842041945, 22.160532092923866 48.41358919490544, 22.18184126116706 48.41573421244924, 22.187669146779875 48.417916062777714, 22.194163526841667 48.42240856076029, 22.200922203338227 48.42550289114158, 22.20997155013361 48.42695639913694, 22.217369522920855 48.42480789168906, 22.23002759956773 48.424791673591834, 22.239187691878442 48.420082424831904, 22.279839883377846 48.41401771893714, 22.282978556184176 48.41017988886979, 22.279042988101036 48.40403009447127, 22.27104950804234 48.39853960820943, 22.260617377195718 48.39513966589456, 22.255023863019158 48.38927596675278, 22.266756809325052 48.38201217012578, 22.273519280041977 48.37345725568725, 22.277137703505513 48.366541952090614, 22.275408100166487 48.362722006519725, 22.282481212890506 48.35957039389485, 22.2953007632067 48.361460725764296, 22.309005538099925 48.36188432462238, 22.32165006357089 48.36537058582926, 22.329539394636043 48.3622810510888, 22.325375416393044 48.32652365642776, 22.327739175028398 48.320555408265214, 22.34302984404868 48.310750662557545, 22.34808106433404 48.30521833219953, 22.34803544873337 48.283344727203605, 22.358810859286425 48.27623197855126, 22.371449041052355 48.26554650018683, 22.37695807875186 48.25134707621824, 22.38533382014281 48.24516448360614, 22.39278767977009 48.24355875454757, 22.401806945376638 48.25250106599821, 22.413216449342077 48.25453190697868, 22.428907637681657 48.25237692122026, 22.433150603306256 48.25361216463119, 22.43787850312832 48.25122191200248, 22.45525587946778 48.251537815931655, 22.467085017787177 48.24812063996469, 22.491304657681503 48.25629801154322, 22.503091077918956 48.25663158056763, 22.511052993425412 48.25187234603072, 22.51253178742256 48.24572400414069, 22.512150013215777 48.243100556036495, 22.525365439264764 48.240874129747326, 22.52678367293374 48.23627734126547, 22.52643146732826 48.22955311490114, 22.535662786028265 48.217469899981296, 22.55280544080118 48.21319666581735, 22.564508738314167 48.20432611065677, 22.575398599087244 48.20030265970801, 22.586715396720532 48.20060696717288, 22.589273110067342 48.19344725319223, 22.575333009035564 48.18605432623106, 22.575152089254544 48.18506980057663, 22.577674199508348 48.17981688882721, 22.59030691940291 48.161979731247435, 22.59783051598757 48.15738318290137, 22.606830883682754 48.14928184850894, 22.602879859830267 48.14324832319878, 22.60454038830426 48.13109967191806, 22.60329286405419 48.12550421824161, 22.607937872369178 48.11987056981217, 22.60381520567367 48.113637286701525, 22.60319616519608 48.110462189089205, 22.60577487985702 48.1093922236719, 22.609149792187896 48.10500576160717, 22.619038808927986 48.10712149721782, 22.62574621312424 48.10446614794403, 22.63215202106765 48.105621019811664, 22.641835943844743 48.10028737406634, 22.651661746243835 48.0969834793653, 22.676076256910775 48.09379844611387, 22.683669239126232 48.09932243290026, 22.698018916370675 48.105925712720186, 22.70385631152884 48.1108679117026, 22.712907609529633 48.11216960369118, 22.71924922706627 48.11646251844919, 22.728540048099045 48.11601393367965, 22.730923230310292 48.11925717322855, 22.734266784071767 48.12079810555793, 22.739542105042606 48.120717710757766, 22.744491920953855 48.11895872038691, 22.7509773684135 48.121458316712236, 22.75625205159061 48.121458324060754, 22.766778998281733 48.11789951138709, 22.768451416490386 48.12131552947243, 22.771222989912392 48.122800033701665, 22.77765993858927 48.12279911375732, 22.783672172125094 48.12104339425968, 22.800608767860094 48.123285322215, 22.812564983288684 48.12113897949098, 22.814660832641295 48.11903549171761, 22.820631008128043 48.11970556758438, 22.833864517561732 48.1173063291712, 22.840015500394333 48.11289355076536, 22.84302646078136 48.09629299476403, 22.842585221364132 48.09333515223018, 22.848422372329605 48.08561982767313, 22.853334852857916 48.081453492517184, 22.859991534178544 48.08097047875879, 22.865101778800412 48.07808494184795, 22.875534723026625 48.057000646922674, 22.877400900066114 48.05580289836719, 22.883255268221603 48.05563394909655, 22.883738902436093 48.05092359326556, 22.891852756652796 48.04355273634393, 22.890811125540793 48.03057107580585, 22.88756439032621 48.024948676106796, 22.875431771784708 48.01831720900112, 22.874362828467813 48.01141469953459, 22.858857919734664 47.99965096439683, 22.853948783740883 47.994242346387416, 22.854274330820807 47.98869273119686, 22.860600601044748 47.98323795714896, 22.87380882173374 47.97862678877072, 22.881773275685894 47.97256809349935, 22.894274108670544 47.96808599286796, 22.90560621085097 47.961058884285016, 22.911541439349882 47.961872675863695, 22.920976283732283 47.96091450740103, 22.923980623338284 47.96195001361854, 22.929229484167767 47.960560685883245, 22.93541021542876 47.96471040486455, 22.939272629419523 47.965114075787504, 22.942557916812024 47.9672533326878, 22.940451061530627 47.97198033293006, 22.94103223621082 47.97526215130606, 22.93762515634462 47.982994828129826, 22.937670256871122 47.98921989025443, 22.933842485313377 47.997718876367806, 22.927579162267296 47.998419895359554, 22.921356112194914 48.00129847357921, 22.91796942305136 48.00663376758622, 22.91961739693993 48.01034089889219, 22.919660762419824 48.01494370591143, 22.92593392421363 48.020294284753106, 22.951614582201525 48.016722694413666, 22.9657390919993 48.01248498347709, 22.97774732809841 48.011126248685315, 22.983623887868912 48.012055233461744, 23.004071181753513 47.998504991811544, 23.01478117015721 47.99357939234532, 23.020454689304536 47.992962952962046, 23.02218171933942 47.993291757454564, 23.029733293681993 48.00162886575014, 23.055878953943807 48.00449411170365, 23.065269803780954 48.00905053951334, 23.075063893636464 48.009866725877956, 23.089111786777224 48.00791278106495, 23.089755675939553 48.01071318741879, 23.092478497029788 48.01415527698114, 23.08813286704613 48.01603610966832, 23.08764318675053 48.019926344982856, 23.091039628135817 48.022927579360875, 23.098962803059663 48.02641598222835, 23.106580573487015 48.0353398422071, 23.106429754238526 48.03781057543116, 23.098850896450053 48.040364674895805, 23.09576750493849 48.04405202287508, 23.109280955585074 48.05385414274555, 23.106888906929353 48.05793500853333, 23.107820347531188 48.06145763034898, 23.10436368563623 48.06314027510753, 23.104096808773704 48.06610977977992, 23.105434205122116 48.0678484922567, 23.112127736359295 48.07108171153859, 23.11573615345298 48.077082267096536, 23.119187420884444 48.07812709819081, 23.120592032049036 48.080821228350665, 23.112150327220778 48.08538905967349, 23.111739081943522 48.08665977680493, 23.115580507952085 48.08854785378671, 23.116941008254 48.091062965496484, 23.12540497322988 48.09324035941657, 23.128804504939108 48.096674399790636, 23.137993007362113 48.097416043611894, 23.144083712251543 48.100368176859014, 23.148924837136644 48.113262118410816, 23.1560578057486 48.11580279548442, 23.16308865739255 48.116397136576055, 23.164342640213512 48.120415374226766, 23.16635469255364 48.121283443893084, 23.1711313919697 48.120193207658595, 23.173537798219897 48.12128323643897, 23.177769574892054 48.12096978966307, 23.18186655055781 48.118793804177706, 23.187437402588184 48.11962231694273, 23.198632998705826 48.114673576130194, 23.206717758523123 48.10759857480399, 23.20387183597725 48.10111831735978, 23.206632873455142 48.09768228667159, 23.221155312172264 48.09688089771393, 23.234698283624244 48.0935416961049, 23.23993558336253 48.095530682233296, 23.245248020814227 48.09417747314264, 23.250718817921395 48.10189157201805, 23.27243980417783 48.10254790751028, 23.279530496287425 48.096811663440114, 23.281230097430402 48.08748472044334, 23.28784078793062 48.08182677962754, 23.30228880478509 48.07609601787914, 23.29821823503019 48.06621808558813, 23.289514118931564 48.061942776165694, 23.292634657858752 48.055401985373756, 23.304793987342393 48.04727006404952, 23.315451160986434 48.04582229765152, 23.335453088927732 48.039846800152574, 23.344197171503108 48.03246911198222, 23.343895465284128 48.024924343890085, 23.346245183879205 48.02174139506717, 23.358443109479666 48.02074326137075, 23.403748473487443 48.00131581703994, 23.43644642580246 48.00120878450528, 23.47990563763679 47.98390164444329, 23.49808857806174 47.98154238561713, 23.50414111328346 47.9819138487101, 23.51002826787796 47.9859128588661, 23.51513897312698 47.99333794914245, 23.518484018320642 47.99466285538946, 23.519204829232276 48.000040970973075, 23.523409218159408 48.005814519909826, 23.523541357696548 48.01288431291693, 23.526689849018 48.01999878055444, 23.52979629374938 48.021035195603716, 23.536139518353146 48.01798407491195, 23.543357230274456 48.010025055999684, 23.55562858237742 48.009071477048735, 23.56783136886956 48.00406639564599, 23.577964618429487 48.006698110917746, 23.58542937504948 48.004978347299, 23.58864275555824 48.00802660994243, 23.592649772313322 48.00953299442316, 23.602661036392725 48.00745964383895, 23.61303496637564 48.00921887053772, 23.623280256857708 48.004046346294395, 23.63041458451442 48.00512024522091, 23.637990569455752 48.00334111545515, 23.644083241027417 48.00050600494591, 23.646627084469596 47.99576455336351, 23.668529357987406 47.98954659879029, 23.69563784361505 47.99114249833807, 23.707798498504822 47.99562374432722, 23.711563159396952 47.99531332755645, 23.715630495331354 47.993350476185235, 23.71719404965804 47.99525022524279, 23.720216284760248 47.996207018596884, 23.729367440048364 47.9952916195355, 23.751367201304078 47.99795851846639, 23.76726955431556 47.9985466497002, 23.799382610958965 47.99323596405473, 23.825450238700157 47.983171872111875, 23.84467311279398 47.965350364328835, 23.85276321219798 47.952277368602275, 23.864693267970598 47.94170001523308, 23.87226035851545 47.93811391142549, 23.876780315551493 47.94289982861458, 23.882607948708916 47.945296396925514, 23.893137025008734 47.9439752916852, 23.897674506551894 47.94614826736382, 23.91277063673875 47.94836556605744, 23.920660598169448 47.946465708040634, 23.928995609308526 47.949884004633624, 23.932874515878574 47.94979508766118, 23.94335481304572 47.95326001769449, 23.94606294647763 47.95696006998079, 23.9467613585883 47.96260649610095, 23.95357351447221 47.965810320048206, 23.959391552441016 47.96612739149144, 23.965924057227813 47.96411484583759, 23.969706454858624 47.96788476342011, 23.974573435513467 47.969204578860996, 23.97890989065683 47.968445214932494, 23.98174274330632 47.9663963788666, 24.00138342051569 47.966660577696935, 24.004810839959998 47.96840896114956, 24.00875026080878 47.96862396674522, 24.01488041428676 47.96576897962785, 24.063796326865457 47.954407532120584, 24.0789722452174 47.94837981921115, 24.09445383532032 47.93889434861239, 24.10039132097775 47.93732088312569, 24.10141533379516 47.936151511376714, 24.10175873159723 47.93172313396948, 24.11091561916382 47.92446984888775, 24.126825451125928 47.91673396692888, 24.130797241399442 47.91720281440591, 24.13508309944433 47.91564896471446, 24.144481317156107 47.915161613072634, 24.1503919284738 47.918209346399244, 24.156235223363385 47.91805076302714, 24.160479153612737 47.916777102398804, 24.162774138774676 47.9205987333465, 24.164898985787442 47.921526545565634, 24.170584862825795 47.919704553475704, 24.174629812406884 47.92096686971608, 24.188548724320228 47.92179047986589, 24.20176510267183 47.921212262221324, 24.212490505208148 47.91908355191146, 24.23546517381275 47.907240733021766, 24.24166687771876 47.90730023145818, 24.270411409536553 47.915479714426056, 24.307440543230147 47.92243093920682, 24.317518347755907 47.92837597308541, 24.331067156947142 47.9333028095373, 24.340398732515528 47.93395196537141, 24.356096251545438 47.9307985428212, 24.36857279698166 47.93029219443224, 24.377841417990307 47.931427869373344, 24.37798245651464 47.934041464875754, 24.38085740424066 47.94030362562847, 24.38408612025168 47.94187225480576, 24.38882237866788 47.94711634015603, 24.38986338685916 47.95302159907036, 24.392042719745405 47.95509696979944, 24.396429495173578 47.957133687396414, 24.400406430364647 47.95733481180056, 24.408369396649043 47.961154617217595, 24.415914088796143 47.96106434195655, 24.427164754212644 47.968575299442584, 24.435095894117772 47.97170201717963, 24.441198794772255 47.969294524704175, 24.46081614495074 47.971208198327595, 24.47731241474486 47.971125710276, 24.512684105220814 47.96006175963746, 24.519423246980026 47.95929360139211, 24.526572606501535 47.96278790756636, 24.530957507252975 47.961957823369055, 24.53780619460679 47.96312381667333, 24.5483277241198 47.961376203489024, 24.553284340051402 47.96182044340648, 24.554195845797658 47.9646238479281, 24.562115092800298 47.969789511456256, 24.575858499007577 47.96863829134682, 24.586831118167147 47.96486611264205, 24.608043164524954 47.952301788945356, 24.62408995252033 47.95296774351792, 24.629396162332682 47.94929782208444, 24.63556794884996 47.94737185860098, 24.64262799130501 47.939429342859114, 24.645923223304333 47.92728195851749, 24.651885944694662 47.92346966867534, 24.660880478351974 47.920050599893166, 24.673458163677974 47.91189200050906, 24.676419941719487 47.905328156463774, 24.678644271186926 47.89593655509563, 24.680076398629502 47.88337482058218, 24.685033608463705 47.87250351472819, 24.698582944937616 47.863498034303035, 24.70560237789779 47.86002743574441, 24.722280446931144 47.84603079490249, 24.727900970520686 47.84288182293988, 24.73542622169206 47.844984257126285, 24.740596570842953 47.84216806783944, 24.74789690843807 47.84163859082543, 24.756039924211013 47.837973748941565, 24.76451249928006 47.84053857606928, 24.772584140571954 47.83855007535201, 24.779094567736056 47.83854167110357, 24.780425301513706 47.83762352114475, 24.78118400806172 47.83367445092088, 24.80488293553995 47.82407429111697, 24.81359379718678 47.82395842383925, 24.829601725713555 47.821216658943996, 24.830448149281512 47.8181894587552, 24.829769318928413 47.81610477230499, 24.83277376883236 47.814007688810506, 24.84557199044435 47.800053504222895, 24.861824398876927 47.77630420585373, 24.878307373747944 47.75822960972119, 24.890480807810956 47.746899936023304, 24.895797918707004 47.743401923025935, 24.89865969076896 47.73791041705608, 24.897124879616033 47.73059170320731, 24.899077409280725 47.7260257341235, 24.94559136076753 47.73037543626323, 24.985339732595158 47.73045927043656, 25.0012541687227 47.731802232890495, 25.006512403029415 47.7356082237622, 25.01590130450924 47.733882188000926, 25.046750035965594 47.738954514122184, 25.051406029353554 47.74389236512623, 25.051659706041942 47.74690414040482, 25.05280850224999 47.74754673288403, 25.05517030740186 47.74744006714815, 25.06277144760523 47.742872306964145, 25.093368889530286 47.75348589652807, 25.113506073537735 47.757186406975066, 25.11308651632441 47.76381720265897, 25.11432645366273 47.76869314389905, 25.13225654067828 47.783128919869945, 25.141596381548897 47.787728567903784, 25.145584894919352 47.792319549214014, 25.149307727066756 47.793279240462795, 25.154233826998272 47.79120373007204, 25.165272774179808 47.8069593252813, 25.164638240747458 47.809383895942084, 25.169602387444954 47.81206592958121, 25.178061679163644 47.82158794591941, 25.17796763628812 47.82637699876905, 25.182356239009827 47.829696314119666, 25.18770786140155 47.83041768574146, 25.198234965484875 47.843466952842924, 25.199283855735317 47.85052903643701, 25.205517280527005 47.85478952574214, 25.21359118210233 47.857502228971185, 25.219666919143616 47.86274037568884, 25.220030241222005 47.87004078669356, 25.222381384166262 47.87325589307556, 25.21913174084088 47.88158290396282, 25.22003209373625 47.88369497713088, 25.222979084105685 47.884422677745874, 25.22823792578618 47.893766946860836, 25.238243804584556 47.89712111620494, 25.244960455383595 47.89523011068614, 25.252260924688258 47.89620021821309, 25.25622593002233 47.8948106098027, 25.30170834982751 47.913937316851765, 25.327292049033293 47.92304477326205, 25.352525262506468 47.92354411363726, 25.38470213285001 47.92754419741635, 25.469105245519952 47.93054391825229, 25.50231830002019 47.93621266705803, 25.591620107409835 47.93963937443941, 25.62460758625871 47.94996261617312, 25.642913157330987 47.95087259668902, 25.66271819479694 47.94995873578915, 25.68340392609106 47.945544077412954, 25.687074944788986 47.94753134598943, 25.69169245360851 47.94647614461612, 25.69823626793195 47.94669865849651, 25.707024042136247 47.944681882588064, 25.71184357588195 47.94238258824773, 25.716259565644947 47.94225439079103, 25.71968282197631 47.945547633741235, 25.724934713122934 47.94521020768106, 25.73403504361807 47.94687049239404, 25.740609129084884 47.94274713112457, 25.77327254013789 47.94079391239345, 25.793327113369052 47.94608724627243, 25.816731739457758 47.95487150838699, 25.82417545285217 47.96472365853569, 25.837693472120993 47.96855384299172, 25.861710242328943 47.97144490994146, 25.878561039142433 47.96557114438664, 25.89654416712947 47.96397278969093, 25.908512077470967 47.97154885590241, 25.9127965075858 47.97815852563188, 25.920490457734175 47.97947449605315, 25.93973265488017 47.981374359810644, 25.973108399264984 47.9762109131292, 26.011105333105085 47.98173772475843, 26.025443380805246 47.98748161438544, 26.0561198488086 47.99129460317746, 26.07386678732176 47.992285122094046, 26.09227285884628 47.98754165346113, 26.101357903165034 47.989071744745395, 26.111694515463107 47.99270699358623, 26.144253689235114 47.989709409992976, 26.188789784713887 47.999140010786796, 26.19691425434392 48.00832538833567, 26.205584299981336 48.0289381913941, 26.209865748369896 48.05121648551951, 26.231112933592552 48.06271850726563, 26.26515702182985 48.07740888978074, 26.27003776100624 48.08174185952966, 26.2731388891744 48.08652492680475, 26.275543557853105 48.09561394111315, 26.28018995809324 48.10128834650755, 26.28210927758138 48.10745584643509, 26.282447102844245 48.113397530739256, 26.284684369278402 48.11819170868251, 26.295654039868015 48.13401505333094, 26.307787255664316 48.144743028734815, 26.31716037649942 48.15038084299512, 26.32220213974154 48.155808600303686, 26.32237192685855 48.16191402484269, 26.324875646701333 48.16784704721738, 26.31887750031337 48.17853038914846, 26.320013156577 48.18875340049244, 26.33519841686054 48.1902051846536, 26.344269529600922 48.18941237436917, 26.347789863449144 48.19242341013302, 26.354421679208595 48.192114480446115, 26.357876439989113 48.19437261351386, 26.364895658117927 48.19372689880151, 26.373062355886834 48.199189425863814, 26.38351932202963 48.20079000943218, 26.39055753696346 48.19895659645827, 26.392539009751246 48.19491762388175, 26.392090675826314 48.19112637449126, 26.397503799086525 48.19173320023614, 26.414649328527116 48.19820567846028, 26.419346232276403 48.20265848489946, 26.431597495833046 48.2017184616412, 26.432629369905616 48.20219968593054, 26.433227825851674 48.205212609915414, 26.436724720405202 48.20597258460244, 26.43875564284477 48.20841073403682, 26.454323583136723 48.20875208549418, 26.456304860257983 48.21074779874754, 26.45443945059453 48.214076881065665, 26.45988014339522 48.21884646816824, 26.477958586237342 48.224029969961094, 26.488339442339413 48.22064757328616, 26.520996658153166 48.2175575678576, 26.52915320037814 48.214459413123365, 26.54765159530244 48.217735746891776, 26.548244961776444 48.2191621279573, 26.545621585582296 48.22179630372714, 26.545365948052545 48.22373049280272, 26.548609425836403 48.226232903401026, 26.55348898062151 48.2265440829684, 26.55743944324211 48.225206853310254, 26.56251147061221 48.226200325699644, 26.56937497890883 48.224128182739, 26.570075562640493 48.22494630557254, 26.566378501338402 48.231647337004624, 26.568419309724398 48.23366489294031, 26.569672937455845 48.239768760294965, 26.57601974632451 48.24470105051729, 26.580643882301363 48.24491188764278, 26.585635816848242 48.247801571697245, 26.594558503475557 48.24845796200676, 26.602553050709243 48.24205308573106, 26.61056941537395 48.24129202041613, 26.61629524307006 48.24215477427419, 26.615116968353107 48.24641272698989, 26.61226696037161 48.249215566171024, 26.6125081072575 48.25113363742343, 26.616314937898974 48.25312472204797, 26.627415389145852 48.2517412733955, 26.628259248316578 48.25280031093306, 26.627284970112793 48.255710742464004, 26.627761765076624 48.25960688926057, 26.63265629599096 48.26263190200452, 26.645542752667406 48.26256167064355, 26.651262145935288 48.258704151842394, 26.654567750525107 48.26052015593455, 26.65575706606469 48.26303171439206, 26.657659114431684 48.26423978895296, 26.66764086173401 48.264059778893596, 26.670335301965743 48.26013740789427, 26.667805041488986 48.25377695005624, 26.669317588746853 48.25205148638985, 26.688388964953717 48.25435908716166, 26.692725860797278 48.26267948246191, 26.69491742098163 48.26487104438118, 26.700042583514453 48.26731372468885, 26.708161849299177 48.2682068426657, 26.71095489655451 48.267290722681054, 26.714885030666743 48.25765005196155, 26.722090299109713 48.25356340742002, 26.723266578900283 48.253963152634576, 26.724235966099826 48.25759050576216, 26.72665736803081 48.25907849227, 26.730449654890418 48.25962220966322, 26.732804867630144 48.26281631164959, 26.740214066650136 48.26369275128727, 26.7478731656971 48.26145885261514, 26.75295864366822 48.257052781078514, 26.74612814818849 48.25140365458205, 26.747137538312938 48.24990426044147, 26.75462315074377 48.2518836988965, 26.766129272802743 48.25262337826413, 26.77831125590193 48.250793881221924, 26.78553713195155 48.25105606371179, 26.794677057343662 48.25431302318841, 26.813430384475012 48.256874047111374, 26.820618941177454 48.25567511764922, 26.82794228686746 48.24939953038609, 26.83724493894338 48.24767878763623, 26.840477517179842 48.245215856634225, 26.84206134767165 48.23321151686514, 26.844092682090945 48.2328160782692, 26.852224541435174 48.236389975878545, 26.860808775235732 48.23681602198253, 26.88389242246997 48.21440385807311, 26.89439539780404 48.20801311945413, 26.914634290579873 48.205977715614715, 26.918723971158293 48.20303634820162, 26.91866911367203 48.201322980303644, 26.9198203394865 48.20046957883565, 26.924288850715513 48.20032310595822, 26.927074546326658 48.20252371017622, 26.93700377239571 48.204870410942036, 26.94511828319809 48.203653245629766, 26.954690163244738 48.19936211148209, 26.96016113864092 48.19455944965119, 26.96067945624029 48.189524735192364, 26.945696397229725 48.171651290707814, 26.947406172672185 48.168475390499225, 26.956977264978033 48.16597031417624, 26.983640079198977 48.16380096038595, 26.999096145771965 48.15985469262103, 27.00158807262545 48.15551333096854, 26.99740154420211 48.150208441659494, 26.994194710120645 48.14922817239921, 26.99209589007702 48.146083435382494, 26.983231993412303 48.14253632480884, 26.97492114909812 48.142937544973705, 26.964291718311216 48.14702088191935, 26.96345613802972 48.146106803367495, 26.973296269320432 48.13905621361245, 26.983206027286943 48.13532707147475, 26.997821093741045 48.13230199859412, 27.00858679268464 48.13129253694202, 27.009814701037904 48.13140057543161, 27.016335863857275 48.138613543664896, 27.02010430026491 48.13971270461302, 27.02959040632713 48.13963516996956, 27.0311937342798 48.13867112678915, 27.034552665304368 48.13130026136708, 27.045529790984684 48.13195681173338, 27.05022825716378 48.12893636333336, 27.049041592658753 48.12053948590181, 27.050591455268076 48.110843318375025, 27.038757373160752 48.09576459578631, 27.0392446723763 48.0925790248656, 27.051134338399674 48.08613109875261, 27.057130044009156 48.07441502990236, 27.065156842769 48.068670229495424, 27.083896685920877 48.05913753976264, 27.090388554070824 48.05184417527855, 27.090054383144466 48.043719633395284, 27.09234983191413 48.039271202262505, 27.096146524848777 48.03740381576791, 27.116661610344014 48.03516523007785, 27.11900899079163 48.031187397063576, 27.116833311567717 48.02855422545619, 27.108923886252 48.02682980098635, 27.10015153071185 48.02262086162192, 27.095625912640614 48.01815093476931, 27.10183113864333 48.01158230391553, 27.104990341348287 48.01074637379506, 27.118289638461988 48.019226957169565, 27.13189572418037 48.019045016877435, 27.13952180171869 48.01564512311168, 27.14241452785334 48.01171965786561, 27.168453603356564 48.00040410933926, 27.167085609806463 47.99878213064656, 27.142028539873653 47.997450774603706, 27.140507788555453 47.99601809763873, 27.141718593826887 47.99498918559099, 27.151491266627445 47.99495892562234, 27.16496067943837 47.99594987244658, 27.166877227677478 47.99510574399277, 27.167087087631998 47.99306899019101, 27.170218566882905 47.99166104058506, 27.168399507910195 47.98519586422665, 27.15842048948416 47.9751783916689, 27.15704785419162 47.96854058113954, 27.16642525611498 47.96489444341681, 27.174920015035145 47.95811496936397, 27.178883786217256 47.9507232418301, 27.179035797073777 47.94840826366732, 27.1804307695679 47.94719184852783, 27.179006732049174 47.94509307671123, 27.17888116956408 47.94085387457756, 27.169146913131947 47.927690355332835, 27.169468722395 47.92647146703584, 27.173543432159853 47.91955129550779, 27.195175438148844 47.917160221955534, 27.20768191488085 47.91111134430692, 27.216322337465087 47.90295541663111, 27.21744585486206 47.89901183620865, 27.2161765709031 47.89361725962213, 27.21340888905991 47.88837335051226, 27.213398488662747 47.88449983831365, 27.21830466517021 47.876021406085705, 27.21875341766954 47.868087836282136, 27.222862720067052 47.86113949066866, 27.218421049871544 47.85274597773964, 27.21812052883532 47.847495329119944, 27.221176048298275 47.844332931754344, 27.233043071131057 47.843171222226005, 27.238733292721115 47.83885334859707, 27.24241328883965 47.840289339613186, 27.248980895287986 47.83934699586882, 27.25317113217972 47.83372764174828, 27.250009987941702 47.828554705554836, 27.234608678536034 47.823461028616705, 27.229276023036107 47.823754834125616, 27.225243007452338 47.82649467459201, 27.224503218455308 47.823231384494896, 27.231579172230283 47.817647868502306, 27.24165267874457 47.81836329565501, 27.243283239264066 47.81749639075711, 27.24501910988149 47.81327644291533, 27.240801182195476 47.80333483817343, 27.25474136574009 47.79453805539962, 27.256227876324168 47.78873729328782, 27.272595269527375 47.779076944806945, 27.274705289154372 47.76685944619474, 27.281321843932133 47.7675482279765, 27.289835800478016 47.76326486301639, 27.291531430365634 47.76003105534672, 27.288630155094538 47.75405759634438, 27.289458391983537 47.75351591806306, 27.29422930211574 47.75606185353926, 27.300533903492692 47.75661348057376, 27.304285658865194 47.75275186392239, 27.299254637060393 47.74615040783406, 27.29101497311155 47.74418411916065, 27.28978232463773 47.74192748540139, 27.298511897807458 47.73197472052553, 27.29633966372455 47.72967177288375, 27.297286397094926 47.72541888889879, 27.2961233410079 47.723437558695544, 27.29157004094619 47.72154398565811, 27.282386286891235 47.722793726824044, 27.277350789751914 47.72229953569669, 27.275813121026907 47.72308818366933, 27.27383161394089 47.72707268314729, 27.267451168525827 47.72521764164813, 27.264816430085233 47.72606465193781, 27.263013260289352 47.728036487669584, 27.262928681221073 47.72801631618982, 27.261875282718076 47.7242304990926, 27.262185945074627 47.7228442614682, 27.27142309198566 47.71785303147638, 27.278939797638596 47.706016308049996, 27.287463085056686 47.7012076023724, 27.28203127023357 47.69432406457899, 27.282286923664937 47.69134788130307, 27.286457705599684 47.68835439568919, 27.29536178305387 47.686755547848215, 27.30089821561825 47.68295677435049, 27.298053412737712 47.675690162066864, 27.29872848017499 47.66880994524894, 27.303034524614986 47.666190554595765, 27.31408665511025 47.663008696083196, 27.318536608856334 47.65704901244384, 27.321736902416802 47.64543491689767, 27.328075677672754 47.6393078073349, 27.341061259066645 47.63163212860295, 27.35001943675687 47.628166355699726, 27.36152665504172 47.62536984385423, 27.377273505736035 47.6124846122477, 27.38438816923174 47.61013168549005, 27.38665027775727 47.60689107163721, 27.383601137229967 47.60320863790389, 27.383942946307545 47.60091964174885, 27.388594510681465 47.598585572717916, 27.394431808072138 47.5975508581607, 27.401578251420204 47.59162379232645, 27.41623203756749 47.588386216690424, 27.42863802978694 47.587226457872674, 27.43321128783753 47.585036076763714, 27.434119221024893 47.58137127778559, 27.42786519154507 47.570676469348044, 27.43095779105007 47.56708487126151, 27.43416103679177 47.565340235027264, 27.436450124426887 47.560086491799545, 27.443319698078458 47.555514938212404, 27.441876130823537 47.551356009241076, 27.444301191792345 47.5464850622499, 27.447778401021925 47.54427632605019, 27.45900176387908 47.54117551909246, 27.45941233603091 47.534626496518214, 27.45777364565162 47.532296922013515, 27.458981920183284 47.530289767483964, 27.467983325044223 47.53600798842818, 27.471406794607425 47.53540479445321, 27.472181928928563 47.5296722853935, 27.464981502797944 47.515755294236804, 27.467919811911674 47.5093721681402, 27.478637362043006 47.50087299454843, 27.482004610527923 47.493865008899945, 27.4846368572539 47.492554445644295, 27.495905765564107 47.49404117499252, 27.501319281516047 47.493561294842486, 27.502803280785027 47.492798920475366, 27.505803989135114 47.48805296461134, 27.50958032527812 47.48928616225835, 27.510973631311813 47.49283486195558, 27.517805876989833 47.49304280136352, 27.519374299124614 47.49213812053734, 27.522428134180565 47.48527668690352, 27.525794931658982 47.483691179189066, 27.5338220604479 47.48990994529428, 27.532984289068217 47.49310423335545, 27.53364213373569 47.49379294244431, 27.54263895336731 47.493796576489046, 27.551589364133438 47.49070376880871, 27.54993410737814 47.486385934272256, 27.553708664553103 47.48041201724203, 27.56023994450457 47.4754203553828, 27.566231151977515 47.47270473644971, 27.574360043164713 47.47387241513977, 27.57763554769525 47.47307450907702, 27.581721929882722 47.46177670409227, 27.579636992400825 47.457375031766624, 27.575408438887056 47.45512488087388, 27.57238545968593 47.44926806351834, 27.57021761202293 47.44767216524328, 27.569642235916863 47.44373798513523, 27.564776379491253 47.43755853996288, 27.564759527194614 47.43355995339651, 27.567118587078493 47.431638598385064, 27.577564423673063 47.43231303696925, 27.586675983341415 47.42029356775435, 27.591669834078353 47.41894227652245, 27.594768029032476 47.41375410061191, 27.59204022515602 47.40719133239271, 27.589225929300426 47.40483338630774, 27.585216389738967 47.40348491847072, 27.584560591749163 47.39907817339585, 27.582281312866144 47.39692006829378, 27.5785470158031 47.38815946505715, 27.579362166008778 47.38565458456776, 27.588736636501523 47.38499365152646, 27.594020803671146 47.3818199191371, 27.593693146841275 47.380620100158374, 27.586922875030467 47.37778248286373, 27.588732148342704 47.37559515753647, 27.595087678966557 47.375079150055285, 27.596649742848044 47.37709903801278, 27.598625767126293 47.37762758769565, 27.602661197244828 47.37778582619891, 27.60445377491338 47.3768967577453, 27.607101087869708 47.370314111781816, 27.602484170662343 47.36176149007818, 27.60283978580175 47.35854002165191, 27.607276085743763 47.35903892093325, 27.612015938255137 47.358221203531855, 27.613984364667655 47.35314479048842, 27.6216249154266 47.34587568333196, 27.615034775024405 47.3362704555882, 27.615227049770905 47.33495466791835, 27.61939234567258 47.32964860899796, 27.62440932509193 47.331277548267074, 27.630931621687154 47.33046774160979, 27.636049017142255 47.323948025353495, 27.637291176462508 47.320288132503244, 27.64346774806189 47.32018160749073, 27.646163877653585 47.316362289958725, 27.646912898157318 47.31228055597551, 27.651226212539807 47.311748288148046, 27.655393591193178 47.31405819947163, 27.670981681252787 47.31437374644865, 27.67547458623647 47.312161742810225, 27.68075482314429 47.31664670758964, 27.683150258214578 47.31703568292375, 27.689022971319208 47.31094981417021, 27.69337057605706 47.30251360660984, 27.692542053445965 47.29859848268437, 27.6938607853135 47.29707578094179, 27.70002095546732 47.297479540034736, 27.701012839662642 47.29977522745928, 27.707528107187144 47.30139556504427, 27.710118436058735 47.30549662343216, 27.716116154206833 47.306789982527526, 27.719798595317943 47.306099744026625, 27.73439965448844 47.29945542158556, 27.741572022166917 47.287973831850756, 27.747124993485887 47.28265709320657, 27.751012533006765 47.27480872076577, 27.757572236637667 47.266029252923516, 27.75707793664282 47.26470376834277, 27.753933285305187 47.262933959192836, 27.75401583452641 47.261844096558626, 27.765869620807404 47.258430009626025, 27.762805550662684 47.25410910766811, 27.759159069731304 47.25213726569853, 27.759229673010424 47.24942655403064, 27.763753153098804 47.24799035059802, 27.767766574180758 47.242122254588644, 27.778637961378056 47.23812945426112, 27.779179903051403 47.233716980804346, 27.781865466822843 47.231479981218534, 27.790338036163575 47.22877445970635, 27.792679398656965 47.224740001550565, 27.788020341662005 47.22173550569639, 27.78754719711775 47.21988269457473, 27.78922646108935 47.21691571238337, 27.795179299627446 47.21531372518924, 27.79320891440318 47.20582901311478, 27.794202333460458 47.20082832910149, 27.80247863339897 47.19949147105345, 27.806036014207237 47.196981698345674, 27.806586079852423 47.1860889892136, 27.812482218505576 47.17899641038793, 27.81478872870051 47.1717752337786, 27.812659014188736 47.162212207956195, 27.80471994857563 47.15682892744988, 27.805143752451666 47.15438480990468, 27.802428563612356 47.15074132005176, 27.80274891589184 47.14966013611067, 27.8349817213347 47.14680066412064, 27.849673712659392 47.14341655294599, 27.857859806653888 47.13993135162191, 27.859766570703147 47.13610567804381, 27.852664262622348 47.131620267307895, 27.853870968273277 47.125391398530454, 27.862192427794675 47.121231350932874, 27.864561231454456 47.1156654867701, 27.870211680791062 47.11887317648161, 27.876916599233102 47.11833751313303, 27.87986035062355 47.11417838887357, 27.88809568967983 47.10676804516462, 27.899688134914673 47.08968457994418, 27.908904336616818 47.081921668151985, 27.918323044752864 47.077926160408275, 27.93089787890812 47.074386325780026, 27.94775179582825 47.073963136699085, 27.962463787244737 47.067379298099176, 27.964345618701792 47.06286511095233, 27.96012860964701 47.058515482414876, 27.968698021595973 47.051853785188115, 27.976497549666107 47.05271361640713, 27.9881341667391 47.04585081151871, 27.998953748874694 47.04357509216909, 28.015385346809726 47.0374902094378, 28.020558409637122 47.036628203745465, 28.033276137363345 47.04129682184444, 28.0412907049519 47.04059346425369, 28.056087230288544 47.032126576670386, 28.059142719894762 47.02826636062489, 28.058920391766748 47.02708266999128, 28.0552328866073 47.024470609798286, 28.052254274518827 47.02412598526074, 28.05184017505577 47.02319250645933, 28.056164069923323 47.01574905669218, 28.06766750903873 47.01403139673756, 28.10071692997454 46.99219163794319, 28.102890523602397 46.98643525314729, 28.099115061747845 46.980984935587045, 28.0979546865934 46.974262078332465, 28.091649508841023 46.96876131217859, 28.091662757658327 46.96868217725835, 28.100392800798176 46.96513924972112, 28.106974349852038 46.955244634356546, 28.106159123046044 46.95174650015421, 28.10204440191429 46.948507027869326, 28.100721022470445 46.94605132544265, 28.102202857536046 46.944309892338076, 28.109475923700796 46.94250597874011, 28.111794509697784 46.93600662561431, 28.11821025356383 46.93244234418642, 28.119540187847203 46.93013248454793, 28.11928278463384 46.92610528754741, 28.11519828510441 46.92272291436174, 28.111275771484678 46.91615671529468, 28.10330922318609 46.90789999847041, 28.103493891055457 46.906865460121956, 28.11612232939366 46.903290349591124, 28.121069313955573 46.89946042014802, 28.125114413277938 46.88874835014976, 28.12179825648024 46.884174171072424, 28.115147055988345 46.88434806813212, 28.114365450440648 46.88271091494646, 28.12049756103373 46.879415756200984, 28.12069478705392 46.877498731232706, 28.11869017754913 46.87502378574524, 28.125602277392783 46.86907935961847, 28.130911124947225 46.860442493435606, 28.130344122234536 46.85939836305786, 28.125278805295835 46.857515223506596, 28.125718673175463 46.854378961710694, 28.128941428189332 46.85358559189766, 28.129769396583214 46.8520843690253, 28.126717958317215 46.84941556721738, 28.125217610617142 46.84610442545993, 28.127445620607983 46.831688231916914, 28.134330402377536 46.82138007063894, 28.14363819893143 46.81176411201921, 28.15332965713061 46.80927323259842, 28.166932729578516 46.795790585744335, 28.174761889858292 46.79289457555332, 28.175841427721284 46.788504937117814, 28.173656319567336 46.78508106132452, 28.178840343434057 46.78100782492165, 28.185365429863335 46.76981039393767, 28.184131212689824 46.76682588196664, 28.18435805376953 46.76172663997744, 28.187095813990304 46.760471688414825, 28.187439243343864 46.759190392128275, 28.184498160540773 46.7551588067162, 28.18553224691992 46.750854218358825, 28.191517309262608 46.74797887829883, 28.192622957774958 46.74458078492603, 28.196658505621926 46.73862828910395, 28.205762722308297 46.73374581575356, 28.208738399391123 46.72975217500438, 28.220871702377288 46.70045061394136, 28.219857394603846 46.69497186032867, 28.225863861722438 46.69466045527228, 28.22954433725675 46.68832465113472, 28.233236983635482 46.686568578673466, 28.2423024364154 46.686459772611315, 28.244263000472948 46.6852767860229, 28.246688461859826 46.67893434350789, 28.242290087812602 46.66854134852684, 28.24869113516477 46.646800226940776, 28.248045792301664 46.641619574006675, 28.24950955709642 46.63648957780072, 28.257760656302093 46.61874539376646, 28.251193846885226 46.60634285203258, 28.252392969162084 46.60344802990977, 28.24867492804997 46.601808145431825, 28.242597343658293 46.590374185709486, 28.23761968552144 46.5859150836343, 28.238166716779993 46.58441230003596, 28.242331368057897 46.58302442296385, 28.243081879318947 46.58067348185286, 28.232938096980668 46.57776048054637, 28.239089552363733 46.56712807000883, 28.24033347209259 46.560908197617245, 28.23530131994024 46.558383094973564, 28.237953620033114 46.55226057112446, 28.237536857942775 46.55069571391674, 28.234801298433712 46.54980147582267, 28.228852529625527 46.551218483688174, 28.224609304721504 46.54767840845856, 28.234512899263493 46.536176315298725, 28.23084274853278 46.5321974371561, 28.23260049260514 46.52997454653291, 28.23126134381775 46.52348002900318, 28.227319574689123 46.520040961016264, 28.226763413824205 46.51785493666349, 28.223165083487388 46.516470579313456, 28.225020183614443 46.51227580620077, 28.223697869052863 46.50862205690044, 28.232410133155938 46.50181259955423, 28.2336653959671 46.490077967325284, 28.236183927411933 46.48778009584341, 28.245936876459062 46.486046312623046, 28.249435537574147 46.4773518441459, 28.258496014556734 46.47139868887225, 28.253337377794654 46.4652988899974, 28.253728537851305 46.464295515477204, 28.25825901483203 46.46396899809195, 28.260302733273196 46.46272064729157, 28.260140845772895 46.4602681307037, 28.256217096585626 46.457079203743874, 28.25641824491323 46.45600341910674, 28.258812168269877 46.455003650257844, 28.261130401001722 46.4496718917202, 28.261402945041116 46.44081557750224, 28.263104784083318 46.43691814178053, 28.25819571217564 46.43338701048472, 28.257864044186036 46.431658858679604, 28.259641493951666 46.429600720317595, 28.26036914662591 46.42594054636943, 28.257485788199727 46.422205604785056, 28.252436779248377 46.42025647172897, 28.251655142911137 46.41497491704671, 28.248136388202102 46.41404834234356, 28.243603150981635 46.415217516223294, 28.232604671858027 46.41007584984716, 28.2330043130194 46.40870366496904, 28.239089957175803 46.40862532292902, 28.24123970367962 46.40683833608062, 28.245695120920566 46.4060614341778, 28.24765650962434 46.40080405686824, 28.244599527776312 46.3979590009518, 28.24495153418942 46.39441312540846, 28.239617263432244 46.392223816527235, 28.23636592943255 46.3889468622676, 28.23337199743151 46.388800760815194, 28.23006394372996 46.39044014658976, 28.226191107055108 46.390091696837786, 28.225501676218705 46.387388537582716, 28.221262668869226 46.384610544490215, 28.221130012311278 46.3829674431511, 28.222680394045597 46.38184088617414, 28.222261906834564 46.3804271322223, 28.21895416585422 46.3794628534211, 28.21448546068865 46.37996641849503, 28.21193534471973 46.37645188753171, 28.21096024194287 46.37229700980574, 28.214619326069574 46.36896776030871, 28.215540125715258 46.36407195728479, 28.20837098040101 46.36322060586267, 28.20810592216143 46.361877137808406, 28.210924692594187 46.35973334729202, 28.209345975202293 46.35764045884788, 28.205270264991647 46.35575933748565, 28.1987281057373 46.35499317259226, 28.19842635794288 46.3536504010745, 28.20092955250996 46.3517715520528, 28.20208664938675 46.34281861803597, 28.197789710960855 46.33948528008615, 28.197447851231797 46.337416795115814, 28.200104591835323 46.33404150897351, 28.204931944068058 46.333767197809166, 28.2129036460127 46.32853571093964, 28.210637353505053 46.31846905423325, 28.20840794140644 46.316779867702955, 28.205302301899042 46.31116766912652, 28.197783327411734 46.30253185171569, 28.195154711542845 46.30136356849493, 28.190400998654084 46.30140278026694, 28.188394830355158 46.29573474507473, 28.188914915178636 46.291861784428974, 28.187549453482454 46.28983519186787, 28.182705661079442 46.288849828486605, 28.18238826305752 46.28474674992991, 28.177587381911987 46.28450642478656, 28.172570029463845 46.28819221284928, 28.171591078455616 46.287609493223904, 28.172171223227295 46.28323786996809, 28.17131312937256 46.28182810988616, 28.16237971046033 46.280461404563525, 28.160002895315507 46.28164550776047, 28.16014168983751 46.28498454050437, 28.155182219575593 46.28487342425681, 28.15529099209279 46.28006776437833, 28.154294486388107 46.27818001264185, 28.152230348126178 46.27712809935678, 28.14428312141108 46.276602355600374, 28.143688034759922 46.2727576580627, 28.13930767350015 46.27027461993023, 28.137619864608883 46.26723470699197, 28.15094310929194 46.26347999033503, 28.150496910016475 46.2623115738092, 28.144349761964882 46.25822557459742, 28.149011433069184 46.25305994236743, 28.148755520536724 46.251166386665744, 28.13897837370961 46.246798121143094, 28.13336219107944 46.24878489420927, 28.119074884822812 46.236843409461336, 28.119524537242942 46.233019541375945, 28.11745978853033 46.225431881672314, 28.118250156736625 46.22157213529134, 28.123106799437174 46.21872656282615, 28.13247554673062 46.21864395215893, 28.135548247724753 46.21265405460953, 28.130920456381286 46.20445256342212, 28.14019129837413 46.2037945212377, 28.1465631479312 46.20124576076102, 28.148759081054354 46.19743678609595, 28.147154433438125 46.19489595103213, 28.143857818876118 46.19256712884202, 28.144426835838495 46.18922081292811, 28.147004900637445 46.18683420239503, 28.142803509823295 46.18254235914522, 28.143243400173613 46.18104147956428, 28.14625278263514 46.17896382966688, 28.145762219178756 46.17684228888248, 28.144099514816272 46.17537113521665, 28.14237104086936 46.16906515685775, 28.145063656479667 46.16391970386075, 28.139061834572253 46.16198923514198, 28.133345659443545 46.15248738595472, 28.135136812924188 46.147915474846, 28.135610340670134 46.14073348608182, 28.131797715984067 46.1331233818617, 28.13611892623282 46.13130550366497, 28.136803809419003 46.129483048883664, 28.1315812841565 46.12477231130493, 28.12700500265794 46.12351649469547, 28.12778765071795 46.12037236650055, 28.12604862555494 46.11591496684402, 28.126145001698244 46.11087750707212, 28.124630165298644 46.109962039085985, 28.120328690702983 46.11062387412372, 28.118133533665727 46.10961543198421, 28.118258335344372 46.10810170786111, 28.124120568045974 46.10620258664678, 28.12500385061371 46.10443646475602, 28.121445542609017 46.10148404912008, 28.115150540381684 46.100088785924505, 28.11670447665752 46.094999460572375, 28.11591242512288 46.09240721472143, 28.112574593854195 46.08956669009557, 28.113926145227772 46.0869736377996, 28.11343388967372 46.085556801774, 28.109781930435343 46.08308085752539, 28.11130169933011 46.078409414342424, 28.11005555026117 46.07697476247673, 28.106724463018267 46.076523083093925, 28.108415920958983 46.07234189797361, 28.103499304992102 46.0672470619887, 28.110181827094657 46.05998330526122, 28.108324954474742 46.05380073209443, 28.10256522969692 46.047634743249354, 28.10596530483116 46.04321652896945, 28.104396033613124 46.04167221676723, 28.09893297069432 46.0415385273749, 28.097880283856917 46.040142506430946, 28.09754942904324 46.030916652595806, 28.100676614593294 46.02440291029206, 28.09704272746811 46.01808780495534, 28.098269022224166 46.01496542443857, 28.09672781947924 46.01202744484771, 28.100582005517843 46.008757494445845, 28.101598958019885 46.00130532836461, 28.1107173068768 45.98529216487804, 28.1095492512155 45.98076008113983, 28.113047625005393 45.96731319373005, 28.121732769312864 45.95660243789064, 28.12005824233186 45.94536286788013, 28.1271847028098 45.93087535088157, 28.12655291598814 45.924809140300326, 28.127548146482706 45.921461496301184, 28.125633928683605 45.91944515088154, 28.121376364845002 45.89632146911587, 28.122206475670524 45.89318206643972, 28.132101944011076 45.88490909845366, 28.133075294731043 45.87848561162243, 28.1347473828675 45.876723725562364, 28.12960334787061 45.87029250999474, 28.12911997767966 45.862381780703615, 28.127008821945623 45.8613882214437, 28.122025579103187 45.86194603873714, 28.119020088036986 45.85820725054658, 28.116793745215155 45.84252003910875, 28.11681606129105 45.826162452219776, 28.12075022651022 45.81954283212199, 28.130862624256267 45.809802426904085, 28.1258720774383 45.79463099985316, 28.126978975977007 45.792319782805315, 28.141547234462607 45.78390711547883, 28.154054849939644 45.78435138182937, 28.15769902104158 45.77954306260792, 28.154897404620986 45.759498549905665, 28.15956528480523 45.753585363191654, 28.162725449826628 45.74487442524545, 28.16911610825659 45.736202793856094, 28.173102804988147 45.72925562383422, 28.17403938209423 45.72519709369581, 28.171047613778637 45.71263103981505, 28.172716236931265 45.71030270085767, 28.17278317580511 45.70842839816431, 28.16967472868085 45.70577593925554, 28.168041365100088 45.697945469704074, 28.174123606842215 45.677495510967354, 28.17223271585202 45.6607167277318, 28.16949786930653 45.65480839383131, 28.17485159697298 45.65226131585638, 28.17717169752743 45.64741471658685, 28.17455129931639 45.640526106221095, 28.169522734363564 45.63867397820986, 28.168057872706342 45.63400966962762, 28.165955834781908 45.63175746958167, 28.147971710686203 45.62402791831339, 28.146166934636696 45.62036999219047, 28.141855627934696 45.62016188819512, 28.137068135630837 45.62386244034989, 28.133414105005183 45.62273606851044, 28.13358398931859 45.61834285788271, 28.129766655587677 45.61738441311534, 28.1211382790104 45.6216700332803, 28.118390310895137 45.62566048762659, 28.11445021421417 45.62533686633823, 28.113181795004884 45.622084721838796, 28.110143186654962 45.6195018825482, 28.103957900649792 45.61777542731376, 28.1007640134049 45.61446684005967, 28.091645232269514 45.60968043142527, 28.090724288370417 45.604701992723484, 28.092857671138592 45.60114559000925, 28.09795966603384 45.60011618242338, 28.099230898877543 45.59739391936174, 28.103632352867887 45.594646737671454, 28.10790384488784 45.58867151042969, 28.11386584326588 45.587384749867184, 28.119717372962402 45.581076714522546, 28.122934627389405 45.57971697583819, 28.12328443315964 45.578152309999254, 28.121739605326617 45.576358416016774, 28.122492447201815 45.57550239602664, 28.127060634880117 45.57480083162076, 28.13408961082628 45.57850178321718, 28.139564521496077 45.578397007006934, 28.14235989259777 45.5769033079695, 28.146503976574788 45.56874606117984, 28.153324026995858 45.57606010880108, 28.156711410990916 45.57661575997408, 28.158442091031937 45.57580826305343, 28.159122760401115 45.57463260405315, 28.15849619173544 45.56816008078778, 28.155663711173357 45.563339469133616, 28.161233886040627 45.56075029701076, 28.157825784678668 45.556325848035776, 28.157566043684607 45.55441786348674, 28.160731279161567 45.55200056908693, 28.162715869837143 45.54746801028537, 28.166213583404144 45.54695252128354, 28.167439089565704 45.54565804618414, 28.17070414937086 45.52969919130896, 28.168474964305293 45.525303430573906, 28.169411981972488 45.50986553929277, 28.178368097703622 45.49566100890286, 28.18034837936023 45.48763514239634, 28.185230786809022 45.48206583582814, 28.18841825389013 45.4758683677203, 28.199101564116148 45.47213114581095, 28.202760100396468 45.47245148484765, 28.220598293648532 45.469561043252746, 28.24505633365902 45.4631376921571, 28.260549515593375 45.46180194046553, 28.283367451717353 45.45477892240866, 28.28437101054835 45.45150178881532, 28.2914010205542 45.44072878577682, 28.292444695909808 45.42997107164687, 28.28839113033094 45.41696297609204, 28.287886780120584 45.408142407791594, 28.295175300511055 45.39298172867066, 28.333250833388867 45.343375479512716, 28.34387073863891 45.33158802608251, 28.355737629332168 45.324627531213906, 28.403777319443677 45.3084972769877, 28.478448374893777 45.288411840912154, 28.490341219536653 45.28436496792497, 28.497040251367718 45.2807716269331, 28.54607739054853 45.26733941242417, 28.565805915005278 45.258682333404586, 28.572763179775936 45.25681274467672, 28.622994031735953 45.25245957225562, 28.639894148896573 45.252210395999505, 28.686052335688395 45.23707346177491, 28.718724651488962 45.23046076888929, 28.7359698302416 45.23114246629994, 28.744978916983154 45.23465692776815, 28.782150102997203 45.24408392211586, 28.79130440691753 45.24764871053171, 28.78938638577483 45.25488618436582, 28.78621849925291 45.25743632792776, 28.780816105384975 45.25927153643686, 28.77084351131904 45.26003683814658, 28.763313312596445 45.26215415923136, 28.749323821341243 45.27861447967177, 28.748376387185044 45.281815336073855, 28.748749773380364 45.285125518358804, 28.750299127844688 45.287560237163845, 28.755801619725148 45.29101434015155, 28.76485390424681 45.292708801637175, 28.777724794148163 45.292297040702934, 28.784737338201275 45.294168492443106, 28.794911064606385 45.29796345416321, 28.802077904613466 45.30582027286987, 28.80329024708835 45.30999165599205, 28.801942207256666 45.312903724876506, 28.784263313115897 45.31791058505658, 28.777601417365116 45.321843107474095, 28.776971796215072 45.3240739137576, 28.77880191599034 45.32855855935715, 28.78879373963677 45.33393678377558, 28.79816071546466 45.336976942343966, 28.813276443856168 45.338622230043484, 28.827855654156455 45.337471226345414, 28.8512903864207 45.32977006564727, 28.876449341602303 45.31827465260989, 28.90154201740664 45.30954923226051, 28.90669441185328 45.30342961041524, 28.93212671689205 45.286241983925535, 28.95035568915646 45.28765452326177, 28.952372647623502 45.28884347709346, 28.953363652873215 45.291814040963395, 28.95318657353628 45.29874095083065, 28.947305805736672 45.30799653592621, 28.9479293129585 45.31306090285474, 28.95434494143453 45.31930724762815, 28.956085241692005 45.323153684070206, 28.96292842864772 45.33112382031301, 28.995247617048623 45.3569019897907, 29.006225664549127 45.36116213709971, 29.019513081896925 45.36413323725335, 29.048761569706773 45.366509823156704, 29.060050936244927 45.37510379913088, 29.077568963623673 45.38369755204483, 29.089932253933075 45.388230755344644, 29.09868372305431 45.38945759979267, 29.113167043611785 45.389292073911605, 29.1308800526014 45.3849616200591, 29.137979568584093 45.38624950260176, 29.160714609596784 45.393690231221804, 29.170428056417837 45.39858453366617, 29.17750147604089 45.40078864638706, 29.18317938232587 45.411288358403, 29.18654702938146 45.4138054895936, 29.21505593216615 45.42027695165517, 29.222599585703716 45.42375741256967, 29.229680669483862 45.42963809810044, 29.236367377032344 45.43355226789077, 29.245126057376826 45.4366506481676, 29.252668863781995 45.43647832955796, 29.26357238366935 45.432634982688775, 29.301421031062993 45.43375540815559, 29.315491859420174 45.44612164076603, 29.32268176739468 45.44914923239833, 29.328874530547303 45.449955646330245, 29.333511831346158 45.44941464778513, 29.340566114287192 45.44590261963483, 29.372754456979724 45.440792505683724, 29.397524894906162 45.44046075089761, 29.430466823642824 45.445289337498366, 29.46515751391613 45.4318424332652, 29.48781842643774 45.42515260149795, 29.545233916811195 45.41413592303703, 29.562883090486796 45.41189832262499, 29.57229677263416 45.40788728312529, 29.60027377958639 45.39086777992376, 29.6417236429628 45.36005033882644, 29.64512589609188 45.35557827204603, 29.65946278613622 45.34428732398188, 29.675660029662065 45.311912320836825, 29.67665151722954 45.299321291155856, 29.68082105392411 45.290769166880594, 29.68188035109006 45.28327268291039, 29.68275556393942 45.27104832291646, 29.679902465159326 45.26911497875345, 29.6782761683528 45.26598585138944, 29.67385538926211 45.264721023080575, 29.667076534573866 45.26078999075043, 29.663874471245304 45.25490136164786, 29.67444817476841 45.23575490236982, 29.67691590904247 45.22818718470303, 29.677608576939246 45.221928182863515, 29.675482315950553 45.21776806677377, 29.67933640096154 45.21346627083907, 29.681615324775706 45.212381469752394, 29.684230669130795 45.205947565953466, 29.71431314732929 45.168004230499825, 29.729296712002295 45.16485182796445, 29.772385075073526 45.14614439288226, 29.769227491040244 45.14147748541975, 29.766266004501286 45.141112881578394, 29.73612458022796 45.154194059917536, 29.73081569780003 45.158960770340556, 29.72384378483483 45.161848580967074, 29.719624667274246 45.162121256408035, 29.71173026041238 45.159903817984194, 29.69938716959077 45.154484471555094, 29.68230809996561 45.140521321373605, 29.669499592474462 45.12441968835403, 29.660125460329617 45.106507908140735, 29.656085218486762 45.09598744267834, 29.649385095865856 45.06392727079901, 29.641307387804673 44.99996545560681, 29.99987416666671 44.999958261861494, 29.99987416666671 44.000125833333286, 28.99988138702517 44.000083749999945, 28.99991625 41.99996472035852, 33.00000041666664 41.99996472035852, 33.000042499999935 42.999957500000065, 35.999874166666714 42.999957500000065, 35.999916250000005 41.999964720358506, 40.999874928518835 41.99995750000004, 40.999942104021095 41.19819796949709, 41.03282590303 41.21108812385297, 41.037243110214014 41.21253158648549, 41.04003914549374 41.21171994351887, 41.043162532198856 41.21224050873719, 41.04634073901514 41.21489454573079, 41.05242471646964 41.21506735108341, 41.056447948630684 41.217622982414376, 41.06385485237451 41.21971517672949, 41.072404922069005 41.22554402962368, 41.078724313040276 41.23227156103207, 41.08817280904536 41.23714002394052, 41.09759020597401 41.24599308788517, 41.11142354762231 41.2512923142999, 41.11435750835184 41.25414474140026, 41.121997697948835 41.257786901730924, 41.12518517537131 41.26236390211297, 41.12810491164498 41.262839767408764, 41.130788463830505 41.26491437898748, 41.13726540311341 41.2723853470251, 41.14954450103998 41.282739740541054, 41.160881520310255 41.28804549121374, 41.16536519303552 41.286461271976044, 41.175005161907926 41.28962158232695, 41.17831103290715 41.288793813950804, 41.189930590160536 41.29479135365492, 41.19878348338174 41.29805437362069, 41.20706876135115 41.303028840959584, 41.21628752343474 41.30605641428179, 41.221190367241114 41.31034058544442, 41.232736651861934 41.315459343699494, 41.23951145354717 41.31997741725497, 41.25656527498656 41.337646147581694, 41.26822511847264 41.34485611538319, 41.27824451494723 41.34874675665044, 41.288259644604075 41.35075290325177, 41.29241563471484 41.353739811308444, 41.29612045554576 41.352869273141216, 41.30714920191237 41.35611433593785, 41.313789747626195 41.36083578010337, 41.32838364817843 41.3656463163658, 41.33346318625407 41.370354018401066, 41.341298085274 41.373988800596386, 41.35949729691123 41.3787965444079, 41.377726327339225 41.379866654346316, 41.38066135241391 41.37863329817118, 41.38460101089186 41.379875012252576, 41.38934060678835 41.37988456465115, 41.401957502853065 41.383520628124884, 41.41932338296284 41.39779669809903, 41.42196722834338 41.401910472724474, 41.424981215556784 41.404382224917036, 41.42569789873124 41.406150725790276, 41.42238754427588 41.41166901145547, 41.427530359511856 41.42131207853411, 41.42884907872315 41.42202790458672, 41.43134950711734 41.42131834502021, 41.431884569424156 41.419890547677866, 41.43069186136215 41.41694515302361, 41.43267085509042 41.416629266400314, 41.439812149416234 41.42758696142177, 41.443203409952126 41.43042278483167, 41.44385509397451 41.43254979905957, 41.44567537419683 41.433544502631136, 41.450736117836854 41.441188954400516, 41.457403188356835 41.447027009132015, 41.45969929101337 41.45039965735697, 41.46758699292223 41.454707850359014, 41.47220352657753 41.46164293724756, 41.485016202995766 41.46642307282723, 41.49050066717556 41.47111606970257, 41.502364213876234 41.47360058430562, 41.508321044984385 41.47869357915677, 41.51352423603705 41.48029984938811, 41.51939833391356 41.48395592828633, 41.526409744762894 41.49281792351708, 41.53420057946437 41.508659435650536, 41.54059881652797 41.514062463987614, 41.54264714341732 41.51913684376388, 41.54679513899899 41.52184184949511, 41.548306734798345 41.527731153718044, 41.55819382709245 41.52439302545184, 41.57163885049445 41.5236321126592, 41.57987339583593 41.52129089937144, 41.58442510997804 41.516158098622995, 41.60922389912437 41.50920366487967, 41.6237862539866 41.49936039646935, 41.64719325754851 41.48769379711597, 41.655480848247514 41.48521032607058, 41.6750997994268 41.488152995335966, 41.70778959773754 41.49904693784758, 41.71003859906409 41.498992527023944, 41.72013898834882 41.49548995362778, 41.72363767317135 41.49025879132306, 41.72264133638263 41.48530996997912, 41.717818544690836 41.48236602624794, 41.716053921400686 41.47878205093931, 41.71736565400545 41.47639403820843, 41.72839623189439 41.4744604330015, 41.75466911638821 41.47512159477356, 41.7824779604536 41.46542839485867, 41.78945560082309 41.46238065005418, 41.7923717030098 41.45551649102661, 41.80086631237553 41.45382462281974, 41.81268852328507 41.449676355320065, 41.817085971971 41.443123280548285, 41.824485213589185 41.43600899611269, 41.8270871125919 41.435899536164925, 41.83964387992538 41.441118920961515, 41.84435891092551 41.446123256573294, 41.8448012338965 41.44824742818637, 41.84799788166125 41.450368068209464, 41.85032519244931 41.455586273333815, 41.8769277482588 41.46214207600397, 41.8834662309772 41.47074717609281, 41.891561527271186 41.47791454486344, 41.89142368172902 41.48075603782983, 41.89389077352482 41.48310256007515, 41.894310069739134 41.48752469408554, 41.901425611906674 41.49255328335182, 41.905957444582356 41.5014955383113, 41.91919982861521 41.50422079193929, 41.923497804233016 41.50761882272837, 41.93428433703878 41.511638247638736, 41.938668333849805 41.51388665134359, 41.94244311315681 41.51756691057631, 41.94721834633199 41.51911280361751, 41.95403940339484 41.52591707918142, 41.97472028319501 41.52670825612653, 41.97830107323606 41.526536393110526, 41.981851447502024 41.52394694492201, 41.988444193710606 41.521501786912154, 41.989966824847976 41.51873588303768, 41.992839799562674 41.516643041395554, 41.992888720588745 41.51204697421562, 41.99482973287892 41.50799209191553, 42.01923375561072 41.50689307492392, 42.04597876022496 41.49654060095568, 42.0498420481112 41.49940991947274, 42.05869701110833 41.50013674168043, 42.06396315944501 41.50454690455633, 42.070492376550135 41.50661849632877, 42.07781135175556 41.5106890416415, 42.086663331420176 41.51320656817718, 42.10170685662513 41.510961082431145, 42.11126548410001 41.515206361471336, 42.11877471758496 41.51439077853204, 42.12047044990312 41.51360820913566, 42.122153212634814 41.50786743069236, 42.12421323748861 41.507458348570026, 42.136868684026176 41.50972058285873, 42.15176035832718 41.51071841542422, 42.17067123262895 41.51628828877851, 42.184267014021664 41.51596262589367, 42.19135789528107 41.51073387586096, 42.19640211915996 41.50944424361948, 42.20012674269676 41.50680596584031, 42.20557501313121 41.49601965258413, 42.20886894214717 41.49712534789095, 42.21915570877371 41.497396432993575, 42.22554946305465 41.499865728092125, 42.23318867293673 41.4979640842869, 42.25018021897947 41.49853730156558, 42.2644079415925 41.494542887183115, 42.28255146869124 41.49662417355161, 42.29006634486843 41.495331290180445, 42.3043377494506 41.4869531824302, 42.31173987931924 41.48517128989946, 42.3192742216273 41.48168766468497, 42.326602334112145 41.47490349973922, 42.33395353470156 41.47262897077663, 42.35280403882907 41.474372849933154, 42.35838678492977 41.47110024548697, 42.37117473307171 41.466298672595336, 42.38034033438388 41.46861999515731, 42.38411004835548 41.46764303713914, 42.40865019672715 41.467888887176066, 42.41515001114506 41.45975621583251, 42.43115044416856 41.45133475104128, 42.440687775967376 41.44415258034904, 42.447450199327214 41.44189178477921, 42.47128609520901 41.44087828176121, 42.49149561220332 41.446306126109114, 42.50455389485404 41.44695520207578, 42.514343095454414 41.441335287331725, 42.518680941240106 41.441424790487794, 42.520772888248885 41.44353478786455, 42.5209258079155 41.44522389423394, 42.518529251594465 41.44766790298561, 42.51915616169173 41.45302136793727, 42.51538565224878 41.45534661788494, 42.51501298709681 41.45873540433349, 42.50794402990969 41.468269815188584, 42.50819663774056 41.46954848160324, 42.51399532102863 41.47967575850694, 42.51794898608675 41.48269915721704, 42.525172595375295 41.48454104553805, 42.52748604500719 41.486276436817036, 42.52992172674506 41.492606556425926, 42.535073382401485 41.49571578340652, 42.544373234850546 41.4953028081435, 42.54723012486429 41.49984119605341, 42.55115169453566 41.50045091983501, 42.55481925778319 41.505515997864094, 42.561038300376154 41.50979664684032, 42.56678689360996 41.51179288325911, 42.56576077061132 41.51977998142487, 42.56268222387789 41.52436338856042, 42.56248079631893 41.526512155277516, 42.56469800127642 41.52831821227817, 42.57540118166715 41.5448059180458, 42.57611854373073 41.54898643941982, 42.57180816158005 41.558091359401025, 42.574108731303475 41.56583075347823, 42.57569875269886 41.567678267767086, 42.59018241215211 41.57498043873478, 42.59990657560439 41.586083142966295, 42.65185454821306 41.5928867950149, 42.67583371297926 41.59939500462435, 42.69673391387374 41.60187478312218, 42.69998584688173 41.60173362196346, 42.70631285275195 41.599386458390406, 42.7219861400393 41.59854897030666, 42.72829835244045 41.59704480237086, 42.73624691586986 41.59779117965193, 42.741310497494354 41.597166315558134, 42.74533808651161 41.59363176763497, 42.76005282262417 41.58730466955551, 42.76932492015718 41.58639386230525, 42.77931482161509 41.581132537286365, 42.783271634674136 41.58533521614212, 42.79279131928106 41.58995466596102, 42.83038512865373 41.589152051784936, 42.83801203726646 41.584765068564906, 42.8409504221258 41.570397640031295, 42.833658550370075 41.56378274502196, 42.83130499012099 41.55739427110759, 42.8223419650426 41.55464945154607, 42.821044738904654 41.55114652144528, 42.82286245507552 41.53526836500405, 42.81302485314555 41.52931598887362, 42.80641363566759 41.52761378657655, 42.7993989196106 41.516586440730265, 42.8000297426577 41.51434256734266, 42.805395824511905 41.50988803457249, 42.80643483817649 41.5057767076904, 42.80931089303527 41.50372339414593, 42.81180807915101 41.49937346855791, 42.812133181745 41.49315710119107, 42.822488086702755 41.48890001029394, 42.82634686330569 41.48553187395122, 42.831502808006604 41.48466016947003, 42.83627137473715 41.4822354841941, 42.84634067340122 41.47491999073948, 42.85118816733543 41.47437466751015, 42.85437771107875 41.47624821101433, 42.85862564400695 41.48332804965529, 42.860508601563275 41.492554364298385, 42.8626830005334 41.49485808513969, 42.86462418441574 41.50016607958559, 42.87549100400729 41.50422096824613, 42.896818129733425 41.50486442535867, 42.904272101331316 41.49952448754536, 42.905540841116874 41.49254684276743, 42.9047160133496 41.484915138337456, 42.90643288931318 41.4818709766463, 42.93294374944309 41.47359382998162, 42.94667814984441 41.45924041358196, 42.97128388519413 41.452468609919734, 42.97572558048253 41.44654640097086, 42.9759181557851 41.434067497178376, 42.98668994612853 41.42681732940337, 42.99200788189689 41.42456264469023, 42.99190073253318 41.41265321255013, 42.99272728034574 41.411484648201856, 43.00498322004824 41.407532504375894, 43.00758677375215 41.40061841658147, 43.01337558788115 41.39628251612895, 43.01848918867038 41.388139937551124, 43.02627628754232 41.379449390708466, 43.03635240481489 41.37663149522952, 43.04055440982932 41.37803611113478, 43.04546035655431 41.377324630250726, 43.0564795781181 41.37362413254996, 43.05963537645784 41.37059756257116, 43.06776873560106 41.36999645390604, 43.10303149994428 41.35567613680953, 43.11092612466428 41.3501001215702, 43.11743332217475 41.33985674612858, 43.124452678332915 41.33333055914762, 43.13431528242233 41.32138755105771, 43.137984148701236 41.31967826621282, 43.15935546461393 41.317242756134654, 43.16155708414972 41.31628871408678, 43.16634134856532 41.31066466857863, 43.17550815234105 41.311039134873354, 43.185110883970886 41.30989009066748, 43.19251662537121 41.30779849350907, 43.198637931257124 41.30995149349599, 43.2045932770208 41.30708636302139, 43.21433441960092 41.306846400214035, 43.21801734715374 41.30016304582207, 43.214600225987255 41.2963816199548, 43.21559808874636 41.28983740895208, 43.2144894428246 41.28852572537179, 43.20571104826445 41.286244174282935, 43.20462962462811 41.284205245485616, 43.202939105308715 41.283461377552904, 43.19752539685969 41.28437740896823, 43.19360276787443 41.28305323001555, 43.18801530865117 41.28023721545651, 43.187411442960226 41.27774725283956, 43.18226117735073 41.27533755955595, 43.18166692454517 41.27271896670046, 43.17983086015926 41.271389136941636, 43.16938987517709 41.27086317709335, 43.15684894237025 41.266095633853446, 43.151833644880455 41.26089084458768, 43.146569053653764 41.2605180932929, 43.14307192539427 41.25898551877732, 43.14234462114369 41.256475188125926, 43.1404725642077 41.255711724554224, 43.13678584025327 41.25645571363562, 43.13450244053905 41.25552315855213, 43.13462130280197 41.25422977425648, 43.14231519958122 41.251419917459245, 43.14644608241958 41.24835905215354, 43.15347508357859 41.24745704450636, 43.16735953007774 41.25392806032962, 43.17518383903243 41.25604713810045, 43.19593736445318 41.2548384613717, 43.233787505839175 41.19348669764261, 43.23509954756893 41.18955235541715, 43.23843604747452 41.18602346510242, 43.239199792722125 41.183847703222646, 43.2366127057727 41.179644341878294, 43.23694157269708 41.17799330458329, 43.26354888790813 41.18132856761485, 43.280422258860035 41.187732536097954, 43.30522426981266 41.191164589935795, 43.31982996899567 41.196088361536496, 43.323893616668016 41.19803571333686, 43.32706801356477 41.20118838401702, 43.32991491330903 41.20204395121151, 43.34810055609636 41.20370791029608, 43.356410600495515 41.20279280379445, 43.37533396258489 41.20387458026887, 43.38035282419231 41.20299631666732, 43.38892528076692 41.19953436778192, 43.41203630216685 41.18793982910143, 43.448609350339275 41.17787621652789, 43.450736904549785 41.17611549489564, 43.46313140891484 41.15322701311848, 43.475777849911296 41.12354927557956, 43.47390877357299 41.12138271744114, 43.46725324112934 41.120289127123456, 43.454704467607186 41.10016492112925, 43.45204155764153 41.092151708493546, 43.45278663947233 41.08867442001633, 43.4565792741643 41.08688126441282, 43.45940606314951 41.08366829239011, 43.46061704037914 41.080045389810735, 43.4604671164298 41.07515168360005, 43.47209814749057 41.070110855614274, 43.47342634249165 41.06870713775758, 43.47287557752014 41.059009873614485, 43.47395423952197 41.044727864432666, 43.47262754621418 41.03338683487649, 43.47423981065818 41.02863764406189, 43.48211664283127 41.022729382501915, 43.488988693472145 41.020651728417064, 43.51185572458373 41.015129431683185, 43.51650877899216 41.01620710144295, 43.52074457552685 41.015668563186175, 43.537653666253846 41.00683809950341, 43.544911413162104 41.00133418893285, 43.55200454547868 40.99910963568949, 43.55516820767621 40.99678739848867, 43.586353962648325 40.99305226676939, 43.59135768688324 40.99127675633431, 43.60187752483621 40.98610422477766, 43.62378709783405 40.96910972501663, 43.65745985815653 40.94860558465507, 43.67173723112808 40.938727744045956, 43.67814636489825 40.93291723561311, 43.67888108480733 40.92926172573881, 43.6743860697568 40.91594520270061, 43.68333970302449 40.903589290089535, 43.67784529072104 40.89210075825767, 43.67595840087269 40.88264420267602, 43.67945288752453 40.86825531863976, 43.68302919325478 40.8645692128275, 43.68190068545698 40.85394412747426, 43.67914550425906 40.84932015212108, 43.67968539787326 40.84546360472903, 43.685467147395556 40.83974411046195, 43.70159628396754 40.827607350497075, 43.706096637151774 40.82310699477296, 43.710166443048934 40.816876679670216, 43.7150246227351 40.812579178592415, 43.71964046742958 40.80179443224573, 43.744782635000156 40.75334146846308, 43.750872757481815 40.73545920260188, 43.74935102646999 40.72591293311937, 43.741971240318925 40.71277229145789, 43.748697811319765 40.70396794889255, 43.747766569496775 40.69746548230872, 43.745290722475 40.693466519024305, 43.74656553503379 40.68861112286573, 43.75218292432903 40.68100800401471, 43.75187769168408 40.676550389790485, 43.74628739590371 40.67216175641101, 43.744781771449006 40.66694514230921, 43.738692637191924 40.663497683456576, 43.73764254482264 40.66192595650441, 43.735007512591956 40.66121707450757, 43.730557536299656 40.66246960995843, 43.727037258221074 40.66066013204527, 43.72276515402907 40.644446830771976, 43.7134159560963 40.62517133199102, 43.70718726940252 40.616400669853974, 43.70018017474092 40.60988962004035, 43.68522956685211 40.58846740271376, 43.68425594119545 40.584109670861395, 43.68134723902856 40.57964456810582, 43.67889785145793 40.577546834406995, 43.67343657488582 40.57588669076865, 43.670304328379906 40.573721170813954, 43.67237965767876 40.56989676109668, 43.671917415768284 40.56666276645499, 43.664414214268184 40.56302276979895, 43.658526254622025 40.56369912894409, 43.644859110795764 40.55827860208942, 43.64727165289833 40.54520660613701, 43.653471559720316 40.53690368683286, 43.65347549732989 40.53400095097788, 43.65168217094278 40.53043265343917, 43.646459936043215 40.529135297940456, 43.63911779270877 40.53050689644176, 43.63437369576229 40.533542271989845, 43.633423661925995 40.53279197697642, 43.63408316807297 40.529988792929046, 43.639399782714484 40.527126499487004, 43.641044273718094 40.52436419866622, 43.640556690444456 40.52213187785936, 43.63578862206277 40.518261688091926, 43.632772601128 40.5172073341535, 43.62559468766508 40.51736694940764, 43.61976518388986 40.520464961662746, 43.61612808310491 40.51859082930136, 43.6117101121862 40.51232676540125, 43.609461814983085 40.51211858020065, 43.60533098236007 40.51396045161289, 43.60158004046167 40.51070416947111, 43.577242928020645 40.49704603441477, 43.5727111567384 40.49542329040669, 43.571659270983446 40.49380709888658, 43.56197023111895 40.491624696809545, 43.56164701201974 40.48965254078772, 43.55981762868433 40.487748573873944, 43.56143633494027 40.484451329493496, 43.5597987760753 40.48101112470787, 43.55595076377269 40.47823153728849, 43.549987052955885 40.4760348462033, 43.55103935673132 40.47297891570978, 43.55036370851517 40.46861210514669, 43.556209869087326 40.466061139979175, 43.559082782661434 40.461302410579584, 43.56396717683804 40.460309025530144, 43.569124209036524 40.46178781110605, 43.573044659236125 40.460507550038265, 43.575300587171085 40.45815489039274, 43.59401831365058 40.44685190755392, 43.599627529659436 40.44118839575895, 43.60971354068035 40.437148798319846, 43.612219134668045 40.43440833337532, 43.61652017390034 40.42610190432092, 43.621684820841196 40.42251229301926, 43.62236702244348 40.41925756702218, 43.621301912704034 40.415706045748145, 43.62014563016212 40.41448177350273, 43.61699676594904 40.41416038494669, 43.61614418213368 40.41268672279887, 43.62314435962968 40.39901181171301, 43.619981353463814 40.3921647073397, 43.61968143652683 40.38935590507518, 43.615413812262226 40.38812932935423, 43.608187224850965 40.38114638142929, 43.60815810412208 40.37310682267372, 43.602487209651564 40.3710577620591, 43.60214869216439 40.36860649183014, 43.59945993092614 40.3657668141189, 43.59856731921491 40.3589943904305, 43.599593969803756 40.35616677317384, 43.59665562811379 40.350110944351485, 43.59616671082017 40.341325431505936, 43.601679084479684 40.33579871464225, 43.60358462042844 40.33004121255589, 43.61100636248628 40.32468921620086, 43.61394396348454 40.319535337369665, 43.61971390271264 40.31349582896544, 43.62269215879298 40.31189236642271, 43.624857848171075 40.30701645007168, 43.628698750774 40.3048841538905, 43.62901712276548 40.30187988128024, 43.632276942061196 40.29767893373065, 43.63753917517421 40.29424261953799, 43.638286021511114 40.29238088056555, 43.63755127011959 40.287989759168745, 43.64204401068125 40.28273032660365, 43.64249432381072 40.27728547273399, 43.65511427763804 40.27207964352243, 43.662790578692764 40.27163572079043, 43.667398169135254 40.270046226125494, 43.67719283714312 40.264775610112544, 43.68367254172552 40.25917585433125, 43.684934873754216 40.25654669842005, 43.683563213340435 40.245580969261326, 43.68540069750714 40.24333426279639, 43.686259838564716 40.23947380116739, 43.684366817324985 40.23788652151924, 43.68354164584248 40.23336301638618, 43.68407838839616 40.228930955004735, 43.685823255375425 40.226188315286386, 43.68244382977933 40.224589388577975, 43.675410230618844 40.22362698740555, 43.666510666626486 40.2267650679387, 43.661142191315115 40.226965997714075, 43.66129180704103 40.22248931656969, 43.68360263982274 40.20270504434361, 43.69357040122966 40.19793251673387, 43.69483028371718 40.19496253494867, 43.69822893169177 40.191774027508046, 43.69753838289127 40.1892028257057, 43.69835044417853 40.18760578953861, 43.708784914056515 40.18074890760249, 43.71613938755963 40.17286492062178, 43.71574563083444 40.16525492863322, 43.71757531262968 40.162519877874885, 43.71642107815733 40.160986147519566, 43.70876537488726 40.161201769407064, 43.70345320765556 40.15979994540141, 43.699908547892086 40.160876461419676, 43.69156754867433 40.158620340573236, 43.673941704873286 40.156439819620864, 43.671442112031514 40.155716498818535, 43.66733877487032 40.152141723744876, 43.66230121434317 40.15203548105526, 43.65590396500009 40.14620004168037, 43.65436116244856 40.14392129222622, 43.65560490733873 40.14042433400193, 43.65271646572506 40.13687372397942, 43.65272091755708 40.134675477837895, 43.65081100666181 40.130944500141695, 43.65816838526178 40.122459128636955, 43.65706698470943 40.113956391382736, 43.671881835327206 40.10930235369599, 43.676443938192044 40.10624824385119, 43.678837483409495 40.1015426132632, 43.697218725481534 40.09629604252216, 43.70412226906988 40.0918290504983, 43.708997734114384 40.08680379940084, 43.72201743744656 40.080583952044215, 43.72720994808434 40.08110975538361, 43.73079569034407 40.07963833871704, 43.73370617582655 40.07989009782542, 43.741154262516154 40.08341599310336, 43.74533841334439 40.08362423547726, 43.747962722429946 40.082647299831905, 43.750544363009226 40.079707119964, 43.75857888234555 40.08494928101689, 43.76950653572412 40.082654826248366, 43.787333518507886 40.07081295622942, 43.79626532798817 40.07080733865088, 43.80054537002308 40.068933498213795, 43.80887059924479 40.06291018989557, 43.81565346985891 40.062883759748075, 43.825369886346245 40.060179572751245, 43.82717756035461 40.057601708114966, 43.825758432567824 40.053215459068646, 43.83062337175497 40.04972605945693, 43.84802557689869 40.0447971309618, 43.857796384239386 40.04484169295779, 43.86130165555178 40.04247798983329, 43.86340911582867 40.03887853360991, 43.86614269098926 40.03705047453671, 43.87440115971247 40.03748391898228, 43.879516692 40.03198806503045, 43.89030354074584 40.02805106531228, 43.89907194644658 40.02245910809996, 43.90415680044702 40.02579500535982, 43.91299368032086 40.02565627164809, 43.91581773186057 40.02228393408167, 43.91961857394255 40.02414888616205, 43.930747925023546 40.02653897642008, 43.93320490756904 40.025794449367766, 43.9355707678929 40.023332718917175, 43.940784220452116 40.02247347884292, 43.970690169322175 40.02104176310508, 43.977997000925214 40.023130453612076, 43.9801912024893 40.02525187009792, 43.983627164340504 40.025409977937244, 43.990692540770965 40.02922762297842, 43.99296305651236 40.03187116972951, 44.016807111911675 40.03212616407062, 44.032436265151354 40.03012694621537, 44.048606553965506 40.033720220179454, 44.07541482433746 40.036707838883736, 44.096688976736715 40.03445853214113, 44.12165625878739 40.03562382822901, 44.13067816737069 40.029878081352166, 44.13407048814932 40.03044880697687, 44.13759707200774 40.033199741460464, 44.14170076365576 40.03438351065164, 44.14746577018159 40.0344611109357, 44.15353534414197 40.032124502439714, 44.16222170283519 40.034615138721264, 44.17000668847283 40.033043200498504, 44.18581291705372 40.03509270413504, 44.18723191407831 40.03890940003377, 44.19028871591026 40.04046712565441, 44.20277548446573 40.040545926830916, 44.20678023367484 40.039905156630844, 44.21010448669823 40.03782995813, 44.21599001103669 40.037942012834364, 44.21785412973124 40.043652385232264, 44.22064435351774 40.04554161947498, 44.22350111678607 40.04554163893117, 44.22706638443621 40.043020367945125, 44.23060143858023 40.04454496528706, 44.232523784704036 40.04771359041689, 44.23485542740222 40.0488711516121, 44.24051498307641 40.04778947103443, 44.24674685435781 40.050709351784334, 44.25397596695221 40.0500417937553, 44.2622493298447 40.05145196310895, 44.28324031104358 40.049734820836306, 44.28859879157553 40.04519446410272, 44.29586884303918 40.04466949143459, 44.303084742381145 40.03794619944866, 44.30915175085088 40.040298565970005, 44.32031411537945 40.040560231304184, 44.34702555962119 40.028413982978286, 44.3543537130897 40.02759333038917, 44.35760632527957 40.02159773093678, 44.38056473498347 40.006761618333684, 44.39121175573365 40.00645573881088, 44.399512066622286 40.00363198229611, 44.40840252905331 40.00445583469583, 44.41720249265957 40.00260115250735, 44.45692349866255 39.980124983866425, 44.46375549685475 39.97420048518728, 44.4675619662474 39.973758303562796, 44.47230043075384 39.97084998901639, 44.47577614712832 39.970571839634836, 44.47808678932572 39.96917040020929, 44.485822231669026 39.96857816383842, 44.49022565382882 39.96614057231372, 44.51209981443622 39.94327214628221, 44.524929046170705 39.9271096991401, 44.53049585477567 39.9234230671266, 44.53501785071741 39.92307702706471, 44.542077844305204 39.91981171569766, 44.55953612224533 39.904402524949724, 44.563322844133644 39.89594286843275, 44.56634304407481 39.87781071295567, 44.57526558821874 39.86962429781647, 44.591929137735036 39.860581051913584, 44.59579609096234 39.85658114807803, 44.598855519708145 39.85116527629234, 44.60039273371426 39.83061485317644, 44.603118642927534 39.82661029854134, 44.60539853327202 39.82604689362398, 44.61508614106482 39.82945927385969, 44.62017318432111 39.82854070388804, 44.62678368564819 39.829470934584776, 44.62903277152291 39.82258553317704, 44.62472501946658 39.81642766273141, 44.62511235097266 39.81533458985755, 44.62992191323886 39.814319829959345, 44.63316886163013 39.81053538057759, 44.63882955791552 39.80720690477335, 44.64793032247701 39.80427826479526, 44.66725977664517 39.79383613146319, 44.67248963602046 39.79241190300812, 44.67575052206341 39.789966306579494, 44.67699415934099 39.7905667156156, 44.67856738490746 39.79466643584038, 44.68370193023698 39.79748230554146, 44.68823100954275 39.79725715802249, 44.69320707075225 39.79489025956565, 44.69989212913008 39.79451951189509, 44.703281217984554 39.7885570466727, 44.69820888369228 39.777631275964524, 44.699835644234454 39.77393840435737, 44.70596572272608 39.77323839690531, 44.709949135515124 39.77155468176329, 44.71281465909926 39.77179801937694, 44.71936642105659 39.76856163230953, 44.72435540622997 39.762226426252866, 44.72711070627582 39.7491921815756, 44.72880623799073 39.74682082169998, 44.73259678660111 39.74579027688875, 44.735946570110855 39.74745830600364, 44.73910119644521 39.747458321621885, 44.7450566954149 39.7451406916534, 44.746219990836785 39.74321520832136, 44.74632577495033 39.73915662628871, 44.74868576021737 39.737328507770535, 44.75961074423665 39.71951118193276, 44.76397754257423 39.71601302515429, 44.775813090899845 39.71445968266759, 44.77835374987807 39.70930487211395, 44.776612682270205 39.70517319340001, 44.777670509709154 39.70363264879991, 44.790149737283464 39.698036379621, 44.798770155442504 39.688120127839795, 44.80528674861938 39.686178911303266, 44.81466618205283 39.67768889850695, 44.81732689250599 39.660956591584075, 44.823861714861735 39.64538723558089, 44.822343842666236 39.62510837952753, 44.820926862431335 39.626005014658105, 44.81405276427262 39.63990444060352, 44.80975255613497 39.63741586674006, 44.80998087931358 39.62696887815727, 44.80770538106362 39.62646225649148, 44.80352450324292 39.628271575552496, 44.801187876697924 39.63202100699896, 44.80108729464393 39.64180420359693, 44.79863978909867 39.64400337385505, 44.7966648743206 39.64804899144772, 44.786296317259826 39.64982859175428, 44.7849996916753 39.65263995508531, 44.78292311604106 39.65321481916796, 44.78169602875364 39.65527362015118, 44.77879618532074 39.65634613383229, 44.776555627503434 39.65888442642808, 44.76931856661599 39.65981221108739, 44.76809727205565 39.660771256049784, 44.767446585086034 39.66369631630796, 44.7623193895687 39.664393458350226, 44.758939697954375 39.66678710177264, 44.758034888139925 39.66906577314044, 44.7531762571512 39.67014405125461, 44.75187535436976 39.673121880521265, 44.75309612260007 39.6740683468717, 44.755513030226886 39.67394859414196, 44.756064896183766 39.67539239041158, 44.75224085001735 39.677917913414376, 44.75164485227813 39.6808117855561, 44.74957451848222 39.68279080886079, 44.74763545573126 39.68716480203814, 44.74280743293222 39.68917345502739, 44.740706785834156 39.69202919348843, 44.73745924087794 39.6917926870478, 44.732161239709306 39.693547227992525, 44.72886100309264 39.697427591129966, 44.72546593591954 39.69936215400624, 44.725793514831025 39.70281513899568, 44.724943065087224 39.70392774660743, 44.715518772197555 39.70828093755876, 44.712521019689156 39.712377444271, 44.70639948165997 39.71182129708638, 44.7049734217338 39.709632627114566, 44.70235890320598 39.70880380481948, 44.6928321024197 39.71220006630125, 44.68748067293006 39.712104915302774, 44.68571893735395 39.71386112222033, 44.6687161040209 39.713036980814294, 44.66630261729679 39.71391460832842, 44.663548922834686 39.71669071700112, 44.659917547539706 39.71759174812336, 44.6590597264619 39.71999593310654, 44.65327082328798 39.72582318537221, 44.64627034911134 39.72667938076089, 44.64445588800724 39.728806114014645, 44.6442235169866 39.731422032602694, 44.64015004389996 39.73350415219467, 44.63897214858516 39.73898523685492, 44.628551870807414 39.74409712224455, 44.6270597689612 39.747842621578876, 44.630206068629676 39.7541796054681, 44.624312532815615 39.76005264828007, 44.61757482790232 39.777518342443194, 44.61392115548243 39.78045502353859, 44.50953814948007 39.71014103678082, 44.479863349322784 39.691802246329786, 44.46990941757406 39.684179325895265, 44.4783996240716 39.67805211290302, 44.48427396045121 39.67075139974681, 44.487160059317254 39.64612458425359, 44.489943414860946 39.64272680782461, 44.48381294217366 39.61441672392259, 44.48118766494956 39.60923989007021, 44.466981714238464 39.59861135096914, 44.44629945556935 39.57426705759827, 44.44164826652455 39.57209962009382, 44.426788728806635 39.56906093054984, 44.42519693581989 39.56756431420629, 44.42404358653564 39.561267348938316, 44.424095746657116 39.55113383801258, 44.428120822990984 39.5436956765851, 44.42746476770397 39.54026913069717, 44.42820265340113 39.53681682331686, 44.42589740085641 39.5334194616094, 44.430986292862876 39.53111766601139, 44.43155291111937 39.52663290721388, 44.43617126609857 39.52261335809077, 44.436931675715456 39.519565137759145, 44.434513412657445 39.51665955519407, 44.43536945012529 39.513561366677244, 44.433976000979484 39.51061870614827, 44.43992326829959 39.507679912613476, 44.44134584490934 39.50513703075195, 44.43887043750094 39.50223466062865, 44.43973855518611 39.49832833452224, 44.418671225148856 39.483466435431325, 44.41662065727406 39.48099684494853, 44.414263956637846 39.473708760298905, 44.412370425397846 39.472133787619676, 44.41914783266335 39.46671406567336, 44.422002975465176 39.46565525075221, 44.422244857623824 39.4625926617537, 44.424035655119 39.4606654806008, 44.42362390646771 39.45829013757159, 44.42467779494317 39.45481012018887, 44.42681265991232 39.452095400371235, 44.427319056636776 39.447068695431845, 44.43267698608103 39.4443729427453, 44.43445878919161 39.44230317828776, 44.43454120327823 39.43744344887968, 44.4284052786954 39.42840131189079, 44.42321976123847 39.41065508843427, 44.3962876545868 39.41195832198006, 44.378061780618495 39.41065390402939, 44.376337494866085 39.40926878427, 44.375407114456536 39.405803187321304, 44.37070172619564 39.40427149352673, 44.36175936269289 39.39654037481682, 44.35470438590837 39.392648888052086, 44.35048914116538 39.391455901536446, 44.3458793051711 39.392000208510204, 44.342209089036395 39.389031997401034, 44.33150792506521 39.385710958967735, 44.32911996522613 39.386199362431405, 44.32585676309005 39.388819029655174, 44.31907434821923 39.390099721638606, 44.315772502313656 39.38806585066873, 44.31362202802224 39.38524355887481, 44.30871084501519 39.3831768576816, 44.308238412998236 39.37974343720094, 44.302112073657526 39.37860193408734, 44.29702749538621 39.37339645120179, 44.29388349192696 39.37263413537516, 44.28922110399952 39.37516061590044, 44.283740110192966 39.38206395308704, 44.274529693771974 39.38279816307547, 44.26944606968904 39.38940057981563, 44.26846667936952 39.39489055640868, 44.26462500450488 39.39778249624046, 44.260591125410855 39.39629431142698, 44.257214449491805 39.3968732031156, 44.2527852579516 39.3954622813706, 44.245920902418355 39.39570766374228, 44.24314881583462 39.39705623875022, 44.240755970161814 39.39993656940659, 44.2400782360886 39.40449735429969, 44.23741448393862 39.40897288954542, 44.23247489474025 39.411327553903845, 44.23086135382525 39.414272648289284, 44.22426941030562 39.41594848537517, 44.21543544586341 39.41658550720115, 44.21190286502016 39.4139233870823, 44.207015923387594 39.41386848712507, 44.197901103538854 39.4112876094681, 44.195681430420734 39.409799049127656, 44.195419806587466 39.40493225582467, 44.19303211315477 39.40198981343772, 44.17386208820988 39.39979426787459, 44.16784827569483 39.4014475728302, 44.16059324543247 39.40158255459455, 44.157920005657736 39.39829495358702, 44.15396063937587 39.396236069331174, 44.149187849652606 39.39546122704343, 44.14560158836766 39.397010380369146, 44.143299562965964 39.39504137539346, 44.14049937595998 39.394337254713164, 44.13552345148657 39.38952954178202, 44.12917519678432 39.388128340892116, 44.12632551219102 39.388577707829114, 44.12567976859449 39.389804114294535, 44.13306569745817 39.39376409481031, 44.133969552655365 39.39850213748723, 44.13674834088618 39.402315719433915, 44.133799776059746 39.40540976621439, 44.128432663857524 39.403174869509236, 44.114623976999106 39.40063068707613, 44.11028225832051 39.40218552254004, 44.10799180663434 39.405433323754416, 44.09991840940312 39.40694316271759, 44.09643366179187 39.4113651581981, 44.09072078796028 39.41019787017046, 44.08808781814552 39.40732720866829, 44.08526938972698 39.406211574534794, 44.08007266636969 39.40724919576513, 44.0709489802137 39.41103697218615, 44.066359694441566 39.40938299222596, 44.05986420235334 39.40390200028888, 44.05375337456355 39.40487219755571, 44.05146135442944 39.40145370204586, 44.057846946196975 39.39313671652664, 44.060202875257424 39.38618779392143, 44.055980854865794 39.385636163529355, 44.05440609924138 39.384367035332254, 44.05101105121927 39.38470337133189, 44.04478041996689 39.38327611861725, 44.040568742958044 39.37869245659032, 44.035270065856636 39.37607525446984, 44.03396673002831 39.37080383212691, 44.0395733813624 39.36671906414186, 44.04092419011223 39.36028497989863, 44.04924175555884 39.35946332819009, 44.06012897468157 39.356555622612824, 44.06158847118429 39.35439369354708, 44.061872711460715 39.3514139729178, 44.05816370196205 39.34520869507122, 44.065434669152616 39.34300693093634, 44.0666526425567 39.34020472277967, 44.0730246773493 39.33772580282122, 44.075736877085895 39.3351589059627, 44.07970287037305 39.32665982495685, 44.081941110673384 39.324656301805696, 44.07945266119531 39.31888828633344, 44.08153414544809 39.314516037124136, 44.07873434308012 39.30733151852355, 44.0808244949116 39.30394789500618, 44.08140483026694 39.29705850590258, 44.08260336688847 39.29493598064917, 44.08998098151829 39.291403651378836, 44.09644973738239 39.291874075305145, 44.101641482487686 39.290294668362044, 44.10389665455442 39.288719757139845, 44.10493718005185 39.28643024890236, 44.10989729135643 39.283691326789594, 44.10870892199537 39.28195483143274, 44.10568842961008 39.28096382714748, 44.10073638208904 39.27486493712992, 44.09477428081977 39.27459530447833, 44.09354570061524 39.27062715281581, 44.09462731132881 39.2625683715553, 44.091805844776786 39.258801911075906, 44.08852074748223 39.25756447265056, 44.08637012729897 39.25252726294995, 44.09084924633575 39.24778046726419, 44.095891266233664 39.24653853584644, 44.10071830408535 39.24718434530358, 44.10233190944886 39.24470723758595, 44.10522356139626 39.24293033711224, 44.104814854623726 39.236007031241385, 44.10117676925897 39.22843963373248, 44.10336070926841 39.22516105967577, 44.10105319766503 39.22096001891962, 44.09803781972568 39.219581736271884, 44.09594385734539 39.21542119075896, 44.10068131197863 39.21041160531146, 44.09878304241407 39.20798732033944, 44.09843802762299 39.20471533436284, 44.105436553684875 39.20366051303875, 44.10962379332179 39.20141354607887, 44.114302530256474 39.19611277241809, 44.11611244731359 39.18969515746821, 44.13048078100651 39.185997273114694, 44.13378879226816 39.18349514821839, 44.14057930033571 39.18641613810429, 44.14522640478974 39.18679366731829, 44.14883589192508 39.18516924378485, 44.150302059669194 39.18261755925498, 44.15675126344502 39.18183361838868, 44.16204599283833 39.178739009599, 44.16809402525566 39.1784227427299, 44.16969210574061 39.17577355313281, 44.1777711003858 39.17177698445439, 44.182711478800854 39.16599863389432, 44.19111817363621 39.16006695968344, 44.19227371239195 39.158014204010186, 44.19110875419928 39.15361986112678, 44.19537566251937 39.151520820877, 44.198894629329814 39.14831345282279, 44.20375891171171 39.139439508650185, 44.209752054854285 39.13720318439636, 44.21498009030942 39.13119219361479, 44.21350725293141 39.12893552990444, 44.21229438317789 39.11877650895983, 44.209668841868854 39.11440816787815, 44.21382006975661 39.10981203172933, 44.21876461799849 39.10764831019174, 44.22094871914729 39.105513435074215, 44.22516094743701 39.096770634764454, 44.225277909916095 39.09271173609472, 44.22202968263723 39.08962109846842, 44.21767165748139 39.08949588136279, 44.21298077713087 39.08644770905801, 44.20956979371181 39.08650590517428, 44.2060240377888 39.088060801259005, 44.20357609692853 39.08614538287551, 44.200512708228764 39.08580248316272, 44.194226439992946 39.079677275347485, 44.19229092996335 39.074811695372965, 44.195027098322264 39.071083419053025, 44.19511134120622 39.06831652995736, 44.198345956025726 39.0641879697992, 44.2023257344817 39.062785991325576, 44.20761619334575 39.05526615283478, 44.206993937084604 39.05332919042183, 44.203473031437696 39.05202336028189, 44.20117556161526 39.04648518968799, 44.19726662122219 39.045410667239835, 44.19700956473753 39.042817943598656, 44.20192517016694 39.03779670078423, 44.20430577933615 39.030828069685086, 44.21185543533991 39.02467704275365, 44.21362231666052 39.02035513513706, 44.211433036678535 39.0183887799454, 44.20334903927294 39.015511012908284, 44.1928052604046 39.00835324151466, 44.190599411032096 39.00833543788189, 44.18816412659783 39.0100459753384, 44.18183425283042 39.009282691608014, 44.177481807849176 39.00043025172786, 44.178278060306624 38.997996143537875, 44.1750977278386 38.99530718544063, 44.17330144583556 38.991585732158576, 44.17415999146318 38.989135521779914, 44.18336661989807 38.985893844611795, 44.19073311016697 38.9804308004655, 44.19020506170779 38.977334313263334, 44.191425663239656 38.97415814078646, 44.188211015271385 38.970447133123834, 44.190185694981146 38.96681407787548, 44.18502997717094 38.96246835507051, 44.18373352905934 38.95967226229089, 44.18392729100857 38.95671267505994, 44.191503452978296 38.95258822620416, 44.19930078509463 38.95098861144678, 44.202684169295566 38.94910354810935, 44.199018561889375 38.940879600709046, 44.19366610887103 38.93474846979057, 44.19830464483737 38.930570744749964, 44.199106838705035 38.923562867666384, 44.207661740390904 38.92428934509423, 44.212389531254914 38.92359248057912, 44.21868643071011 38.9196816884003, 44.22191539018232 38.915235386229014, 44.22289817338527 38.90370924998345, 44.21741311936454 38.9022101771211, 44.211936594890155 38.89700043291578, 44.21212175480121 38.89183357380018, 44.21742437978615 38.8846939100201, 44.22283449121411 38.88537303871448, 44.23021157098634 38.88263856423597, 44.235096702762725 38.8792609498078, 44.2368354115445 38.87573492452886, 44.24006519221959 38.87532047356907, 44.24201420216562 38.87252732995495, 44.247366247856476 38.87053808268072, 44.247490529761144 38.866900501909676, 44.24572366539362 38.86457632523928, 44.24596559928945 38.86077816625362, 44.24348778328957 38.85690163036471, 44.24685193896831 38.85406398831778, 44.24787713577702 38.85169586417962, 44.25159828790213 38.851982285995035, 44.25726277816475 38.848120673920974, 44.267367042565766 38.85434463779558, 44.278295750600634 38.85553905112303, 44.28259853567877 38.85292732353548, 44.28503748670843 38.84807906928164, 44.29161989826637 38.84590775978467, 44.294708822515695 38.8431047406939, 44.30251579074834 38.840874402779136, 44.303143169581745 38.83506100321512, 44.29911566247629 38.83180459528694, 44.29915462211319 38.82925027005793, 44.29765402862201 38.82631458772712, 44.30418144089112 38.8242630830707, 44.307759989750856 38.817525164730625, 44.31005828728474 38.816133795099724, 44.311763977493214 38.812942450397735, 44.31500376327451 38.810850029578276, 44.3163749580889 38.80867661616509, 44.31637495862218 38.80644938432661, 44.31495605794301 38.80511754010892, 44.304568405371 38.80312802525683, 44.30290527422336 38.79769589267664, 44.302749037896916 38.79185255454823, 44.30121966885225 38.78976942888696, 44.28922651623948 38.78438418293466, 44.289234895889315 38.78127296075482, 44.293541184902466 38.77606199927202, 44.29113716341913 38.770559913940914, 44.29485609687644 38.76472506155414, 44.28956655386069 38.757984527325064, 44.29035521031651 38.755250651705715, 44.289556679215295 38.75385305345117, 44.283662787599816 38.7479591573155, 44.278454777720164 38.74475258188823, 44.27896874299819 38.740388328844354, 44.282331186935586 38.73661846953973, 44.28230904795435 38.73437444841664, 44.28025642505319 38.7308006482868, 44.27684742565669 38.72786865850848, 44.27616327910926 38.72544421054034, 44.27164508874408 38.723672429590444, 44.27086477890531 38.72097011455449, 44.26671156725534 38.72012283425749, 44.26476243632189 38.7177728735022, 44.260255104876485 38.71717323821042, 44.260224321182484 38.717087183282246, 44.2630186840255 38.71409569049616, 44.26196689536114 38.711293442213304, 44.263037810869264 38.70875362670551, 44.26248826102356 38.70606010221466, 44.269576217225044 38.705114593332716, 44.272635173383584 38.70263741941665, 44.271992317551195 38.69512484406722, 44.275427857226 38.68995846839793, 44.27562263449374 38.68799843384004, 44.2726232015978 38.68296090671184, 44.27438162745797 38.68151809466869, 44.27940562348633 38.68032228631383, 44.28494141985127 38.67548842690708, 44.28179058773384 38.667925106995, 44.28429168069598 38.6644730931153, 44.284615186119176 38.66198267877656, 44.28177174090688 38.65991733006348, 44.28127413847034 38.65635875619419, 44.27357360410963 38.654080386284754, 44.27096647370066 38.64988316651328, 44.2766270705056 38.6447720194764, 44.28113800734822 38.64268282051176, 44.28806967911114 38.64113515393034, 44.29260748930162 38.641261920402705, 44.297650015659165 38.63840292875839, 44.30418699488449 38.6379945424498, 44.30951568764599 38.63528774623597, 44.31250656994346 38.632847800146195, 44.313634500752215 38.630312717199196, 44.32192411948761 38.62558534897415, 44.32278945644096 38.62405438984412, 44.32240449684671 38.62005733747576, 44.32430510601483 38.61673716575502, 44.323665120250816 38.609675381714894, 44.32250979920054 38.60743695887946, 44.32020210178186 38.60605318935053, 44.322293411679446 38.60106110225819, 44.319834629166614 38.59761049032841, 44.32306187490206 38.594300686178975, 44.32298754769171 38.5917789702925, 44.32476844006063 38.58882350362312, 44.323305356657386 38.585551798970116, 44.32601737165087 38.58259507875462, 44.327023933905245 38.576770083368906, 44.322829753836025 38.573924234626766, 44.31866803388978 38.572914181239696, 44.318574005393636 38.56824223156687, 44.313560115039714 38.55964384260863, 44.31631350637184 38.553898370864445, 44.319124687965285 38.55214168272042, 44.319290051462175 38.55105514481835, 44.31836603071047 38.54743472217223, 44.31442989589475 38.54477476879692, 44.3152860363882 38.539966497695204, 44.31229036915897 38.53638146480596, 44.31114148932659 38.529366086616406, 44.315624393082906 38.523908123685246, 44.315506101771255 38.516323269482434, 44.322592313433674 38.51226559403984, 44.3236196184708 38.51001189196364, 44.32351598479686 38.50586424626564, 44.32743872996764 38.50275293819035, 44.32553140124777 38.498521284045985, 44.32239909176943 38.49710730077688, 44.32171542478648 38.495572391466965, 44.32261320915064 38.49111318828056, 44.32552625266431 38.48859485137721, 44.32644569372503 38.48343998542444, 44.32550147239786 38.48202882251961, 44.321196184472925 38.481522143940964, 44.314681189367946 38.47694882958363, 44.3148795459504 38.46437833800633, 44.31041254685391 38.457977255026826, 44.3123037848937 38.45520585062917, 44.31177554947726 38.452401301039046, 44.30962636122742 38.4497459294693, 44.3044568031955 38.447604307679555, 44.30425617180463 38.44648812979145, 44.307151568897915 38.443666476775995, 44.30740466870056 38.4411242259628, 44.31344351516455 38.4377914274489, 44.314694917122424 38.43476424647026, 44.31923150369705 38.43289076565165, 44.31836929744357 38.42881031622116, 44.31943881116148 38.426250920217676, 44.31805042202661 38.42385877248393, 44.318535286100484 38.418990717546436, 44.32019705971573 38.4164799383211, 44.31945920969126 38.412954477399396, 44.32127506129964 38.407973337356374, 44.31490823670099 38.40332229799129, 44.31320192254843 38.39968661468869, 44.3133969281545 38.395852203145495, 44.31250071855907 38.394507881890604, 44.30769843129885 38.39445668793611, 44.30502935427527 38.39302542922091, 44.31017040212957 38.38677823797903, 44.31082203542732 38.38317433585587, 44.31287978458815 38.38165347811337, 44.314502817628224 38.37769769411334, 44.31950403783499 38.37370371965841, 44.32805845372295 38.37065519915442, 44.333003282816996 38.370133989303305, 44.341993783778605 38.37378476887872, 44.34975527163841 38.37053336649679, 44.35483054818283 38.376182285193735, 44.36271184173589 38.376309892447615, 44.36616355633451 38.37379957206742, 44.366492578203186 38.37043498544505, 44.36978769263656 38.369559592919906, 44.37254736879112 38.36492338724997, 44.376505260747415 38.36094788599052, 44.38048418889902 38.3594599277058, 44.38379732450332 38.36075573700685, 44.38600300120833 38.36445131549148, 44.389880251017324 38.366271297773814, 44.3977492822537 38.368380994107596, 44.40893896458297 38.36861365272994, 44.41139504803358 38.37164443593822, 44.42892058140266 38.37733339184878, 44.4348134589215 38.383228751023964, 44.443183208310586 38.38606843452443, 44.450242973716755 38.3868805299086, 44.45183662349639 38.385876229915084, 44.45194007118549 38.380874865446074, 44.4586944129801 38.37467457196644, 44.46026897224692 38.36946493748741, 44.464210540086356 38.365124981952356, 44.46482302402386 38.36043417328763, 44.47245785856288 38.3578729583879, 44.48492570184033 38.35962295592366, 44.49153691934565 38.358840277576235, 44.49301106005518 38.35567581751297, 44.500977987561676 38.35102935002846, 44.501659590539425 38.34762817724119, 44.50884168905561 38.34648598870941, 44.51223106403056 38.344042499839425, 44.513682504736956 38.3413501425569, 44.51168762238874 38.334118163674056, 44.4989186412757 38.33263990589932, 44.49865262591957 38.32873490426956, 44.50152133788889 38.32278437694791, 44.49879096936058 38.31803696688719, 44.50037067670483 38.3104684076901, 44.49735262132967 38.304595638022384, 44.49130177469625 38.301118274830756, 44.47884038574113 38.30104903789582, 44.47687727963616 38.299011415958894, 44.474975262712675 38.29378030688935, 44.46949777312449 38.29324735311076, 44.46058839485582 38.28778484110823, 44.45904235361817 38.286345322450956, 44.45796949982254 38.28265307600176, 44.450235038409595 38.28107667821305, 44.436309940970986 38.26874391106567, 44.43239170878231 38.267368171899186, 44.423688783839296 38.26668045736063, 44.41593778696189 38.2613750727689, 44.41514468502755 38.25774780992884, 44.411141354682115 38.25368304772383, 44.40370531354784 38.251087942976916, 44.4039676670007 38.24594704298608, 44.39871001543453 38.239901368306256, 44.401071984556104 38.23704859310505, 44.40806117053158 38.232142983788385, 44.41142885484788 38.22580521374461, 44.412366103484935 38.22013389860586, 44.40864869379638 38.21441635572929, 44.40850336216331 38.20479346310635, 44.40190440331265 38.19974836748946, 44.40270415063747 38.19313473552297, 44.400219246959274 38.19048409608656, 44.40162211830503 38.18556000900889, 44.401220871032486 38.177222013226356, 44.399219654488 38.17284485406947, 44.393166827668885 38.16724068059527, 44.39603343287046 38.15959493917022, 44.39253611584834 38.1478411961414, 44.388495758031226 38.142627588920014, 44.38056395780574 38.13725083080127, 44.37266887587527 38.137120143467975, 44.37081739707416 38.13498114478256, 44.3661943555291 38.13458910538123, 44.363617559015424 38.133212263633894, 44.359561810614636 38.13395221315436, 44.35216256629644 38.133239873499356, 44.35160557881099 38.131334674779474, 44.35518851140876 38.127100308668375, 44.36120059328969 38.1227924416713, 44.360343807498545 38.1146539238863, 44.36401631313165 38.108523839457014, 44.3677376295459 38.105514997607855, 44.36783222210458 38.10423645057135, 44.360441032925124 38.10030708744199, 44.3517607055287 38.10329098241144, 44.34938937927762 38.102825614182834, 44.347970033555534 38.100802638418266, 44.34049295513214 38.09965887634526, 44.336278079772406 38.09709451537131, 44.33099074065383 38.09795994080445, 44.330272834908605 38.09719537828392, 44.33195467898348 38.09207766908908, 44.32962588314981 38.08341806610599, 44.33054660000486 38.078370511153054, 44.32657428267156 38.07670715341888, 44.321426755443646 38.07720978507928, 44.318837473110186 38.07405344936583, 44.313852140059446 38.07247149986749, 44.3130843003334 38.070388317389494, 44.320325645243194 38.068260486144204, 44.32169799045708 38.06325845010022, 44.3196864679133 38.061350792985905, 44.314646817223 38.05957625442346, 44.31248144038813 38.057179868165186, 44.30595860291462 38.05551986323707, 44.30582705718209 38.054452472699374, 44.30881982330668 38.051973999812674, 44.30789914055842 38.04772647669281, 44.31069481061676 38.04436279330092, 44.30922432670105 38.040928378232366, 44.30433875373964 38.03534639253381, 44.30231445289896 38.0311208801667, 44.29799125613887 38.02793175927079, 44.292319969541644 38.02568800153899, 44.28822568592045 38.020112632460496, 44.28067353965504 38.0197453244418, 44.27941293293764 38.01756387271092, 44.275399038412175 38.01464119434996, 44.27572250772621 38.01159808352338, 44.27234161593095 38.00968385647596, 44.2685512332183 37.99925240564578, 44.27165542121541 37.99484779072841, 44.27140856499093 37.99302984974211, 44.26368521348359 37.988312191112435, 44.26230650043017 37.98588936229812, 44.26253682540932 37.983214087162985, 44.255876998230505 37.97840535008466, 44.25474170230327 37.9751232284802, 44.250998135992695 37.97183090265141, 44.25111706139186 37.969185373264054, 44.24780940033275 37.96774303371407, 44.24608254889037 37.96480759783313, 44.24311455637748 37.963115317008615, 44.24279119322179 37.958069983447224, 44.24567580519529 37.95626111695443, 44.250296277755815 37.95041033586918, 44.25336100134531 37.942113457663616, 44.248646754432635 37.93763531098573, 44.24843804047021 37.93214200836623, 44.2458049199725 37.928687215551335, 44.24320597773829 37.92686867093199, 44.239851270940214 37.92745209035985, 44.23614723599813 37.925977521822794, 44.23618611385908 37.91924235839509, 44.232382359552375 37.91699926947108, 44.2329060591197 37.912416761941294, 44.22947435211944 37.90960314998912, 44.22895633655005 37.90743937595954, 44.23163730924436 37.90530461368854, 44.234859980176296 37.90016827992295, 44.23185626979955 37.89532036217279, 44.227929794455925 37.891949648162104, 44.22585611386286 37.88785113786012, 44.231793267927415 37.88562837537043, 44.23497347177972 37.88686693357097, 44.23798417653183 37.886288467162274, 44.24125470904449 37.88377787099419, 44.242129849716235 37.880315736966224, 44.24531949362703 37.876755583910345, 44.251321532681 37.87652465012506, 44.25320113008889 37.87485108524471, 44.25640115933804 37.87423082805551, 44.259919914202996 37.87099579329004, 44.26676729371855 37.869041913895444, 44.27975931441246 37.874553161351194, 44.28498468891772 37.874869852359296, 44.28963855570184 37.8733058542193, 44.29375818165528 37.86795273209295, 44.295785672665325 37.86722214904406, 44.300145561324214 37.869880092066786, 44.30491723174781 37.86946594128927, 44.30755475077066 37.870565469673025, 44.31562872695564 37.877590951043736, 44.320811077845484 37.87877868886411, 44.324876177283194 37.877388139370176, 44.333014360431505 37.877340648030916, 44.33536694624261 37.875436021021976, 44.337031608840256 37.87174613358412, 44.35007624593816 37.868838353195265, 44.359746010900004 37.864316596179044, 44.3649971078766 37.86391887598708, 44.36776161589155 37.86606541445509, 44.371123208636526 37.86637105371619, 44.38057413136522 37.86547484259604, 44.38403491761871 37.86412918135394, 44.39023001876449 37.8641924919737, 44.396882691808294 37.856494910692945, 44.404701044439264 37.851421370244005, 44.40826077264158 37.84733066488777, 44.40650364361505 37.844186165757186, 44.40632602042382 37.84048609998136, 44.40158877354566 37.837670239049196, 44.39827768957805 37.83722338110565, 44.3951801373502 37.832104623455365, 44.39533270369681 37.824419614662425, 44.39765222241308 37.8215849801639, 44.40600589442181 37.82097719318601, 44.41557629617797 37.81703930851171, 44.41729235698819 37.814492785891254, 44.41740806476959 37.81083740706942, 44.424541856612855 37.80464921407934, 44.42557803649152 37.80036734103678, 44.43241480028587 37.80067199997223, 44.4404307329514 37.80520397091666, 44.44726782810363 37.807614595088765, 44.45025689912603 37.8067615533484, 44.450789734816375 37.80460623723755, 44.449299803591956 37.796660988201324, 44.451628663249615 37.79174292118217, 44.45163089729045 37.7841350752958, 44.44710297976463 37.77911920532645, 44.44571666203108 37.77483350511534, 44.44757324361258 37.77208713448405, 44.45113063192787 37.77097208246131, 44.45295784166547 37.76830584325179, 44.45820033198899 37.768371549486396, 44.471990176409456 37.765678729216816, 44.4759919196488 37.77110736622411, 44.478738702771665 37.77307017622748, 44.48489880037702 37.7731332456829, 44.4910800385575 37.771314232467745, 44.49949616332232 37.775895527838884, 44.515830320505934 37.777255077006366, 44.51925086520149 37.78185676737283, 44.52658395277957 37.78421252443678, 44.5316009045706 37.784222373832726, 44.53746209299766 37.782294605215505, 44.542296629448366 37.78295358250883, 44.547947328570906 37.78171319019485, 44.563029531979254 37.781571916336425, 44.56684011119229 37.778916267736165, 44.563957566651034 37.770588694443546, 44.56841621051379 37.77086426545982, 44.577495271949104 37.767150106741056, 44.58497065691448 37.76680761064375, 44.592660780104545 37.76260286058323, 44.59317817937547 37.761044126112814, 44.59146072707135 37.75862897546652, 44.59424037020685 37.751804560061245, 44.5971621637247 37.74946501259204, 44.59767642472507 37.7471827073651, 44.603168023911245 37.744187835320254, 44.60443897894342 37.74109788720266, 44.61183912513608 37.7375186914005, 44.61287082041796 37.73607402933712, 44.612519998415515 37.733518198558826, 44.616951709514254 37.732184896459074, 44.622119490886405 37.727907722413654, 44.621957961310585 37.72427630230332, 44.62614194831804 37.70937421527587, 44.630761048486846 37.70428603278802, 44.62912798445955 37.70083414225716, 44.61844237727341 37.6895831458297, 44.6129264337 37.686670556759275, 44.60924864902862 37.686339125497206, 44.60565915696542 37.680619457333975, 44.60275418141473 37.6779531797369, 44.598800003888236 37.67573648030156, 44.59242097845128 37.67430216492974, 44.591298170381855 37.67053032039259, 44.588722039135746 37.66882551126276, 44.58403249666339 37.66835786655448, 44.57635924389314 37.665319996618166, 44.57613834473719 37.65850091790761, 44.570930635275644 37.64835607799495, 44.5695466166114 37.64322097750738, 44.56983885161983 37.64064961211512, 44.57222564285636 37.63901446277685, 44.57869506221341 37.63928825573672, 44.58204176111429 37.63790133039771, 44.58470506671689 37.634398150876066, 44.585467266444134 37.631003040464535, 44.59414757559123 37.62162698969529, 44.595105225531995 37.61831823854445, 44.60006897053275 37.61758519823311, 44.60681311471952 37.613480182822684, 44.60894250095869 37.611231667105784, 44.609358914224096 37.60819133273834, 44.61485435881316 37.60442659890377, 44.61644527210505 37.60199371564812, 44.61339638696156 37.59423914755794, 44.61428210301113 37.58995412364367, 44.61332638114852 37.587638996127176, 44.608530405103956 37.58439786029699, 44.60168694763058 37.58291572777232, 44.600542158716934 37.58158732656587, 44.60314375217695 37.57838192480822, 44.60661974163707 37.57779638240077, 44.61123880107135 37.573586295803096, 44.61483196677406 37.57180436282772, 44.61469223146178 37.570773589912854, 44.612354310973316 37.56938522583649, 44.6159460447731 37.56557471396875, 44.6143341221067 37.56098439134855, 44.608246112754436 37.558533070337184, 44.60442366426678 37.558675754269366, 44.60287699219541 37.55534756445408, 44.60779759260198 37.550796469333015, 44.61159273791172 37.551123497939365, 44.61396361360155 37.550142489764525, 44.61520845487728 37.544922068086166, 44.612100127871 37.54244317309497, 44.61172165628158 37.540160836107, 44.60897408335528 37.53829822263572, 44.60800563260608 37.53035817700388, 44.6032550773337 37.523831644059435, 44.604201591572874 37.519830133840664, 44.60287888959138 37.51581604233832, 44.60320478397605 37.51330657267687, 44.599191185090504 37.51201828768546, 44.59530344540437 37.509117826835414, 44.588067625661395 37.50887661363984, 44.58709771184128 37.50794228896633, 44.58571348028319 37.487754684237764, 44.58447143995031 37.483389397191196, 44.58895819084582 37.47553181159754, 44.588933980094374 37.47050074704433, 44.58763407764347 37.467329592750524, 44.590358924824955 37.46055574486077, 44.588366805662794 37.45134654759273, 44.58260656332596 37.447114866336285, 44.58845601337632 37.44064256907754, 44.601448032539466 37.43955462209074, 44.60720879088692 37.43754544736269, 44.61806764395571 37.43928788446964, 44.62624894958729 37.43442281351201, 44.62972296704096 37.43406036949346, 44.63278916992203 37.43233115311467, 44.63852674058825 37.42453214082133, 44.63646663129319 37.420624187533605, 44.637439130760384 37.4181017857, 44.64405310245813 37.41057519232347, 44.650295887008916 37.40775362983958, 44.65305054997887 37.404575640341925, 44.65702080520993 37.40310869312744, 44.659229609342354 37.400762314114345, 44.65930414699312 37.39942069543231, 44.65579930782193 37.393994359152074, 44.656674073846915 37.38849580975507, 44.65794675169879 37.386609141773945, 44.668885351554174 37.38454346095229, 44.675062438301076 37.385784234410515, 44.68259270051039 37.38371700651831, 44.68676334896405 37.38636101663117, 44.69736348395192 37.38513130315677, 44.70216003474864 37.3820900070241, 44.718871350963646 37.38196226734406, 44.73304953499276 37.3768810778714, 44.73962946883723 37.37262818390416, 44.756026908085786 37.34742975597579, 44.80212434410009 37.32285307708887, 44.82258411130703 37.306930745241495, 44.83395182477906 37.286331094936884, 44.83293204109379 37.27484924298383, 44.82870666057315 37.26950765704342, 44.816590421108124 37.25879261609596, 44.796947797670406 37.24771967096134, 44.785175115204744 37.238303087181606, 44.77829566427428 37.22876579974731, 44.77720838922874 37.224150349169584, 44.78668286306024 37.18330442526862, 44.78907469609478 37.17863697752625, 44.80417811071054 37.16509320472153, 44.80540944452351 37.16178406359509, 44.806115780330785 37.15457949876137, 44.804182959611914 37.148781055714835, 44.80257500545077 37.147632525851655, 44.78575313212182 37.15738128308008, 44.784795197965316 37.155293865647465, 44.78688204558701 37.14930077802864, 44.78677067031227 37.144654865822126, 44.78465453355135 37.143880250727, 44.780798796604216 37.145235451408986, 44.77576863290628 37.14862372758577, 44.77497409284843 37.15074412692922, 44.76962952837034 37.15385213908222, 44.76950283346482 37.16155512064671, 44.768277905948786 37.164361501667614, 44.7645732235585 37.165944092164565, 44.753303953808526 37.16148209358016, 44.749571385793026 37.163520502515226, 44.743961262370874 37.163623774762875, 44.7358662297799 37.16565205648656, 44.72888717439572 37.17008918966385, 44.72595044510591 37.17004648583083, 44.72104689596767 37.17233917150883, 44.71348296820429 37.17345647740466, 44.71024585158033 37.17180464152827, 44.7048521589322 37.172691006351194, 44.69998116212088 37.17047730989307, 44.694774495008005 37.17295632262708, 44.68624681198183 37.17275359924156, 44.682845754110566 37.17039553900489, 44.67795364609092 37.171864534086794, 44.67286339104608 37.16997888477829, 44.66951737915097 37.17291695403281, 44.664434931613485 37.175030119663575, 44.6604959351718 37.17968756323016, 44.657354447138665 37.179749237461216, 44.652421874990026 37.182109808000476, 44.65060943236514 37.18420278382121, 44.64496166263874 37.18603767747409, 44.6383681184154 37.18533834552965, 44.62758380417323 37.180335798199884, 44.605050904517995 37.164790922400115, 44.587327510040616 37.15916567420017, 44.57839336095687 37.1514397241745, 44.56615134707327 37.13743767571492, 44.5556030797334 37.12215568172548, 44.54485906021241 37.11955027332886, 44.53888890434439 37.119760830051305, 44.52933865030592 37.11511854035979, 44.5240504330492 37.10927645285699, 44.52149194667077 37.09914956356551, 44.512254547557106 37.092180928558385, 44.47533744839341 37.077463284513364, 44.45756937932961 37.06866368239723, 44.427031833420266 37.0620580596034, 44.422167938081465 37.06017839528389, 44.42036744250396 37.05619653102166, 44.413730761841215 37.05160549440907, 44.40259619734491 37.0506259398959, 44.39952618069949 37.05140756471221, 44.397822407455386 37.04959777535269, 44.39544930316 37.0492144010274, 44.391040529022185 37.05061165652789, 44.38959648806903 37.05461654498631, 44.37101274786037 37.055123615796326, 44.364411042554636 37.05076473122076, 44.35895278151856 37.05073717122882, 44.35699620504213 37.04564665143537, 44.35313236835933 37.04411051166651, 44.35229420309531 37.0426857722652, 44.366702265915556 37.03138521104027, 44.36710069652739 37.027461000047005, 44.36896571714559 37.02564553994987, 44.3690664791808 37.02407544193285, 44.36524269484348 37.022950646510644, 44.36250609347204 37.01905358024324, 44.34457183548156 37.00461799840664, 44.3316436554614 36.9893795844768, 44.331139650241646 36.987461243710335, 44.32568877896176 36.982373217823124, 44.32183679315781 36.96644238612187, 44.319512853016505 36.96564563206741, 44.314678426443294 36.96759692176602, 44.31203024481952 36.96258491651275, 44.30989691776431 36.96181349146064, 44.30100620785001 36.96575081586457, 44.29782322222125 36.96859380528828, 44.294387323121924 36.969408618383966, 44.29008570825307 36.97357908894955, 44.26855752826381 36.974535221986834, 44.25900321131431 36.98011394348138, 44.254777981661 36.979951847519445, 44.249633862317566 36.982097433949264, 44.249025887633024 36.98457842023452, 44.25269969524239 36.989577590589214, 44.25042246275427 36.99745006989635, 44.2464216583485 37.000060228248785, 44.24438974849156 37.002717322663926, 44.2418613030259 37.00760456705009, 44.24156634581548 37.010422566536185, 44.23614485942229 37.01069828654438, 44.23409452601264 37.01189214985794, 44.23141851890035 37.017707496563425, 44.227670994779395 37.02004451937229, 44.22877445964646 37.023793872360024, 44.225982055762614 37.028624177042246, 44.2204879985832 37.03367000240729, 44.221345552108566 37.03548926914688, 44.22805468021374 37.03710957314021, 44.23113984327852 37.039524700037944, 44.231171929625226 37.04454726228798, 44.227092515873515 37.05323800566129, 44.22352421387629 37.05670093269451, 44.216626240579295 37.05884562831506, 44.21529120839473 37.060653105627544, 44.21521579989613 37.064243801868855, 44.21167155627295 37.06777754167716, 44.20012662182621 37.07485663918262, 44.19553806646501 37.07540500717576, 44.19223401805934 37.07798458341636, 44.19039221492671 37.081273553476755, 44.19121465907196 37.08320293996997, 44.19046449988544 37.08712455016817, 44.192291389136365 37.092216254038604, 44.18334524680309 37.09604946366802, 44.18137501319942 37.10180654277914, 44.181375016762296 37.10565867516007, 44.182735068703884 37.10842539881523, 44.19694560900745 37.118324339701765, 44.200240316893534 37.12189656204259, 44.202530870053785 37.12981202050324, 44.202592497475344 37.13366921360326, 44.21111597307713 37.13676726407431, 44.212703923785874 37.13842504212433, 44.216997180368566 37.14792631468702, 44.218317763513 37.15336266449629, 44.21974869820093 37.15500028700425, 44.219905859406865 37.15854135131084, 44.22118724266674 37.15989455884857, 44.224046541767216 37.16129592050391, 44.23452928523612 37.16237011774435, 44.24626949475004 37.15846370565238, 44.25100104650227 37.15870961456774, 44.26156275896969 37.160999341328804, 44.27616493694651 37.167075313606446, 44.277119575013245 37.17451467930846, 44.27879670178549 37.177594561518475, 44.27662659047998 37.182470013171596, 44.27975342908917 37.186431658845784, 44.279207666569285 37.19009168628744, 44.276100152799366 37.193658972649544, 44.26719152669795 37.19658480319124, 44.26429862208976 37.200732770473124, 44.26491436213069 37.20314150888943, 44.270536371277316 37.21076988460297, 44.26761575236681 37.21886664909101, 44.26593684388405 37.24505129448496, 44.262046977798285 37.24877211899808, 44.252120102551196 37.25165300026878, 44.24882830316101 37.25364148886304, 44.24715370765973 37.255796197666385, 44.24572052325084 37.26205087165712, 44.22873857633056 37.27959341267592, 44.22496556459446 37.28028825910944, 44.2152462976503 37.27862707498879, 44.21110814751237 37.27899426794188, 44.20461970924153 37.28300512725456, 44.20011154728772 37.287735322475484, 44.1933299328774 37.2901347753953, 44.18093029047663 37.29715615696669, 44.16777498483417 37.29927410979288, 44.16257179233927 37.30153514436298, 44.155655941575894 37.299954737366626, 44.152147220860996 37.300237737809844, 44.13801242098177 37.31376927661902, 44.11259069239843 37.311043363540364, 44.088506917092324 37.312623685541354, 44.076461444361435 37.312290842473075, 44.0679958140355 37.314518325996296, 44.0632410100322 37.319663619480956, 44.05544555794768 37.32029155767328, 44.039525707555526 37.31929767930986, 44.03297704328299 37.321674371370754, 44.02831972099668 37.31601581447175, 44.024272943196564 37.31623493017124, 44.009374065304115 37.30075695753997, 44.00574925580646 37.29847175223947, 43.97982489266675 37.29120771756832, 43.97249313073922 37.285950325776405, 43.968970672079955 37.27473986378831, 43.95336352744625 37.25615218890399, 43.95329748021307 37.24528274877293, 43.94433247046995 37.2313005561226, 43.93852559475276 37.225896937792314, 43.928917026300695 37.22149978741203, 43.91836606429218 37.21920966195444, 43.90530183447663 37.22112497717754, 43.90152938530873 37.22067010740013, 43.893497413719864 37.217471419648845, 43.88352029742942 37.22186343014154, 43.87285229319348 37.2205837203489, 43.866354364455766 37.217064723835314, 43.86063279648529 37.20894021757863, 43.855208505978005 37.190541004827566, 43.85281460564641 37.189394320867905, 43.84020833586767 37.19698253191401, 43.83445090017714 37.191707611141176, 43.83050584345661 37.19195135379507, 43.82594115199251 37.19676156597001, 43.8210068196297 37.2045757198335, 43.815235295963646 37.21537672873444, 43.813986311908444 37.22152644910877, 43.81073633710836 37.22492665840842, 43.80608497522414 37.22603287354374, 43.7880002570201 37.22670739143684, 43.77731154062804 37.225040988383725, 43.769839310882205 37.2270476831099, 43.76420408345493 37.23086332082505, 43.753364855984756 37.22813293957245, 43.74683485690087 37.22851948879311, 43.743065344785386 37.22714428391795, 43.7348998268897 37.23052139721044, 43.7303839121843 37.23087483329382, 43.725733563187 37.23003727738599, 43.71869369892009 37.224358911854566, 43.71635929744667 37.223882495335985, 43.713802814268874 37.224842269293525, 43.71068993279369 37.2289865931207, 43.70436784699219 37.22887129327239, 43.699954594071535 37.23029462880278, 43.68342619599071 37.22170513281806, 43.663777029714325 37.221369614997364, 43.651633341904166 37.21720845036518, 43.640455332146594 37.21729153147094, 43.63747005484287 37.21885889750783, 43.632494911567946 37.218464813015025, 43.625548267448146 37.21995395863052, 43.61925950489342 37.21998556618557, 43.616905672166205 37.222620620976755, 43.61579587075966 37.228459263274296, 43.61040547934149 37.228755186652435, 43.60038051656326 37.233358925516114, 43.59401175390483 37.231705460913744, 43.58716084110879 37.235090542841725, 43.581483751422326 37.23939522443083, 43.57944996003622 37.24569090216353, 43.576583464098306 37.24836355825238, 43.57608612655933 37.250640389202914, 43.5684401064061 37.25436449835205, 43.562579868150024 37.2529599251382, 43.55886083832098 37.25084395812175, 43.55372137131193 37.25026064476537, 43.536686018320324 37.242259945025886, 43.53061542225546 37.241459267515175, 43.519827902882255 37.24327354602188, 43.51434432888895 37.23839151611691, 43.50635187914522 37.24234854214943, 43.50069938426013 37.24145925072002, 43.49618224159039 37.24208484176082, 43.49138372585225 37.246937033166176, 43.477456334831906 37.25017721720993, 43.4728873649852 37.25233579011752, 43.47187437859104 37.255352790816495, 43.47402901247523 37.26256480347734, 43.466667307965224 37.264052660429186, 43.458252178028 37.27007711902553, 43.44226696229696 37.27234829914495, 43.42947802537607 37.27741776376372, 43.418465678436945 37.27972894981211, 43.41165185406641 37.28340539842332, 43.40727920134151 37.29070453157107, 43.403301841407824 37.290376048608714, 43.39688846529561 37.29222610786091, 43.38758025324855 37.29817934833673, 43.38692415603679 37.305152867005546, 43.370220460226015 37.307158684429375, 43.36746396135513 37.31153952839333, 43.36864397850853 37.3168604102843, 43.362156934404645 37.321155215879, 43.35984974131909 37.326564767061704, 43.34750829277648 37.32529845814214, 43.33619233682064 37.31781864375801, 43.3339048876769 37.31514988218871, 43.329060203744234 37.30267398773018, 43.324722370658144 37.30228248477689, 43.319703591738346 37.305136360032016, 43.310127189290924 37.30186989179855, 43.30271794390788 37.30219402098224, 43.294610332300536 37.305407042691144, 43.28910782457539 37.31098599787516, 43.26897666694355 37.312817280969156, 43.26704559274687 37.31668707310957, 43.268174852685725 37.32789548888031, 43.257465273117745 37.32738113496056, 43.25202485275007 37.3295309299079, 43.24822869222243 37.32953781367946, 43.24691431015634 37.33118404309971, 43.24541000535457 37.337431934625336, 43.24022796738815 37.342400302694145, 43.233211456132494 37.34221203498002, 43.223732568143994 37.34552168055858, 43.21042977067076 37.34527624136435, 43.20725811110094 37.34707484286461, 43.19954757756211 37.3489770906097, 43.19736335683721 37.350709416114164, 43.19673661505615 37.35377452009184, 43.195352122012956 37.35477886306897, 43.18006800549929 37.356520201095876, 43.16944785548306 37.355773879686815, 43.16489399579016 37.3583343780511, 43.16283342422175 37.3642956389407, 43.15167188157879 37.37003260158691, 43.140782284850644 37.36854247337559, 43.12893278151369 37.370202091295184, 43.109196336329994 37.36378092866699, 43.09240275665227 37.36253108277475, 43.06856116253893 37.35678246160279, 43.038985058650766 37.353353000385134, 43.036470524682564 37.352018986084154, 43.02882199112749 37.337806202605464, 43.02147971415282 37.331916236174045, 42.98850739199529 37.322881468503866, 42.97825057581387 37.31606040760966, 42.97443414328365 37.31512576504195, 42.96580822623263 37.315766412599345, 42.961024393159605 37.31169388550088, 42.95735656120577 37.310963789783116, 42.95351386336595 37.31213538214273, 42.95124631769563 37.315632348228434, 42.94744170413951 37.317761456542165, 42.93178020126276 37.318242631458844, 42.91904452840972 37.32658944289349, 42.909099489526376 37.327378304924636, 42.90547020430653 37.328874999787395, 42.89665591142323 37.32705122976998, 42.892570639469454 37.33000968037317, 42.88545273391775 37.33265508636715, 42.87910190412037 37.33743180174053, 42.87254114456006 37.33570943646709, 42.86988326594471 37.33597546683118, 42.86282619737917 37.34402259250861, 42.84754031991238 37.34613325666075, 42.84086770785096 37.34193672362825, 42.83484062173928 37.34200771082606, 42.825326940021704 37.34784135360988, 42.82497801216388 37.35437770142383, 42.8204278138776 37.35975152188045, 42.82080302281961 37.36139346093868, 42.82449492921903 37.36288584634267, 42.823962789783444 37.36999894669841, 42.81721689934185 37.373362160056935, 42.8139194014847 37.37328809927214, 42.80157143636471 37.37637453152787, 42.79520866419813 37.373499278829364, 42.78616717850862 37.361898621915046, 42.775675742882605 37.35531096884332, 42.75993436579631 37.351263002991736, 42.75464551977009 37.34666931452069, 42.74995205852494 37.347292520237616, 42.74692804674975 37.345977221922425, 42.741213115074665 37.33648906272345, 42.745243734476894 37.33197181443065, 42.747869446732714 37.32396185459958, 42.74512384915396 37.317372293531115, 42.73878294257225 37.31255637883056, 42.72741919433672 37.308192960917054, 42.71099129089829 37.30586981213602, 42.70514896576319 37.30611448612239, 42.701468154272504 37.304526018676626, 42.70105118834785 37.302324268350965, 42.7052633510041 37.29103432059469, 42.702554134046835 37.2847928382072, 42.69499271970373 37.27978885069984, 42.68691340746748 37.26936806546949, 42.675294056138924 37.268649275711596, 42.66646623928001 37.26133109734145, 42.66011321751884 37.24066293154778, 42.65441033529804 37.230968037117016, 42.6435100655804 37.22146102355138, 42.62869357462597 37.21307252640159, 42.625757432181125 37.20758778760638, 42.623492317222315 37.19651838002638, 42.617400057201536 37.189451311444394, 42.60387321661933 37.17841898306301, 42.59811942804083 37.16999493930243, 42.593453332038834 37.14653842137689, 42.58017365151642 37.14397367725218, 42.578331631221744 37.14139349518465, 42.57644972310567 37.14062676712178, 42.57221649002285 37.14107403804397, 42.5693928759452 37.143558454700006, 42.565598791454875 37.14408051661366, 42.56065212553108 37.14658189358217, 42.54900439691522 37.14708258615121, 42.54544281066022 37.143806144175294, 42.541826412594325 37.142293299765385, 42.52851847075967 37.143552712479256, 42.513609450874135 37.13286496205704, 42.50821801301017 37.131547182505905, 42.493427625401296 37.13236886349871, 42.48357633405288 37.13478404987422, 42.47166794744552 37.13511666489247, 42.461431792823014 37.132218090314716, 42.45162369309888 37.12665578522004, 42.43579893738096 37.12306510459167, 42.42778498237542 37.118404542917204, 42.41273934297404 37.11499039641122, 42.4043972174478 37.11078802127517, 42.39905442453021 37.1106540990363, 42.39587830173559 37.10912188012275, 42.387930103935865 37.108959657712575, 42.37271091695983 37.113632408070075, 42.36503607222875 37.10811975162545, 42.36157336250877 37.108559594302605, 42.359606397852836 37.10556876283636, 42.35656901305792 37.10495165114946, 42.354482529286145 37.10897741164636, 42.35112927992403 37.112156593669866, 42.349706124125184 37.11559071588627, 42.349774585057176 37.12009521377682, 42.35248023780234 37.12804089839382, 42.339328492688914 37.13846824119911, 42.33223644624002 37.14636765576932, 42.32742181342993 37.15755475915559, 42.32531731362475 37.16877835544486, 42.31802816468486 37.18293321709567, 42.31826111193515 37.18645841094631, 42.32099018361707 37.19255805515675, 42.33214228275588 37.20651385797624, 42.33628308308364 37.210512885451124, 42.345758072160834 37.214705462682275, 42.34488065819562 37.21674310921957, 42.338608763512994 37.22102846226053, 42.34062088256354 37.231719873778346, 42.338214179312814 37.23558127476316, 42.33469392637004 37.237817724146474, 42.32597759973609 37.23964141701718, 42.31544367039564 37.245684963233, 42.30754253548293 37.25772601348107, 42.28868615654331 37.26521050441576, 42.28490111699994 37.27391360954498, 42.27489582649608 37.26970998090624, 42.255879001688456 37.271510309094914, 42.24347083695727 37.27902417699433, 42.235478555778116 37.27901269258914, 42.22768076451234 37.275217131173996, 42.20890661993656 37.27675574670365, 42.20418925564091 37.27965169468827, 42.20406044383183 37.28126061094194, 42.20637528232226 37.28497806798105, 42.204461670681845 37.2906874046638, 42.203237147981234 37.29099379302124, 42.19531826810347 37.281044964476834, 42.185483631177675 37.274078754204496, 42.15507114018092 37.25866169212522, 42.140564674896105 37.24843380752986, 42.12418288698324 37.234642843307654, 42.11473373969094 37.218534995288486, 42.107616813436266 37.211822441644365, 42.08055212583521 37.200446750316864, 42.058267980653994 37.18756079195901, 42.016982120007945 37.17607115397251, 41.975851761999586 37.158172472749214, 41.75914380926948 37.11603012553425, 41.728742688166435 37.11204309516664, 41.68677182709189 37.11304145160472, 41.6578177741056 37.11103082838246, 41.62736830628575 37.103838325092525, 41.5900393767869 37.09092436050866, 41.55864511456717 37.08378175077624, 41.52168026758096 37.08018685377425, 41.51665982649594 37.07654713052698, 41.49814489985631 37.07795810230915, 41.38020259491946 37.07845831534291, 41.374599521574986 37.07836851986903, 41.36157407799732 37.07529656044217, 41.345809035944654 37.07820795637797, 41.285583529766726 37.078707124273464, 41.2759977426587 37.07604508459676, 41.26987875850191 37.07729370446199, 41.2588204391637 37.07387226362553, 41.24962960969756 37.06770258102082, 41.23752255522524 37.06353055352524, 41.22362091343143 37.06247893038264, 41.21906245004022 37.06045078022355, 41.211246110116875 37.06029125466361, 41.20135390760296 37.061183853263834, 41.196751196622884 37.063576885092736, 41.19604069082991 37.06829883967276, 41.19720742757877 37.077082693103186, 41.196196365641526 37.08026055601281, 41.17747762383925 37.085641458827546, 41.16886550167864 37.09076025683491, 41.13177223028232 37.0916237897086, 41.11788115948376 37.09295759237759, 41.05949462316519 37.103950494399335, 41.031890579212366 37.105953568290275, 40.999694695565836 37.110612403803295, 40.97184921054116 37.11601525942632, 40.944265884152756 37.123530759351155, 40.92017480405086 37.12562432742298, 40.886507458668866 37.12285276982977, 40.871754819023934 37.116921655120045, 40.859100628215145 37.10706633407419, 40.851109224233156 37.10520973305128, 40.840737267957444 37.106707154434446, 40.833280766439906 37.105047120008486, 40.82578419015495 37.1073163236093, 40.81922459400964 37.11082683273088, 40.81501975471453 37.11838243370694, 40.80234197647486 37.118686558983875, 40.79851106219516 37.1176260570386, 40.782287467905626 37.1191092768681, 40.75320606420845 37.104482386060035, 40.74088398123153 37.10095005586814, 40.72156749956469 37.09969745547353, 40.70879139233603 37.09639548659415, 40.689741121065055 37.08649699692024, 40.67595325139218 37.077196248421416, 40.63623303970445 37.06157479400802, 40.6032636710119 37.052800847274824, 40.58328458280739 37.03985941326459, 40.547022975844165 37.025338173010844, 40.53280506188863 37.0222796658128, 40.46245575935126 37.01352590831796, 40.43896505554684 37.007481517150296, 40.42053420102929 36.99822173525606, 40.39901461685238 36.98029569304102, 40.38762416371178 36.9736925298135, 40.35490029182782 36.95990842090326, 40.332729490285274 36.95278528205583, 40.31425593423362 36.941255924467, 40.296983842634305 36.93253748733964, 40.27196076925185 36.921813481451274, 40.26038042110852 36.91802781396014, 40.239633093407015 36.90206983413924, 40.20902120179967 36.88647352986546, 40.19181125259244 36.88078454114576, 40.18008822245429 36.87388194395675, 40.17119764995431 36.87094310313473, 40.161531631151405 36.8697038661325, 40.119648992782935 36.86711383006967, 40.087951019056256 36.859392746038935, 40.08154905945659 36.85550483548596, 40.074295719543656 36.84809375000239, 40.05348002319158 36.83504263711723, 40.04327986668104 36.83160198262759, 40.03526967653269 36.82680504035632, 40.02644053693996 36.82410781857405, 40.01659461871062 36.82266445831629, 39.964026883714624 36.79705840868376, 39.929865990428894 36.78558832631663, 39.89139031668608 36.775818075734655, 39.85718349872729 36.75930332667858, 39.84255610911217 36.753931688838, 39.80726878967766 36.748036627720026, 39.72333208955433 36.742449599226184, 39.71280123754773 36.74025957412352, 39.66519817287114 36.72436571452609, 39.62713284328717 36.7219552147709, 39.597382831030565 36.71827780036914, 39.54604156629507 36.70636066248832, 39.48852554239332 36.6982032927699, 39.44555004836471 36.69586125405029, 39.439768552944386 36.69402661611667, 39.43132388269194 36.693124754551526, 39.398331092987995 36.6929572808111, 39.35250629524204 36.68886728122546, 39.33536039651749 36.685940231262514, 39.27685697011295 36.672356501037214, 39.22774784388642 36.66354844036774, 39.21486622776226 36.66461506605767, 39.1627618391912 36.678598150314144, 39.12909572953456 36.68493201056082, 39.11136214577066 36.69017711690262, 39.08518145474831 36.69569761186622, 39.02049592589078 36.701874228601035, 38.999886189099115 36.701538823260876, 38.969800840260255 36.69737348035522, 38.846807957461536 36.6952086253263, 38.81596292408263 36.696708321493915, 38.79955948074817 36.6960431467643, 38.777658524420886 36.69778526756615, 38.73045352779691 36.70617911615171, 38.722300140025155 36.709277404506715, 38.69542421268829 36.727443534160784, 38.67185852023433 36.74684538495401, 38.6375658844514 36.77264836778703, 38.628337109426205 36.78211178809008, 38.613297604318355 36.790557471443556, 38.604569935651114 36.79829080338669, 38.59292771587296 36.80472361023659, 38.58934552133086 36.810811514534194, 38.58876838463676 36.81678032656218, 38.57774250830123 36.82302109460227, 38.57128158732985 36.82278784542661, 38.56614309218941 36.82532799831089, 38.557873949860024 36.83922772155891, 38.52133101827149 36.85257813381603, 38.491942827298715 36.861403332672616, 38.448453562423346 36.880564092598014, 38.40701815600134 36.89409657924657, 38.39854023974731 36.89570467202645, 38.380997188022384 36.89570833326985, 38.33472625433098 36.898953208641714, 38.29500702961362 36.9055343672458, 38.26505098321041 36.91203698273831, 38.25294917824633 36.91203699907956, 38.245854840601886 36.910500955259955, 38.23061768226803 36.90438418514674, 38.20129503667093 36.90654157861933, 38.194545404896324 36.905424630567104, 38.1888713999768 36.903356336243455, 38.17381680185357 36.89329923024286, 38.12707439586702 36.8797409759875, 38.071752044312625 36.85742008718051, 38.05972274960359 36.84768576630101, 38.05606379513276 36.84313543237204, 38.05357614000449 36.83571047674546, 38.04190574334579 36.827308477175706, 38.01735140824735 36.82380180049542, 37.99854559334725 36.822443754937794, 37.97766702307305 36.8169941475796, 37.95964351233238 36.80945068180791, 37.92955990793896 36.79303518530497, 37.90908300492442 36.784413332582304, 37.86304290884412 36.77275726801134, 37.815716119781314 36.758065244859516, 37.79213896226101 36.747275102999254, 37.76654455873884 36.74512846389687, 37.73421405026621 36.748041652415445, 37.72722471458458 36.74744593255477, 37.71117058314115 36.74332866564793, 37.694918622006035 36.736780151019005, 37.674556781482124 36.735445728708626, 37.65628268412225 36.73022536437025, 37.63606120851713 36.71920255017669, 37.60379959422009 36.70573249381536, 37.57918347808494 36.697302122330775, 37.53557627901838 36.6752480756116, 37.52246238316742 36.66625209752683, 37.503596931034394 36.64830453959258, 37.48606077506175 36.63982460572733, 37.48159298582705 36.63867556686619, 37.476341139737336 36.632482468733414, 37.4727307181985 36.63070751655731, 37.459609342848516 36.63212484560016, 37.443784945645014 36.63070006697117, 37.43764609032751 36.63301628968077, 37.424731536961 36.641521552619174, 37.40648877310033 36.642607474563015, 37.39169775290903 36.64825984518978, 37.368971098302765 36.65228661411669, 37.334237001615755 36.65370453094045, 37.302339530363746 36.66028221879435, 37.27449321590072 36.66195374144833, 37.26706783310302 36.66345786104877, 37.22614510873909 36.6619465698579, 37.19695868494794 36.65286663164348, 37.184722914605295 36.65212755365802, 37.17408421422618 36.65310959141276, 37.1676272302694 36.65553881700472, 37.16139136239611 36.65445013100384, 37.15740972532808 36.658962310237825, 37.15475473758736 36.65913500873414, 37.150900054359305 36.661937095817535, 37.1485211468636 36.66195809454505, 37.12748443447176 36.66026399478114, 37.123563074317694 36.658433158458514, 37.11449781368907 36.64583334988961, 37.105451171538505 36.62633785716257, 37.097217036833136 36.6221922694527, 37.09057878870428 36.62220282107366, 37.0784733542706 36.628307132223135, 37.06657781178881 36.638422219494615, 37.05809086165138 36.641630171149394, 37.055579044540025 36.646380725713094, 37.04760055277777 36.65178693110634, 37.03007091489397 36.65653740122715, 37.026211554401876 36.659942727878615, 37.0255281221033 36.66435747842106, 37.0204759890767 36.66515110614841, 37.01820346022166 36.66668154622952, 37.0167087003935 36.67088755164208, 37.01697235666503 36.68191162808104, 37.01141637460628 36.686103751390206, 37.014475368652995 36.69128119726202, 37.01469366187941 36.694035252704964, 37.018901423111195 36.69860490527031, 37.030638572712185 36.700559738794254, 37.03557155945478 36.702443579269364, 37.0434496139481 36.716558203701915, 37.04584434070693 36.724609289451166, 37.04433930959634 36.727613962306755, 37.02296660465314 36.73450420249225, 37.01047824752365 36.73552597558447, 37.0032741173989 36.73923564561861, 36.99450025215927 36.7401073158604, 36.99304700799862 36.74206372766943, 36.993397238480796 36.743943696098555, 36.99906083480153 36.74945411682436, 36.9923830974698 36.75384861424145, 36.99061844789153 36.75883635148032, 36.98728537256561 36.76101092056899, 36.97991963783507 36.7602923783966, 36.97287752756648 36.76150888339155, 36.954690769090945 36.76895257508274, 36.94579267646932 36.77462542169029, 36.942374485353604 36.772879886349166, 36.93849712704069 36.77378726099944, 36.93362020623074 36.77247461655462, 36.93141045724126 36.773975359708075, 36.93053606106015 36.77710051293692, 36.92676543831903 36.778266944060405, 36.899837628688736 36.77587680824157, 36.892703136780696 36.77612003922181, 36.88960430983052 36.777429497511385, 36.86950164121187 36.780184416000736, 36.831625545760666 36.79069295036038, 36.80829164017241 36.79253043972622, 36.80385353185153 36.79417942807962, 36.78951286159366 36.79610070352527, 36.77785797384962 36.80086685973016, 36.76236180436747 36.80898650253569, 36.75121645576955 36.817770598137294, 36.74662321203516 36.81903747242797, 36.73995482242303 36.81755164108295, 36.73412737827379 36.81952606807219, 36.72903659641205 36.81962244688157, 36.72546279784414 36.82133775764778, 36.72403599931266 36.82348672722468, 36.715766404237264 36.82588325941467, 36.710736114203854 36.82446301806466, 36.70446773758698 36.82420836471823, 36.70039277448911 36.824283061666925, 36.696629921643996 36.82602569624982, 36.685784030160534 36.82429809808127, 36.68253453446491 36.825206299098234, 36.67883283823165 36.82479314699952, 36.67840174341875 36.8234872290604, 36.680616884616974 36.81857506711746, 36.68022285969955 36.8109308101171, 36.67273978625413 36.798967598292535, 36.64340160278928 36.773529469178705, 36.64156366595088 36.768300200731005, 36.63631139105971 36.767070520258216, 36.63469412448809 36.7657387796007, 36.62895626922472 36.757169125783115, 36.62613423251674 36.74666432651084, 36.627215773344545 36.74289381036049, 36.637101004623716 36.72825641887016, 36.64070605944987 36.711951741490914, 36.639008199504225 36.70509850334567, 36.62946813133044 36.69449907394341, 36.620754075297896 36.6794053241843, 36.60758664812523 36.67004388976861, 36.59388115174808 36.649853530141726, 36.590049907714175 36.63591446824855, 36.58997916259835 36.6306797538419, 36.60258511879664 36.60100265967029, 36.60496908785622 36.591137965237195, 36.606197070701995 36.5787761890918, 36.60200377216348 36.56200296561249, 36.59802729065167 36.55522392220274, 36.593348740334804 36.537212040199556, 36.5852081528711 36.5220820584705, 36.57480976285317 36.51102865307183, 36.55524560858754 36.50046376499261, 36.55498650470484 36.49739226975284, 36.55903316474302 36.492097586282604, 36.557232320191055 36.48581037777992, 36.569719281537225 36.46815036480181, 36.57061640495714 36.44590975092322, 36.57539840240098 36.44295749745275, 36.577563628962665 36.438936410581455, 36.57891572654913 36.42510378990125, 36.58691980403415 36.41220750788745, 36.5886753344917 36.40232514494352, 36.59073831922246 36.39872424341736, 36.594347191669385 36.39548975680604, 36.59918662446312 36.39388073593636, 36.60752369085673 36.395532058848886, 36.60997926860815 36.39340243055794, 36.6160040036758 36.39411248125839, 36.62353704358413 36.39250969370711, 36.624622721001714 36.39138037450243, 36.62553910859291 36.38772807066529, 36.62238710047464 36.37488265688568, 36.62979163888916 36.360156516930466, 36.62979162488255 36.35409747791359, 36.61449773020198 36.33996003108205, 36.61452693662077 36.33986779583653, 36.62121462218059 36.33897463841291, 36.62785770642516 36.34317081382772, 36.63629798780208 36.34388411799986, 36.638794696663815 36.342731816947946, 36.643052276346324 36.337438145909665, 36.652362941341266 36.34021686565229, 36.65818364952531 36.34009505318085, 36.65931333348697 36.33899493551089, 36.6599164282428 36.335447903557444, 36.667604057846354 36.33132415560459, 36.67120344290203 36.326387960020035, 36.670882790325656 36.30958853542994, 36.67283263709384 36.3036150766049, 36.695637042716115 36.29825804782999, 36.70225109692917 36.292613978206816, 36.70102083960673 36.28665686824617, 36.694392255963116 36.2761395903216, 36.694753008546336 36.27192553559801, 36.69754387031926 36.26667813367382, 36.707905336452576 36.25572767324663, 36.70653353310424 36.249520715058246, 36.702189998532454 36.243281827859086, 36.68547468014552 36.23615362518208, 36.68221233708781 36.23228091700812, 36.67547924924675 36.22787379219497, 36.64160672773193 36.22775344957098, 36.628942325670316 36.216725181124765, 36.62294245861324 36.21371183032456, 36.61621404209523 36.21419403863117, 36.60826546860755 36.216258204442845, 36.60457676289186 36.218413277997584, 36.60031950848352 36.21898625375788, 36.598978580203216 36.221569621385775, 36.59093961444899 36.225595423922854, 36.58205620534675 36.225409959082185, 36.57707676536181 36.230615910064344, 36.55998674523891 36.227122644279746, 36.55513661219625 36.22329083209994, 36.551799917804516 36.22279045242543, 36.54797077037868 36.2257432540853, 36.539618917031625 36.23657031996804, 36.52320739934551 36.23660966178142, 36.51798592465087 36.23441058816137, 36.51034126743378 36.228653720365465, 36.503645494014386 36.23017178874888, 36.503219253036804 36.22847733305713, 36.50479081705921 36.22520167216207, 36.50163378006433 36.222819441141375, 36.49857272332227 36.222459799682376, 36.49258735753781 36.22421560871033, 36.491096146001084 36.21821237556685, 36.48356090765558 36.20486192765815, 36.47476549348427 36.199984853083045, 36.47205603670725 36.19981640405767, 36.470726175166426 36.197246115004546, 36.46639890108945 36.195721174256704, 36.45675302866114 36.19953773051405, 36.454155372783184 36.202161773197226, 36.453418669768766 36.205874750431605, 36.44472081051963 36.20454204542347, 36.431050399364665 36.20534189965274, 36.42189284816198 36.20943295486651, 36.40705943124125 36.21818210251156, 36.39960058490892 36.22100011390898, 36.39964811439683 36.21283643742787, 36.405120001021125 36.199949691463445, 36.402558417569075 36.1910830715548, 36.39974763498498 36.188579370676536, 36.38998469259196 36.18707816507183, 36.383518584620646 36.18011770399944, 36.37895250100113 36.16966139516251, 36.39014424348522 36.15219533607814, 36.39394127965267 36.14306619671566, 36.383375934334545 36.118475076175066, 36.38722327628016 36.108085982253726, 36.38800905854581 36.09974021311344, 36.390453660916336 36.095583938852954, 36.39613409544584 36.09114364642016, 36.39984529599416 36.083879106981016, 36.390954097161725 36.068030236886585, 36.396634026783396 36.05285047862186, 36.39703125836634 36.04554130544345, 36.3941940590591 36.038999951479575, 36.385233995884406 36.03068696815282, 36.382897748401334 36.025997375526636, 36.38427589027458 36.00960090866881, 36.38058065719018 36.00060379617602, 36.37555656912224 35.996573988162815, 36.36955636140356 35.99357388359227, 36.35727892775595 35.99054545099186, 36.34986438038718 35.99077477804722, 36.34193623061529 35.98708898208365, 36.33721381544939 35.986460601657775, 36.33181737887386 35.98871431714735, 36.31801910732159 36.00082418376642, 36.316206316257 36.0016258017087, 36.31437187156745 36.00085652087193, 36.304175817756686 35.995371165070374, 36.29977190985488 35.991123734250806, 36.29678990249138 35.980497237539126, 36.30792993366831 35.96015106884835, 36.30355473880139 35.956132195233465, 36.292200183152644 35.95305901392757, 36.28293195802786 35.948504852991704, 36.27683013692388 35.94812381383826, 36.269375075681545 35.950613223275866, 36.26623531018256 35.95298201560782, 36.26146648858324 35.95924200213947, 36.255965934268396 35.96170385852759, 36.23296331262483 35.95817492773451, 36.220899330387326 35.954237955314, 36.214198156758805 35.9504903893581, 36.20097826295169 35.934929323068, 36.18956820954783 35.91797684773364, 36.1833101138345 35.902555598123925, 36.19112280229165 35.88469697354061, 36.18507050709408 35.83541766010847, 36.1710382195842 35.8149341606317, 36.16869821987123 35.81396916503035, 36.16382868713377 35.81459559788864, 36.16107355835198 35.811842888842484, 36.15753529026995 35.81124978448391, 36.15581825971175 35.80862201741957, 36.15359508853252 35.80737432444065, 36.14804538040487 35.80831644836796, 36.140658616692654 35.81585943228945, 36.13828674202614 35.82324870184443, 36.13759316455727 35.83178099886555, 36.13119009819015 35.84426041102959, 36.12363374248912 35.851887557328276, 36.115723412736095 35.85509515080452, 36.11395117764435 35.859995730319724, 36.1062204709221 35.865640950482536, 36.09741569066276 35.86704075829223, 36.086869056007515 35.86611733494798, 36.08457014346016 35.867263273562024, 36.08286347828961 35.87015473649603, 36.079497744510014 35.870957632664606, 36.068044456998656 35.867947286837236, 36.059466102365135 35.87385414772197, 36.04966584781821 35.877699791783485, 36.04230082343755 35.877861482239055, 36.038171080699016 35.87671760145335, 36.033631904061124 35.878025110405666, 36.021864094757085 35.878370945963255, 36.01646546657844 35.88037380258921, 36.00728646943806 35.879374183363815, 35.997878688246374 35.881283163879395, 35.99714932650904 35.883161624644195, 36.00372947837294 35.89679310687409, 36.005050057288464 35.90156253904568, 36.00845694717876 35.90473209455321, 36.00914458854817 35.90910452560734, 36.01636654494536 35.92115110359583, 36.00600071319665 35.93877538966739, 35.99444363396049 35.93800249554679, 35.95201953884586 35.92058753096541, 35.936589186588314 35.91728692700833, 35.92736231259919 35.918431598873504, 35.922419816374706 35.920701611165235, 35.91989447736613 35.92306891238827, 35.91547565432998 35.929526691953434, 35.917035429631255 35.931883608954394, 35.91771148438864 35.93922244005797, 35.91646176094767 35.94287974926175, 35.91886671359569 35.95277155329293, 35.92052095117584 35.95396893804067, 35.92226783891838 35.95762454503173, 35.926690041276416 35.95841532665108, 35.92666588720962 35.96118702200835, 35.92930891069146 35.96467379569592, 35.94009736608022 35.9711458861671, 35.942674480041255 35.974762281149225, 35.955346385214945 35.984130493080805, 35.958261534439174 35.993026096010105, 35.96718586354052 35.99979895288701, 35.967164850061295 35.99989448275529, 35.96613445783129 36.00012445809867, 34.99988222036 36.000082916668795, 34.99987416666649 34.000125833333286, 32.000042499999935 34.000125833333286, 32.00000041666672 36.00011861297481, 27.999916250000002 36.00011861297481, 27.99987416666671 35.0001258333334, 26.999881387025155 35.00008375, 26.99987416666671 34.000125833333286, 23.000042500000053 34.000125833333286, 23.000035279641494 36.00008375, 21.000042500000053 36.000125833333286, 21.00003527964143 37.00008375000007, 20.000042500000053 37.0001258333334, 20.00000041666666 39.00011861297485, 17.999916250000062 39.00011861297485, 17.999874166666597 38.00012583333342, 16.999881387025194 38.00008374999995, 16.99987416666671 37.000125833333286, 15.99991624999994 37.00011861297479, 15.999874166666713 36.0001258333334, 14.999881387025095 36.00008374999994, 14.999874166666599 35.00012583333328, 14.000042499999994 35.00012583333328, 14.000000416666648 37.0001186129749, 12.99988138702516 37.00008375000007, 12.999874166666656 35.000125833333335, 12.000042499999994 35.000125833333335, 12.000034882134322 36.73520839744245, 11.995026242663386 36.736612378659615, 11.991653789244177 36.73627588282897, 11.98786891332708 36.74184898946841, 11.979610950844155 36.744776147849755, 11.976048298539673 36.750028863477304, 11.976667749457706 36.752534310485046, 11.974744483665559 36.756944018415844, 11.967607753159132 36.765950524277265, 11.962824496346816 36.76721933004705, 11.956794565455748 36.7667886187491, 11.954934816871148 36.76789307005512, 11.95339700829276 36.77104191922067, 11.954284332840386 36.77295955282722, 11.953823535814095 36.77542793368388, 11.949789009203265 36.7823322728309, 11.945879216530159 36.784204926795816, 11.942678199056575 36.78943981629263, 11.935732045131955 36.792400429149836, 11.930788049139688 36.79867229904698, 11.927371537624124 36.79934155799481, 11.92499326585533 36.80171981530778, 11.924787673266048 36.807507019637505, 11.926542665716987 36.81029206638525, 11.924234121386098 36.816790330025626, 11.924890717952303 36.82022089238903, 11.927268621195095 36.822701105889784, 11.92667989191723 36.82646779875504, 11.93145207573101 36.829523321997655, 11.933265315226835 36.834758369979, 11.939618088638193 36.83904272201299, 11.942723910582842 36.83762325248191, 11.945237212727527 36.83772835709323, 11.952921609652236 36.84071166250182, 11.962068776393757 36.840062126164426, 11.968668963772132 36.838432223205885, 11.971877504391838 36.83605423888991, 11.976251493312146 36.83585958532677, 11.978161372592874 36.834280828267055, 11.978588491134154 36.831634182014, 11.98159123796758 36.82743965918014, 11.985929953363389 36.82681565270432, 11.987678830607809 36.82462347651583, 11.990814000906981 36.82363638909675, 11.997873050455938 36.82370169951044, 12.000035344616514 36.822889913649895, 12.00004250000005 38.99995750000001, 15.000000416666676 38.99996472035852, 15.000000416666676 40.00011861297484, 12.000042499999994 40.000125833333286, 12.000035279641526 41.00008374999997, 11.000042499999994 41.00012583333334, 11.000000416666694 42.000118612974816, 9.999916249999997 42.000118612974816, 9.999874166666656 38.00012583333334, 8.000042499999994 38.00012583333334, 8.000035279641496 43.00008375000003, 6.999916250000016 43.00011861297486, 6.999874166666657 42.00012583333337, 6.0000425000000215 42.00012583333337, 6.000000416666666 43.00011861297486, 3.999916249911808 43.000118612912495, 3.999881387025162 40.99999958333332, 4.999874166666685 40.9999575, 4.999874166666657 39.00012583333333, 1.9999162499559053 39.000118612943645, 1.9998741666666704 38.000125833333335, -0.0000837500000002 38.00011861297482, -0.0001258333333333 37.000125833333335, -1.0001186129748387 37.00008375, -1.0001258333333367 36.000125833333335, -5.607083585081954 36.000123260730625, -5.609897005366284 35.99871687833425, -5.613202786873775 36.000123638497065, -6.000041666665048 36.00011861307612), (42.21046407150175 37.30073510817566, 42.21171220866823 37.299778884829095, 42.22298286250292 37.310050976878, 42.22327336024705 37.31372465193579, 42.221733044872884 37.31639773955419, 42.21844766783476 37.314576149683084, 42.21046407150175 37.30073510817566), (30.0115392863739 69.7249437186186, 30.011924803250263 69.72351204646681, 30.016397076735675 69.72384567144934, 30.019705674692144 69.72617027154945, 30.019110972102624 69.72759892438172, 30.0115392863739 69.7249437186186), (29.488232046368992 69.65866145946843, 29.500825634326514 69.65470921957339, 29.504946805605393 69.65647555299508, 29.51283169701731 69.65730493968896, 29.517260574159305 69.66084969833821, 29.528293446826616 69.6637895346945, 29.54018980395638 69.66924638831533, 29.54060727800762 69.67070423204332, 29.543322214305263 69.672737562987, 29.542340077321395 69.67503284688453, 29.548056230746234 69.67657695398731, 29.559808494746907 69.68448139750103, 29.563109732333793 69.68762389547966, 29.561851700969385 69.6896651836592, 29.562432904452876 69.69042450886779, 29.578853884189485 69.69607687299012, 29.59767436371591 69.70016190974961, 29.60513904614173 69.7034007441992, 29.617563355379236 69.70559568091167, 29.626941885334716 69.71052576987093, 29.634809226075305 69.7131300176632, 29.63578157508742 69.7139748835585, 29.634953853389206 69.71675449358206, 29.644906964027765 69.72860542909807, 29.659216557240967 69.73285257258007, 29.65900462922593 69.7347497636112, 29.659956661473398 69.73570194327979, 29.666149237421603 69.7380706607765, 29.688685826776346 69.74279315472499, 29.700463262747622 69.7420259970939, 29.702446361948486 69.7436960655078, 29.707359747689807 69.7450448252245, 29.714438277913814 69.74496603165471, 29.718943693485762 69.74312581195625, 29.74349868580117 69.74687651774141, 29.757577002677607 69.74638933717144, 29.77396504946329 69.74953999790459, 29.781721877551607 69.74889431451548, 29.80235450751578 69.74463213071128, 29.819547910178066 69.74605110381691, 29.82456102688418 69.74697505597175, 29.82472669085828 69.74839761605251, 29.82047828971421 69.75049795548895, 29.82260241414405 69.75284580318922, 29.822292135237475 69.7541451898611, 29.80592802121357 69.75579148628724, 29.784029645427207 69.7564567547867, 29.765332784658032 69.75429170612486, 29.723956038859466 69.75461635823297, 29.719805322303607 69.75345342761528, 29.70645018408868 69.75262563296214, 29.69344430208054 69.75580667248214, 29.693531526962232 69.75746664205772, 29.698563968646457 69.76175803405638, 29.720309769628972 69.77494405931144, 29.72018660501043 69.77671221759952, 29.7165642542374 69.78000840732656, 29.725292893056757 69.7842780048078, 29.72483679375223 69.78734785390465, 29.72778831608731 69.79270031439533, 29.73438693494688 69.79933247044238, 29.73640731980553 69.80359828296385, 29.747479480208973 69.80482028285907, 29.750008189686184 69.80646242677561, 29.74950048372737 69.80777039281557, 29.74320381902639 69.80696019437897, 29.73644171836336 69.80771385016052, 29.735891277512614 69.8050690035855, 29.72984703295824 69.80395237700334, 29.725984818283578 69.8001982579924, 29.7185611951835 69.79824295656496, 29.71569709180911 69.79529851003208, 29.708241952412337 69.79107323993591, 29.696467370852197 69.78666185206005, 29.696348512932452 69.78394858766876, 29.69795381873331 69.78294657986889, 29.698002556212654 69.78148896568436, 29.703784267952006 69.77776791060349, 29.703304504491527 69.77637121580031, 29.69275706878439 69.77481990872016, 29.688653096257077 69.77110348229817, 29.682654251083175 69.76920928657816, 29.675823777731264 69.7697044723445, 29.649349782204506 69.76512406080576, 29.63633508530773 69.76537266311104, 29.6308953695365 69.7666984299329, 29.62717915821665 69.7661462861727, 29.628863693460698 69.76196874868384, 29.63188157401177 69.7597302171536, 29.643415557122584 69.75913720145711, 29.64927289026875 69.75714573714599, 29.658594037105985 69.75997331992822, 29.66500359622631 69.76045757573955, 29.668484368739623 69.75962098623287, 29.669465355588493 69.75808336225013, 29.6622029452346 69.75399810809638, 29.663159811832088 69.75129369582669, 29.65700597219798 69.74944495718425, 29.650150479829534 69.74509432454195, 29.640324566123436 69.74470692533977, 29.632396054836764 69.7462232012283, 29.632464532584883 69.74304032117563, 29.6270592590236 69.73991915717738, 29.626110680156717 69.73597087528465, 29.62029475643712 69.73374512916598, 29.620331872083927 69.73196223665049, 29.616074134182817 69.7285755036813, 29.611462288562617 69.72720197904128, 29.60450571156066 69.72705099037078, 29.602871381590134 69.72507939549541, 29.60276061844447 69.72242161551642, 29.601178528613147 69.72102253828234, 29.591455410916534 69.71741791625347, 29.58394275928811 69.71253621956967, 29.582823369194518 69.71042320698258, 29.58043127344619 69.70899148063432, 29.565729185674126 69.70611726721071, 29.565413356891685 69.70524799132183, 29.569631214297697 69.70045510343574, 29.567446308513194 69.69858620460016, 29.55964237109062 69.69812449488927, 29.542099039292808 69.70020586606907, 29.541225636596106 69.69861776162627, 29.54437798257498 69.69240952170904, 29.542990314731828 69.69084546804154, 29.53769861076894 69.68919774360906, 29.537672965593487 69.68719174595068, 29.530458778379973 69.68306849517498, 29.530022227167617 69.68186878538751, 29.526980627633105 69.68027997821927, 29.526515735077453 69.6785433005389, 29.516373424925053 69.6738993673466, 29.51615193917875 69.67233592683765, 29.509947419140243 69.66946921966033, 29.505157478267954 69.66512395317314, 29.49040305765958 69.66080677523566, 29.48851617501156 69.65995711507966, 29.488232046368992 69.65866145946843), (27.31342197400181 60.496477696351796, 27.31373919197292 60.4936562881925, 27.31762948728017 60.49142787675999, 27.317701662424366 60.489656562467374, 27.32133858307725 60.486245555269655, 27.327205833060834 60.484021564030016, 27.329233366911083 60.481343746115684, 27.33302831633639 60.4790350297991, 27.33252234278114 60.47528401040213, 27.33938784656491 60.47443997319932, 27.346906137519788 60.4699525917617, 27.3483846086391 60.46526610616631, 27.350705504995837 60.46411739283332, 27.351665191930916 60.462393360489436, 27.35620547204005 60.46080622418761, 27.356682844113262 60.45812712226194, 27.361582583602008 60.458378369942345, 27.36457020726516 60.45679560915357, 27.372924408558255 60.45625372143888, 27.37282111045624 60.457598132251334, 27.370352596665136 60.459323923377724, 27.368658887798773 60.46449624257634, 27.36043253388503 60.47365598642562, 27.355675869136846 60.473212590036255, 27.352099342686845 60.47431873654128, 27.352116174307223 60.475752446404925, 27.35501351018608 60.476701660388755, 27.373400697385 60.476174838806536, 27.376594698505254 60.47933813505371, 27.380287701762306 60.479626542288216, 27.383090793054574 60.47764717884615, 27.379958200449792 60.47596984066442, 27.379758686923598 60.47423024778617, 27.39042683725138 60.46776218913554, 27.397783675847887 60.46846116337607, 27.404234925600605 60.46693196154404, 27.406500064251883 60.46490945211679, 27.409514506950135 60.464854653119566, 27.409931957636843 60.466418628552994, 27.408225599784842 60.46810218046871, 27.411264125604067 60.4696482066641, 27.41105326245174 60.47088911318899, 27.40599018658634 60.4722304937858, 27.406761720603107 60.47437014952206, 27.40616898707945 60.47793957476166, 27.407579956288078 60.48223574852494, 27.400013568800215 60.4854702574733, 27.39534589760404 60.482322974792, 27.392330847213284 60.48154276168533, 27.387950005205653 60.48198740805907, 27.38667579002856 60.48359763466854, 27.380218552380658 60.4856274249791, 27.375251627508106 60.48458282226437, 27.37403124566625 60.48229440923358, 27.37165053621892 60.48145730107123, 27.366859876799285 60.48175320428985, 27.35859322625658 60.484925574346164, 27.356339511186253 60.48335451865824, 27.349163214812037 60.48212967390864, 27.345464275582536 60.48323867077119, 27.3456756584165 60.48610293874981, 27.336922105163644 60.488507992653986, 27.33439045053004 60.492925470996916, 27.33578164008216 60.495267585583775, 27.345249505230996 60.496654270358086, 27.34625674868906 60.49886676598928, 27.34806770821781 60.49962972464683, 27.356769948992987 60.4992269759434, 27.358815804263234 60.50039017160464, 27.356295429724653 60.50555898708583, 27.352608192420735 60.50660486823728, 27.34940155239943 60.50625036998402, 27.348211912928832 60.50278330082349, 27.34531655966246 60.50171233665101, 27.335696170313337 60.50424732424655, 27.331152134143082 60.502679986319336, 27.331135502344317 60.50108810595743, 27.334424961746947 60.4992100069269, 27.33178910741093 60.49742234773606, 27.323699644797117 60.49734330623656, 27.320934079832973 60.49897218545433, 27.320892702458792 60.501552318220305, 27.31628997916304 60.50104271306806, 27.31589665356814 60.49951510519532, 27.31711337565991 60.49805818701084, 27.31342197400181 60.496477696351796), (26.88629210909364 60.46682637614886, 26.890144165159974 60.46491585432063, 26.89425245531377 60.46442103410184, 26.895748401763996 60.462994243519574, 26.90260499383323 60.462625497486826, 26.912344158052676 60.46039453845522, 26.914580028617397 60.45902493419267, 26.916254718553702 60.45982856565654, 26.917117300214922 60.46190295329611, 26.916252578221954 60.465922448983314, 26.912798824357683 60.468458359687276, 26.905930355352623 60.47048693547842, 26.905821498024764 60.473784904762624, 26.90159959235391 60.47518984687252, 26.89906442776744 60.475094310212015, 26.899330827093834 60.471911997227025, 26.89802578276258 60.47021153809835, 26.887055866512856 60.4685474523058, 26.88629210909364 60.46682637614886), (26.906176861851726 48.193364233375206, 26.911953790398623 48.188644137745015, 26.915098457091876 48.18759292459244, 26.915861483633655 48.18849197605498, 26.910591433547246 48.1960564769534, 26.906176861851726 48.193364233375206), (26.864395759259953 60.431404353570805, 26.867407210535134 60.426828264271755, 26.866071084372564 60.42543316160631, 26.866416157882437 60.42398764274197, 26.873943773820468 60.4213385285819, 26.878759215018597 60.42104461242752, 26.88072669491781 60.42233644017626, 26.884763869035837 60.422838296491854, 26.884032782922656 60.42492457798145, 26.880367652925727 60.426184713873106, 26.881360795336796 60.42818239093779, 26.880786585410892 60.42930825645759, 26.874668933873195 60.42854337037826, 26.871840452244644 60.4294684009544, 26.871254263221715 60.43011553172999, 26.872295324501422 60.432300333026845, 26.871271503480667 60.4333883474857, 26.867091612806288 60.433844122433044, 26.864395759259953 60.431404353570805), (26.406969186268967 60.38270729621103, 26.41936926111903 60.37754320299669, 26.421129997903456 60.37785862788237, 26.42243989451492 60.37977560265072, 26.42118155000985 60.38227381524533, 26.41506125211018 60.384197605191616, 26.407915233848684 60.38436822418886, 26.406969186268967 60.38270729621103), (26.34717662307735 60.389232755951056, 26.34925621092979 60.38590424830849, 26.3523588378098 60.38354289390979, 26.35155360300141 60.3809764869231, 26.35269559156355 60.3790865447904, 26.351235530724377 60.37566118698164, 26.35416355549101 60.373407691351694, 26.354042540701926 60.371420923850955, 26.35635959363782 60.3701050245238, 26.357015578359842 60.366424231257966, 26.36624723168587 60.366220345547795, 26.37114923676306 60.367452322853424, 26.38032744292171 60.36508079541034, 26.382760870037295 60.366410630699555, 26.382066606307273 60.36874398368702, 26.38287821287074 60.37009172243461, 26.3809518278792 60.37377080113117, 26.382088395642675 60.37596916859982, 26.37794824600307 60.380388944706404, 26.37706957151456 60.38295047760152, 26.37810530301257 60.38646910028556, 26.38731292866147 60.39061499819684, 26.39227408928586 60.389726973800116, 26.393788836191526 60.38702702077883, 26.397805768214774 60.384915954687614, 26.406180941252853 60.3849703194496, 26.409196114292943 60.38801701759367, 26.406809244290084 60.39046613468011, 26.400119840126866 60.39306404956268, 26.40442247204363 60.39528398867406, 26.404563108896696 60.39753500092664, 26.403010296961277 60.398601738227434, 26.397841775370047 60.397462830625464, 26.39423099935513 60.39791205729409, 26.392969030852953 60.3988269730732, 26.393408177643956 60.4013719655605, 26.393344301714656 60.4014258518113, 26.388978554194036 60.39987613075949, 26.38525039552125 60.40016190363087, 26.381289955531052 60.40288339968299, 26.381129211383413 60.405472364475195, 26.377164344408563 60.40577157941828, 26.375981396909324 60.40399770593062, 26.37771115243239 60.3986770462539, 26.37648729365834 60.39753591272882, 26.37232229098913 60.39629248165143, 26.36249590539792 60.39693215861127, 26.360877558610753 60.395541602527224, 26.365297144483375 60.39030317614558, 26.362686172288175 60.38820861963665, 26.357030728347596 60.38753974976336, 26.3515451751383 60.38892126634864, 26.348638080682143 60.391294964224386, 26.34717662307735 60.389232755951056), (26.176535083009604 60.40414634002211, 26.180405451967367 60.40064204798799, 26.188808152889226 60.4014562540544, 26.192504889331932 60.39948716227801, 26.198093995942713 60.399249273025234, 26.199891670761712 60.397617147913785, 26.205650508253477 60.398371576692085, 26.215064936336773 60.39724716310211, 26.216360660723726 60.399882942192356, 26.220888353764597 60.40148824070194, 26.21907941365435 60.40396066185589, 26.21248699535799 60.40228891943657, 26.20427610373599 60.40244105540534, 26.19906688958173 60.404927173287064, 26.19713182199397 60.40713214135259, 26.17988147106344 60.41044727712643, 26.178742008974883 60.40998802793982, 26.17903955260792 60.40652384628228, 26.176535083009604 60.40414634002211), (26.119730902280367 60.37688023968554, 26.12003876141418 60.37585207331329, 26.12584585434601 60.37443525118038, 26.12670007865695 60.370416038983876, 26.12475055614164 60.36906007753887, 26.124744817033573 60.36783910713026, 26.129835631654025 60.36614151371244, 26.131069982877378 60.363653545555046, 26.135258827527668 60.364167100230006, 26.135077426470087 60.3657791262818, 26.133223543620783 60.36703580816434, 26.13441287628494 60.36800513266199, 26.138382288162727 60.36843790020177, 26.138797382484125 60.369471762043986, 26.136899332511927 60.37181882506285, 26.137655691056473 60.37383570955749, 26.13982159107084 60.37490063683158, 26.144114820121377 60.3751270155247, 26.147590399461023 60.373176729458855, 26.152128888563936 60.3729930194918, 26.155357031696408 60.37033650480407, 26.160413038505812 60.372168642253236, 26.1604210530971 60.372266544738046, 26.154646796922332 60.37551082689244, 26.1539349241562 60.37688765085618, 26.149167281702102 60.37878232769535, 26.14890786529262 60.38015743710413, 26.150430689862624 60.382268577151606, 26.147772316924943 60.384408242538605, 26.14570013352936 60.384687663309, 26.13948034741679 60.381924963234056, 26.13619762523285 60.38171003554594, 26.12918845948312 60.38638416185588, 26.123400600782507 60.385062930267885, 26.120901421616974 60.382919468794135, 26.121861702384745 60.38031849992137, 26.119730902280367 60.37688023968554), (26.03406300340291 60.39251517171685, 26.036653492370682 60.38986362375532, 26.0399828239161 60.39062593145793, 26.040605355412296 60.39233298406158, 26.043485516995336 60.3932004936748, 26.048276200961244 60.39250291411843, 26.05289871410314 60.38988834287202, 26.047761245049397 60.38533191742529, 26.040240390544536 60.38458417321948, 26.040437486502235 60.383120153797094, 26.046180249135055 60.38030157260508, 26.050013254228563 60.37696266748335, 26.054158272403633 60.37717391561678, 26.053846243592385 60.379136399518735, 26.05008048657255 60.38303217538412, 26.05093156774981 60.384596777475, 26.052998772485104 60.38528721435238, 26.056557327647077 60.38513249275236, 26.064092814717924 60.380762842929464, 26.07024704318682 60.37911812297696, 26.071992716623672 60.379797002532165, 26.07042741012289 60.382014736237196, 26.07164740743251 60.38348605790642, 26.07646645599665 60.38412694731435, 26.079581753153786 60.383074324280415, 26.0795687866871 60.382049226710954, 26.07740592709802 60.38038728978386, 26.078469157050804 60.37832833468883, 26.075630208249265 60.37690706388787, 26.075407834316724 60.37556739950684, 26.078887011507124 60.37322896191061, 26.08464434602141 60.374039296896086, 26.087580266548294 60.37283496557273, 26.08761058389516 60.371006900421335, 26.09019644743438 60.370122412873215, 26.091490682711928 60.367446549891, 26.089916146760768 60.36418721899801, 26.07750063335733 60.36346181663096, 26.074507083363674 60.36444604917085, 26.074287408150585 60.36680115595138, 26.07128832080038 60.36826357840928, 26.072223725529756 60.3711339180503, 26.068208449601666 60.373912937474486, 26.069598402574144 60.37549396854588, 26.06910679883762 60.37710702502649, 26.067084070541814 60.37682654880362, 26.063870614788783 60.37402638675834, 26.05526105364971 60.37470865265197, 26.053648738010793 60.37425907662605, 26.05340295807756 60.372813870117334, 26.059566961447835 60.36851986481202, 26.065101253260654 60.369127101896055, 26.067014527054553 60.368295941207414, 26.065424075848103 60.36499752604918, 26.0708766364864 60.36344994161381, 26.074294051085978 60.3595677725352, 26.082560206906027 60.360056084798, 26.087601136791204 60.35741537727106, 26.087617879335042 60.35529530542762, 26.08475978891321 60.354122122462954, 26.080532294599436 60.35442084101636, 26.07614034844703 60.356716418746714, 26.076071552507113 60.35667559957771, 26.076000800467103 60.352854801082074, 26.074081852642845 60.35185469518761, 26.073897282765625 60.350592877963734, 26.077432345394435 60.348044211529015, 26.083040064404486 60.34928547328396, 26.09000635783506 60.34729196937886, 26.098713929208632 60.34917487365063, 26.102089098651614 60.35195429285199, 26.101717425187637 60.353453817202436, 26.095637520935618 60.35503260462814, 26.09402010600932 60.356525183062445, 26.094619215216124 60.3576840948268, 26.107795172974754 60.359124390941844, 26.112851193511304 60.358455560060506, 26.115526257837228 60.3599925443197, 26.121146730886498 60.36103689394945, 26.121001274055168 60.36355358945163, 26.12258698795458 60.36734945422091, 26.119683513870687 60.36792807456489, 26.11445499846685 60.36541876035399, 26.11085179156165 60.36512686125052, 26.10698730858092 60.367361350767034, 26.100629548396675 60.367526875143376, 26.09866545131887 60.369520711475026, 26.100591780574604 60.37062935400032, 26.108331013761596 60.36948549385611, 26.108291172501875 60.371224885876465, 26.110121138412044 60.37326097637714, 26.1088538268196 60.37554585731611, 26.10972882273452 60.37762292779305, 26.108831235740407 60.379360596872196, 26.10220481893767 60.382318110300986, 26.09129087167767 60.38129333290098, 26.090894859647246 60.37976789201887, 26.093155937956293 60.37824207351015, 26.09287523968846 60.37698615048351, 26.090122178850162 60.37570501049414, 26.086697489244905 60.3759273488704, 26.084480035962454 60.37721749009653, 26.084330323259326 60.3783924409869, 26.08829437022023 60.38002300146259, 26.08860673704688 60.38147605408032, 26.08576137714685 60.383251896363866, 26.085378559243146 60.38500291063915, 26.082777140709744 60.38707409429318, 26.080925266706185 60.39036482335834, 26.07900317534162 60.3899917087662, 26.079033599857386 60.38708029916774, 26.073756235398562 60.386538266863106, 26.071301773394495 60.38871605643932, 26.063585304778876 60.39051351525039, 26.062251549794375 60.393045214726016, 26.065013247511928 60.39395663408158, 26.07434832339335 60.39279638951986, 26.07870799172599 60.39370201622455, 26.083368528850368 60.39206345782824, 26.084629284485683 60.395444599900316, 26.0957220280855 60.39912081476077, 26.104280183588536 60.39807980210732, 26.105901028589333 60.39649444049316, 26.105911599194584 60.39448200758517, 26.112095259207848 60.39180470578114, 26.11340721898187 60.39223180934051, 26.11303119984388 60.39375497984097, 26.114419118059335 60.39517693648353, 26.119836274802562 60.3951875298523, 26.120786721476904 60.393607724357025, 26.11620485556604 60.39246385751347, 26.115664578060063 60.390746252466435, 26.11754865277888 60.38970613289534, 26.125135411671625 60.39015497406224, 26.12763341893077 60.38720096452419, 26.131708845593216 60.38970958650595, 26.138988474273948 60.38900630228619, 26.140043816434368 60.391514405289136, 26.130079564733823 60.39503315186559, 26.12411798692592 60.395157446030964, 26.123154849795363 60.39759602520999, 26.127615338092852 60.39867807957201, 26.12778499268523 60.40073117647277, 26.122820018186275 60.402238263313166, 26.112693052802328 60.40309401528747, 26.106616996685272 60.40571484983618, 26.104587345526827 60.40802513357436, 26.10129123891992 60.40796220723049, 26.10122039337227 60.40580705585251, 26.099906059954016 60.404408432024404, 26.094709959863987 60.404254262395185, 26.092970443260395 60.40521859354007, 26.093111415014754 60.40630538235544, 26.097090284359847 60.40885030647756, 26.097088572482154 60.40893112294113, 26.09048617578093 60.41276309998016, 26.08233969747328 60.4123492637637, 26.078611046815173 60.41497751143269, 26.071845185042967 60.41597044685241, 26.06923033607612 60.41174976946595, 26.072359639888322 60.41045882903508, 26.07283566926654 60.409320986489035, 26.064323209052475 60.40781590711282, 26.060649895737434 60.40927935246094, 26.059025104508798 60.41241804094147, 26.056263549435954 60.41358417224509, 26.05633830626592 60.415628373580425, 26.05482886603417 60.4170035202907, 26.05206054782905 60.41819760371748, 26.045095141047348 60.41862474206095, 26.043907190448472 60.418031926052755, 26.043923203803036 60.41651034177972, 26.047777327236147 60.41461232303223, 26.04274089071135 60.409318113371185, 26.0444631960275 60.40631548957984, 26.04163845048904 60.405124508579185, 26.03570031649801 60.40493787639861, 26.036177901502363 60.40312877340034, 26.040601613785103 60.40184913295588, 26.03740723786586 60.39977702653835, 26.03876870312444 60.397121027596725, 26.034264894929574 60.393872110747694, 26.03406300340291 60.39251517171685), (26.050439390298205 60.30093657032665, 26.052718953237203 60.298394857289104, 26.06663329905343 60.29862550076446, 26.071504600467108 60.2966573522839, 26.076804889065336 60.29662504745876, 26.08564001731472 60.294709568165224, 26.087059244279732 60.29520237001953, 26.08722001744349 60.296649050367456, 26.081805040018132 60.29814197615635, 26.081351920512592 60.29935182224048, 26.083548444621705 60.300747235379454, 26.088494964466825 60.30092931197634, 26.09200824107232 60.30306578274872, 26.09377602191515 60.3070437346867, 26.092058304903105 60.30835166490798, 26.086694142893197 60.306874077227604, 26.083675584885075 60.304028342203885, 26.076012962486043 60.30337620165692, 26.064910025808143 60.307174168123424, 26.06382568238588 60.30951644186391, 26.061664646449245 60.31038765311186, 26.06009470510551 60.308991526552724, 26.053964215440523 60.30734009727002, 26.052873795663697 60.306151745075624, 26.053326753888033 60.30316126620873, 26.050439390298205 60.30093657032665), (23.928098300288255 51.011791407469026, 23.928095079667855 51.01168844127408, 23.931315438238908 51.01021359102848, 23.933136326774136 51.01130546481239, 23.931296412315714 51.01301945359756, 23.928098300288255 51.011791407469026), (21.99983972035852 63.99999958333344, 22.999958750000136 63.99996472035861, 22.999993612974965 65.00008375, 21.999874583333348 65.00011861297484, 21.99983972035852 63.99999958333344), (18.999833261853883 54.99995749999995, 18.999874779391252 54.34611747468989, 19.037261087319063 54.34570840058018, 19.096965172508305 54.34754295291779, 19.2240063833146 54.355462741732744, 19.307024936522698 54.36446475847738, 19.378912335511725 54.37580615552012, 19.42194844408394 54.384563404648524, 19.46528278546944 54.3948136947267, 19.525255095733296 54.41218981737748, 19.581413034288772 54.43276969437078, 19.612693551766103 54.44675159964657, 19.636912106186287 54.45918101496285, 19.639509098222007 54.45953521425836, 19.64896518980396 54.454466726952475, 19.812707562986763 54.44345858190566, 20.00801318521561 54.42604436465804, 20.051997095203447 54.424543610679606, 20.06019669011353 54.423209877918694, 20.069559903996357 54.42354024597472, 20.22184216517237 54.41004472696578, 20.242379594747025 54.4095411195394, 20.332477746761434 54.40254602425688, 20.361143217312478 54.39729787300796, 20.404339910585602 54.39421082740392, 20.43783558198234 54.38937861414723, 20.50562135439981 54.38413160512998, 20.51566582698293 54.38196219170335, 20.536219932535246 54.38229105679652, 20.58481061195206 54.37937904180526, 20.617937781440784 54.373880866671556, 20.62408043675977 54.37218355034516, 20.631725182287003 54.3680510482114, 20.647384420780064 54.37254672260531, 20.690545334919285 54.37362488898771, 20.72221140722416 54.370292481370726, 20.74165705376079 54.37062830472974, 20.818699948280113 54.36137636553746, 20.84933886091113 54.362039755847476, 20.857526232349 54.360626868964715, 20.89459639001798 54.358958393139844, 20.900186081621563 54.35954136440273, 20.925563873844453 54.35779187380042, 20.95231194942473 54.35845543918975, 20.960158018411715 54.355879777818345, 21.007672981823347 54.35495976558018, 21.038982694415218 54.34988054345871, 21.0817403656779 54.34779179077937, 21.088968689292983 54.34862148107736, 21.09933963920112 54.34812762907653, 21.14426903740399 54.343875988408705, 21.164331930762582 54.33871225406224, 21.197694690320823 54.33912534508856, 21.26266338823994 54.33046243469076, 21.27401207829004 54.329796593653775, 21.28907538151141 54.3335531347951, 21.303849827358132 54.33487424089181, 21.32354476356686 54.33087577379009, 21.37323932039778 54.332624822830574, 21.385898061234048 54.33155861536423, 21.39443692427189 54.3292200964427, 21.41386783669207 54.32762633459567, 21.434182824066536 54.328286061263256, 21.439559790786706 54.32693337531468, 21.443833838998184 54.322084176992114, 21.447572148317033 54.31972448411474, 21.46750444704899 54.32137922315185, 21.495469002530207 54.32537375776051, 21.511795367475514 54.32529279284138, 21.527940264981613 54.32678991814725, 21.553809070546617 54.32653913570826, 21.555423490707117 54.32592663980418, 21.556266875134153 54.32414266870709, 21.56834190057841 54.32349184468431, 21.571078549648362 54.326153034737104, 21.577452286877598 54.32695888925542, 21.634241409480786 54.3287899438747, 21.647055293542703 54.327875429340345, 21.67644146456709 54.328125335730206, 21.794945025420482 54.33312498382807, 21.8501396294278 54.33262682199198, 21.912117141903895 54.33504164072725, 21.97012572050191 54.334125980081595, 21.9936605107987 54.33687777611911, 22.009771516706117 54.33762507960475, 22.061101222598836 54.33695850835508, 22.09642292346522 54.33879047916512, 22.120733410944602 54.33770848367664, 22.153617470268603 54.33795897546113, 22.17865057582141 54.339041729929555, 22.224807328400857 54.34512456559263, 22.22744015757296 54.344917878485504, 22.231320316911475 54.34187129581756, 22.23792915419781 54.343123632816436, 22.257413719827444 54.34195835339715, 22.309488379770123 54.3427900311694, 22.31613049522635 54.342019056113166, 22.318576573994328 54.34426280767041, 22.328117475122195 54.34587241984371, 22.334929586862447 54.34479202025827, 22.382313768408697 54.346043905620405, 22.414501093905447 54.34837901483945, 22.420867506489383 54.34979030566174, 22.433851583238603 54.347880895761506, 22.44595444207991 54.35004133197326, 22.527652100773963 54.350544252824285, 22.535839822721293 54.35212534769448, 22.5586955733651 54.35313191002179, 22.570500842326435 54.355209052389185, 22.597285888129992 54.35495904219526, 22.615810940462012 54.357042209110766, 22.624303787537414 54.357123870806355, 22.64190558348654 54.355125072976506, 22.659263568549502 54.356809551486535, 22.667966980210608 54.35956547711514, 22.679996704474554 54.36162536212649, 22.70906837204478 54.363122641305964, 22.72475373602934 54.36220834413767, 22.78191562974066 54.36506173647515, 22.782280640739117 54.36607252706218, 22.7726263815395 54.3748841573984, 22.771375715890485 54.378587584123224, 22.768510366413327 54.381972862695015, 22.76407693929844 54.3845292549999, 22.73395433764653 54.44188635873149, 22.70060940830528 54.451725115230225, 22.698686146949115 54.453083015399564, 22.69979771815709 54.45576161770896, 22.701130940474275 54.46833128455364, 22.699299216114643 54.47203256103974, 22.69925835011524 54.47623226338223, 22.69614559752594 54.481796891859645, 22.693835681933244 54.48889291210232, 22.694761834598662 54.494209392077224, 22.692949159218685 54.50485368859644, 22.69402102764997 54.50708846865361, 22.68928279551585 54.51128273326532, 22.688165704981174 54.5147647082569, 22.68153641528607 54.517990135690326, 22.67850845058655 54.52413918934364, 22.680641095725935 54.529133892899395, 22.678924410340397 54.53037906353245, 22.67750612312134 54.53345161651757, 22.67828717324832 54.53583520945865, 22.68254630087416 54.53967723814488, 22.688937284579936 54.54259755835169, 22.690061160082465 54.54519886890207, 22.689604075219822 54.547352625817915, 22.691785273899107 54.551149794426124, 22.700472619052373 54.55464622224589, 22.70323407483234 54.557455099186804, 22.70385056180175 54.56034458683779, 22.706708959718576 54.562788229213375, 22.697399115357552 54.56902758311092, 22.698075942620775 54.57512419001715, 22.693144744135004 54.5758484050108, 22.68332246767918 54.579792431898575, 22.680620575375276 54.58296334639186, 22.68080126626012 54.585979105712205, 22.68313863457656 54.591372740447376, 22.695104434190544 54.59536829126368, 22.69768244479214 54.59904388405994, 22.70281870277272 54.60346548528431, 22.71714214081531 54.60739356757802, 22.71876064855257 54.61044409393118, 22.71830152269408 54.617300289439115, 22.72259291809582 54.62023876736452, 22.724091772135296 54.62373987242449, 22.741208135526232 54.627756379340845, 22.745642855049574 54.6313743172384, 22.745397124983405 54.63506019829808, 22.74710380139123 54.63685459139425, 22.74698274978184 54.63835469181446, 22.739623769281334 54.64147113223553, 22.73868526294904 54.64318401710249, 22.743297651404575 54.648218191472985, 22.75198827898985 54.6489566776208, 22.75359457956656 54.65169508300277, 22.75249134148664 54.654028857804796, 22.73973151328224 54.65701946059859, 22.734548478227588 54.661141311127565, 22.733617774459493 54.66354594802762, 22.73050887065932 54.66462134908239, 22.72628530140579 54.66789793595771, 22.727657203753164 54.670375147942075, 22.734180049991686 54.671666763139385, 22.73610579282727 54.674766923867544, 22.733255379830588 54.67752692080039, 22.72984087887363 54.6771263075597, 22.726271354907038 54.67807199238653, 22.725136292542196 54.68178572491895, 22.72038728320206 54.68585606930433, 22.721287949689383 54.690356592475005, 22.724086102220358 54.69197211336931, 22.726597916927123 54.698627218888916, 22.733511405054575 54.701735468973645, 22.73460007499985 54.7039149301101, 22.740568843800776 54.70476103556224, 22.74492912773825 54.708069975416294, 22.743922812706355 54.710510956069626, 22.740822802129706 54.71132268721246, 22.73602535769323 54.715289095474574, 22.734843039210258 54.72060727362397, 22.736094316715878 54.721568638883646, 22.73646981948976 54.72410651385797, 22.73524634629814 54.72638149091459, 22.738397165804248 54.72778903334823, 22.741037322194718 54.73239213695921, 22.75213560166858 54.73437471321559, 22.76490408729469 54.73992412920052, 22.769767004356066 54.74484689697079, 22.769588523140612 54.74634441936829, 22.771273793262583 54.748865435049, 22.770803522463115 54.751392431876155, 22.772193631192536 54.752320265425816, 22.778350549532487 54.753452266300336, 22.78290713018299 54.75169227852568, 22.78952422943224 54.755622806532564, 22.80165714794858 54.75450864591835, 22.804248997509756 54.75658047419991, 22.805617624912905 54.76077306855692, 22.809245540987128 54.763074788289344, 22.80944243707097 54.76634664883888, 22.811039341078995 54.76749164214799, 22.82134900664666 54.7680409453107, 22.825825218477398 54.76658666613851, 22.82757965225456 54.76919099404482, 22.82959863834043 54.77013986698981, 22.8437145253795 54.76966195318435, 22.845156237492525 54.77143199546784, 22.844779596484216 54.77386696543323, 22.84570320331015 54.77512722527023, 22.854509660963743 54.77750908086428, 22.8547470724086 54.778473364482956, 22.85278352149549 54.78028703947847, 22.844986154214197 54.78508077883309, 22.84550788096191 54.78648128926438, 22.849415855927063 54.78793499357391, 22.851679785393486 54.7907078991714, 22.85601954426867 54.791287943831584, 22.861182243050937 54.789710402763944, 22.871535679733757 54.789966002223764, 22.87491327031651 54.79130573318975, 22.874956826945684 54.7927246113291, 22.86962098017944 54.79519351336753, 22.868645306655317 54.7982686820803, 22.871606102846457 54.80060731619097, 22.870297118188706 54.80485853718996, 22.87084852226993 54.80643964568717, 22.87282435760138 54.80774152503188, 22.874920026710356 54.81153234139285, 22.879111940184654 54.81316618918285, 22.87919281450756 54.814464221459176, 22.876195592096035 54.81780140232034, 22.870879784008018 54.81800314693109, 22.868182742351745 54.820468607276496, 22.869308270621673 54.823211366445044, 22.872927616385635 54.8248753780877, 22.876204199533493 54.82495391931337, 22.87661746209197 54.826262990217494, 22.87356988131353 54.83303246415626, 22.862034718246093 54.83508649309733, 22.855751398188822 54.83846116969943, 22.857461741110832 54.844045975935465, 22.860763279984965 54.846493125237124, 22.861989238874056 54.849639930779524, 22.865703217663782 54.85105466728451, 22.865570390860515 54.852522901904116, 22.861624157586423 54.853481066704035, 22.860146472300844 54.856024986083675, 22.857659914723435 54.857009010070804, 22.85352120307065 54.85742130807603, 22.847763795962344 54.859773909297026, 22.84096205890634 54.860468674723556, 22.836673442360784 54.86396609706931, 22.83745214508097 54.86877754783577, 22.840913301480782 54.87173009815151, 22.841061855850985 54.87611797760865, 22.843290763419276 54.877610941052524, 22.845494867286245 54.88190234775943, 22.852029632128126 54.88592017336406, 22.852272668579154 54.88731570745687, 22.844288629361635 54.89007273279654, 22.843942619450452 54.89640893245737, 22.84142025608143 54.897609178583394, 22.836493058618238 54.8971261461152, 22.83344891836628 54.897978896351454, 22.8323351630513 54.899659248278404, 22.83256214579068 54.903397831236774, 22.82516947846576 54.90493494445833, 22.823133061802682 54.90588043298375, 22.818957674350656 54.91071389594481, 22.816437191268115 54.910696569190435, 22.804950685564854 54.90545859673362, 22.80171051971974 54.901638614238614, 22.798581753585882 54.9010485087274, 22.792397573600542 54.902241297506734, 22.785222063522102 54.90718933832707, 22.78467041429867 54.90959025850012, 22.785621308049098 54.91199635243813, 22.784541215808062 54.91474025868601, 22.785668726681543 54.91958101609766, 22.78091365145326 54.923733234376016, 22.770345428349458 54.92228179065329, 22.765677106314197 54.91668402421089, 22.76303880327642 54.915606941738105, 22.759228671725126 54.915538349663045, 22.75234671302721 54.917710775070645, 22.749888026253135 54.92086638967895, 22.746788572953406 54.92246331141755, 22.746822316942087 54.92539777448522, 22.752962398992732 54.93036956440873, 22.76405916226384 54.93343152525354, 22.764214353170082 54.93457832375877, 22.761009850458716 54.93645281531585, 22.747485024647258 54.93654126615351, 22.73991729659417 54.93865312272602, 22.737612582331323 54.941259787240064, 22.73719336475311 54.94442784403926, 22.730900046404763 54.94682704135089, 22.72497777233243 54.954518310320054, 22.726465068195264 54.95971286080076, 22.72456312270871 54.961690446275064, 22.710347435234272 54.96738331608775, 22.70600971074177 54.972170776488916, 22.70262024823748 54.97232637447115, 22.70035823038132 54.970259714291835, 22.696040872863556 54.96921107771271, 22.687648722980406 54.970724228838684, 22.68510830733515 54.97464640293953, 22.684680207659923 54.980725726315285, 22.67891246799907 54.985396129175946, 22.675279900748336 54.98685369639385, 22.67240375620442 54.98702403498602, 22.66212745075843 54.98130883906354, 22.662557028491126 54.979438580298336, 22.66552924048003 54.977537995085214, 22.667539863095012 54.974479888535264, 22.66826706131273 54.971291772005195, 22.67138108182413 54.96916742385362, 22.66659842096463 54.9637608672413, 22.661323726262342 54.9627989165687, 22.65757720744075 54.9642739343768, 22.652370717788962 54.963543506400626, 22.647186089603032 54.96518298346046, 22.640390850668016 54.97002604344272, 22.638549046790683 54.97263461359338, 22.639310328195954 54.976171013541865, 22.63834134962911 54.97869140203573, 22.639906400410386 54.98181669515203, 22.63364359928894 54.98419780270405, 22.631702918861823 54.9898359973839, 22.629378445238316 54.99058733631137, 22.62380976563545 54.99518796201199, 22.62522825360413 54.9982172686006, 22.62242942462702 55.00334068147652, 22.612240621423496 55.00899327616213, 22.6110059460105 55.011634449614085, 22.600795095215123 55.012821971717756, 22.59888427646969 55.01668579946944, 22.5993235099148 55.019845564908536, 22.59448152835307 55.02308209966106, 22.593337283241816 55.02539837739078, 22.593792666554567 55.027734839638924, 22.591558923336656 55.032093762649446, 22.592191010924857 55.03493479492054, 22.59425872217308 55.03685129812005, 22.59375841711613 55.045425208412375, 22.591110429711318 55.04756248152969, 22.58729611122989 55.05377805527574, 22.58859487443457 55.060548922106, 22.58599184405244 55.06878343235822, 22.573638843647583 55.06836820428906, 22.547228009820873 55.064272023222934, 22.48919542590125 55.04576559698822, 22.467564852374526 55.042959656674086, 22.453772571510093 55.04435678893925, 22.435497863079537 55.050340846259765, 22.423340513762625 55.05287052481654, 22.39216699752486 55.052123711434774, 22.349528172253574 55.060034841502514, 22.311983448818463 55.060540128886025, 22.29181577705728 55.06345592967244, 22.271997874152504 55.06245433769781, 22.25186103801023 55.06004155965683, 22.22099117592953 55.05937035218309, 22.18638941985383 55.05237686084567, 22.159478396030796 55.05436899822743, 22.137231751183762 55.046464508781625, 22.13380591804449 55.042785995250796, 22.12996741822078 55.032887186603716, 22.1270167838759 55.02952252188105, 22.12159058998004 55.026402839955345, 22.100187989667734 55.02287445255323, 22.077188008484345 55.02337061174941, 22.064661934515737 55.02592574561117, 22.047453811043503 55.031965172992585, 22.038896570978043 55.037275461377114, 22.031504437775716 55.045416002060044, 22.028261418342005 55.05198382682629, 22.02842404226518 55.05809222210951, 22.036405713308564 55.068635310843476, 22.03742850311404 55.075875869643305, 22.03662281225844 55.080048634045355, 22.030657425035827 55.08292614790062, 22.008647502760834 55.085789398605534, 21.99644313499801 55.085364186668, 21.98406803447304 55.08263946452474, 21.97218628924368 55.07457889086194, 21.96521746232758 55.072793343096166, 21.960530645012845 55.07295495188311, 21.94937208782836 55.07570012891884, 21.9277151487577 55.077615962882525, 21.91609402191506 55.07969116450478, 21.897716789404335 55.0850746214611, 21.879134674558607 55.09226537511115, 21.859184255552055 55.09412020683464, 21.84706934521314 55.096405693832864, 21.840809660374724 55.0998594462595, 21.822398169065014 55.11382191588947, 21.81297155366167 55.11809779648808, 21.803229636193485 55.1188747487684, 21.789698770905233 55.117707878211505, 21.778037264622252 55.118035339160045, 21.75767343376811 55.122589539499316, 21.738280250412704 55.129353545970204, 21.719234370014078 55.13265538254774, 21.71651307639786 55.13394044788088, 21.71391642636905 55.137300106394314, 21.713623964431914 55.1444094932156, 21.710445158735347 55.14870707156738, 21.683762871988154 55.162807102851154, 21.66827419988362 55.16689094377731, 21.65341617650561 55.1772646208727, 21.64715798855839 55.179926009850234, 21.63093717339761 55.18160788348822, 21.612877432716914 55.18594942969628, 21.591813323779675 55.18718368099599, 21.576448653719424 55.19521565744923, 21.569640545887584 55.19695652120764, 21.54322907315771 55.195438921809675, 21.53603965428232 55.19312720601457, 21.52459351586255 55.18623910150067, 21.517082805817463 55.18436141779592, 21.50737205783141 55.18411969025322, 21.498783961971935 55.18630175653865, 21.492110887518184 55.19064553820057, 21.48361119290982 55.20187440964178, 21.453480622892616 55.216505307986445, 21.444909582070014 55.22311926122261, 21.43368252665509 55.23700162345359, 21.428963495489892 55.25103605177575, 21.418795255456335 55.257542452904445, 21.41212139726299 55.26388373759125, 21.407837702521096 55.27164606346618, 21.401133811135864 55.27935778800605, 21.396756289490238 55.2820200186366, 21.39043376760519 55.28804869914791, 21.382134615513177 55.293017059424365, 21.380751724446224 55.29268299541297, 21.378619370639864 55.288155154490035, 21.376291885812826 55.28641774801029, 21.359327384652055 55.28417188210123, 21.347921879189496 55.277650235472954, 21.33433395179542 55.2742751381624, 21.325484303047492 55.26678045813931, 21.309511841131425 55.260509532094915, 21.305601215198735 55.255524368062126, 21.30023507524466 55.2523083393335, 21.286004717284786 55.24884156739845, 21.2729927719431 55.244292481479945, 21.263306442260024 55.244374555690094, 20.951458854103837 55.28031709409106, 20.95113138164229 55.28129244424623, 20.965495893447496 55.295410464587675, 20.997039438545926 55.33524165389498, 21.027748318296247 55.378412821611256, 21.051877811026767 55.41908178257378, 21.064755511418635 55.446843136011445, 21.08575461450342 55.50399727844152, 21.09192563784179 55.52360330810081, 21.09509396581728 55.537777510461105, 21.10157360719722 55.58983797601998, 21.10326180913648 55.61378925733499, 21.102980857072723 55.63963135723239, 21.098427541951782 55.684720999795054, 21.090590175759612 55.72193616878891, 21.074330709431965 55.72743263941709, 21.07689907918497 55.73133457438296, 21.082440640295307 55.7325389090961, 21.08026026943627 55.74922445094215, 21.076256693588277 55.764070503382094, 21.066814604518346 55.78434707160108, 21.063924626643956 55.793394877813725, 21.06088790099859 55.82102664206157, 21.05533459597597 55.838895478623996, 21.05627598568119 55.848523661413516, 21.05448241595592 55.858502058366504, 21.05461947606971 55.865934336333815, 21.051568947038188 55.87520877479355, 21.048341962083978 55.87895302783174, 21.0502968397498 55.88632292215404, 21.04695187333188 55.901528260266, 21.04680561894102 55.90665252628078, 21.04589713956986 55.907597773902516, 21.046783158345416 55.90921517248948, 21.046578359604638 55.91440909831645, 21.045568507337233 55.91842818519847, 21.04121886675844 55.9201550008676, 21.041641897061957 55.92177533930476, 21.047839594875107 55.92199225821642, 21.051341373732086 55.92526604399232, 21.06192414217211 55.95151504193711, 21.06740822448119 55.97183541736136, 21.06922084980482 56.00011780614578, 20.000000833333335 56.00012507148305, 19.999993613834306 56.99996472035844, 20.99999361297489 56.99999958333327, 20.99995875000006 59.00011861297478, 19.9998397203585 59.00008374999995, 19.9998397203585 57.00011861297477, 18.999874583333412 57.00011861297477, 18.999832500000036 56.0001258333334, 18.00000083333349 56.0001258333334, 17.99995874999996 57.00011861297488, 16.999874583333284 57.00011861297488, 16.999832500000036 56.000125833333286, 15.999839720358521 56.00008374999998, 15.999874583333353 54.99996472035841, 18.999833261853883 54.99995749999995), (17.99983972035852 60.99999958333333, 20.999958750000136 60.9999647203585, 20.999993612974965 62.00008375, 20.000000833333406 62.000125833333286, 19.999958750000115 63.00011861297481, 18.99987458333335 63.00011861297481, 18.99983250000017 62.000125833333286, 17.99983972035852 62.00008375000013, 17.99983972035852 60.99999958333333), (17.99988138702518 40.99999958333327, 19.00000041666668 40.99996472035844, 19.00003527964151 42.00008375000006, 17.99991625000001 42.00011861297489, 17.99988138702518 40.99999958333327), (13.999881387025177 42.99999958333333, 15.000000416666563 42.9999647203585, 15.000035279641395 44.00008375, 13.999916250000009 44.00011861297483, 13.999881387025177 42.99999958333333), (0.9998813870251698 39.999999583333334, 3.0000004166666625 39.999964720358506, 3.000035279641495 41.00008375000001, 0.9999162500000024 41.00011861297484, 0.9998813870251698 39.999999583333334), (-2.9999995833333517 48.99996472035851, -2.9999995833333517 50.00011861297482, -5.000118612974823 50.000083749999995, -5.000083749999991 48.99996472035851, -2.9999995833333517 48.99996472035851)), ((30.43746026679621 69.82603560206135, 30.438854283769945 69.82763165772555, 30.44348447915833 69.82862457153483, 30.44839100425217 69.82839129418711, 30.45091004363872 69.82697040916891, 30.449778700201996 69.82541883225453, 30.445971412354528 69.82437327145921, 30.44029717916383 69.82460592621428, 30.43746026679621 69.82603560206135)), ((30.01116125937196 69.88387100920514, 30.01410828939449 69.88652296504893, 30.01864424500025 69.88729073185638, 30.026390538812826 69.88745420235232, 30.03295950693329 69.88579578398158, 30.045557573268972 69.88613837385732, 30.05008086630852 69.88301932797144, 30.05369869190759 69.88283088820725, 30.058309987291256 69.88403932739554, 30.068130187589308 69.88320952047278, 30.07123563768902 69.88375343620788, 30.073393167171435 69.88550608854767, 30.083354000023924 69.88721071128442, 30.092161340394597 69.88673660122902, 30.09439392453872 69.88550749698948, 30.09505568246555 69.88244815086342, 30.101189433266043 69.88189813802944, 30.103218384047587 69.8810079815929, 30.103256027012225 69.88002781669744, 30.101151203481443 69.878925351283, 30.09510984981926 69.87837728825924, 30.087767906837055 69.87976022699704, 30.086050987887184 69.87664142883823, 30.083312651799947 69.87457025102866, 30.081381963603796 69.86642677044122, 30.08661118419601 69.86392440588153, 30.095876759638017 69.86478850179942, 30.10239834136703 69.86293478597175, 30.101347010204083 69.86004846252531, 30.099516423995553 69.85870710698676, 30.09002687318854 69.85662427392923, 30.086762750324496 69.85424156541356, 30.08006604376287 69.85277726107122, 30.065592407668017 69.8524530670748, 30.0624299458766 69.85103478064234, 30.057973385658567 69.8507960297275, 30.04990033259959 69.85319641766446, 30.04115542278432 69.85351287754862, 30.031608831884697 69.85772539091222, 30.02869450153306 69.86106110692373, 30.025777171205625 69.86232212324155, 30.025598013733 69.86401575860681, 30.0268803351141 69.86603627621005, 30.03133931378487 69.86764570546937, 30.03147594391897 69.86911504764873, 30.026826969374067 69.87244095257108, 30.024931540110295 69.87525048297444, 30.01773556495801 69.87759427886542, 30.018536940813828 69.88018640088052, 30.01435899859404 69.8814302788898, 30.01116125937196 69.88387100920514)), ((30.07828552872899 69.73575965500645, 30.079419145349977 69.73676409960548, 30.084963026129728 69.73762447431879, 30.09279647340538 69.73699210359945, 30.094220137524857 69.73613423393601, 30.08832618842786 69.734124477704, 30.080499215886228 69.73451610362339, 30.07828552872899 69.73575965500645)), ((30.05262817729656 69.84268986494477, 30.054427242977386 69.84443483471053, 30.058620353517973 69.84528868871998, 30.066112122548667 69.84377300168585, 30.065036641950286 69.8421310227607, 30.061949993719796 69.84120381487782, 30.05510144974889 69.84152643657175, 30.05262817729656 69.84268986494477)), ((30.030657949981336 69.8414191572881, 30.031833488345043 69.8431273697191, 30.036308927379135 69.84420763234472, 30.042055520596104 69.84380866608701, 30.046162192609458 69.84211637642146, 30.044563019173342 69.8404860272425, 30.042143499886183 69.83995671868225, 30.033399137871942 69.84036558760066, 30.030657949981336 69.8414191572881)), ((30.000171022969365 69.89200853095304, 30.001759044538208 69.89360015997381, 30.010629184218576 69.89520514410145, 30.017111187582 69.89386128249281, 30.014907558696258 69.89181582382776, 30.007698367349665 69.89046076750192, 30.00322004471318 69.89062071466309, 30.000171022969365 69.89200853095304)), ((29.907129938172204 69.91272884793744, 29.90975755162763 69.91397203932901, 29.916858504191264 69.91437258677703, 29.929012211430194 69.91306166257942, 29.93135696553523 69.9117905774975, 29.92972867474844 69.90964606063297, 29.919564789249222 69.90796034045994, 29.912260133454726 69.9088241374503, 29.911211480730493 69.9111894874006, 29.907129938172204 69.91272884793744)), ((29.616036689174777 69.92307987118153, 29.619600931807202 69.92488801936014, 29.631652770084557 69.92620684187341, 29.63479819507883 69.9251689840675, 29.635036413392484 69.92252513150248, 29.64080332351411 69.92008319328207, 29.6467336333422 69.91980631477493, 29.649464235408015 69.91848813187151, 29.647906057490598 69.9168976841909, 29.641769348198203 69.915201984611, 29.63508067569179 69.91527962433838, 29.63085234812434 69.91705130883716, 29.62288547883321 69.91775136856639, 29.62133034985585 69.91882632579876, 29.621121717241625 69.92139952457457, 29.616036689174777 69.92307987118153)), ((29.61036522420675 69.98345233472587, 29.613859923778474 69.98657379175063, 29.62238138068352 69.987290444673, 29.633968005993676 69.98540924450099, 29.63696327719351 69.98306900363141, 29.62985360395546 69.98112500842099, 29.619810050139506 69.98112500170278, 29.61360267785623 69.98194176755429, 29.61036522420675 69.98345233472587)), ((29.42820878600001 69.8813970721519, 29.4301734239921 69.88265228546669, 29.437884659261012 69.88312418595346, 29.44424197974219 69.88255364581826, 29.446704547995978 69.88121242419997, 29.44166173477643 69.87962384263554, 29.43595994906934 69.87954238415546, 29.42820878600001 69.8813970721519)), ((27.76461988854676 60.5352294233223, 27.764506350735374 60.53620899893015, 27.76657161594277 60.53720965394497, 27.772917402758726 60.5365403413496, 27.778680476272033 60.5375355508919, 27.78156837186878 60.53645382593329, 27.778950497879976 60.53470593274909, 27.77405853839183 60.53502310047081, 27.773555165427734 60.53354615823043, 27.774464981117994 60.53198420887099, 27.77191382716679 60.53078707143526, 27.76584568843236 60.531465722326494, 27.76643809665305 60.53415140391549, 27.76461988854676 60.5352294233223)), ((27.697539615911825 60.460413746759365, 27.69931960585537 60.46278134040275, 27.706186965260642 60.46370771394553, 27.711415573773632 60.463138586876745, 27.71573817420484 60.466093308798065, 27.724038945583782 60.46887481715312, 27.734364614550866 60.46874692135796, 27.73934396857705 60.46995182026976, 27.742836262552064 60.46845281317008, 27.742238281073597 60.46733478996677, 27.73511974450037 60.46489569332829, 27.732355234084196 60.46017588720037, 27.733322907542878 60.45518183140022, 27.729720575508626 60.45327710643212, 27.707262183461363 60.45344627755202, 27.701697663144138 60.45590602023123, 27.700936511349088 60.45842837971764, 27.697539615911825 60.460413746759365)), ((27.704416096418175 60.48221907289742, 27.70636136216951 60.48349303182018, 27.714988827596947 60.484373673122185, 27.718149945590547 60.48338087849685, 27.720052480270105 60.481281169883765, 27.71887925194138 60.47981912752501, 27.71443089467407 60.47904642166907, 27.705742817864227 60.48074178933889, 27.704416096418175 60.48221907289742)), ((27.692330864877064 60.39975989893818, 27.694105776962854 60.40243008829084, 27.69809146007161 60.40276954126423, 27.701911897715135 60.40496744348588, 27.708377328955947 60.40564015119505, 27.710602788519534 60.40413569685942, 27.707095559055027 60.40165861522962, 27.701485032848684 60.401072511530224, 27.701039507225627 60.400083780544676, 27.702640255878663 60.397669735324264, 27.70956040978654 60.396109281456155, 27.71143295603585 60.3946483903513, 27.707396084025067 60.39236807848567, 27.701519549389545 60.39276088102627, 27.699377231660787 60.39396869712236, 27.698247949421628 60.397347738981445, 27.69509150813331 60.3979022903866, 27.692330864877064 60.39975989893818)), ((27.684197712237452 60.41922253238972, 27.685765124000696 60.422129653294036, 27.687710681855254 60.42287703290768, 27.69197536168714 60.422659869002196, 27.694494846809267 60.42130244790187, 27.694226158987654 60.418522242234246, 27.692598601572275 60.41758314390967, 27.68584268637243 60.41792964366302, 27.684197712237452 60.41922253238972)), ((27.68392191337282 60.440642645298404, 27.687345373753455 60.44236974482965, 27.692871558971312 60.44094338877817, 27.68961831731462 60.43896038521728, 27.68622410027813 60.43924763923402, 27.68392191337282 60.440642645298404)), ((27.64179793287319 60.43829225403042, 27.642167210915897 60.43989562856704, 27.644516815558145 60.44070578833113, 27.649673587964255 60.43978343112281, 27.6504155070715 60.4368728499698, 27.65286272771948 60.43526289814665, 27.651899204097166 60.43399624109344, 27.65237312987085 60.43160599871698, 27.64750361206361 60.43037874879189, 27.643661010482322 60.43177133209481, 27.642757615248588 60.433943699416155, 27.644267204693463 60.43712003017856, 27.64179793287319 60.43829225403042)), ((27.624649155600668 60.44759606225831, 27.62679940873374 60.45103872496578, 27.630248491289933 60.452350485489276, 27.628792108072037 60.45500024372001, 27.629202108796722 60.45614989984691, 27.63216379010098 60.45728445130469, 27.638661383625124 60.45729164775944, 27.642714937301403 60.45618169427841, 27.64304175667378 60.45524715089287, 27.641465091713545 60.452725285069825, 27.637871708380203 60.451226485391516, 27.637571469018734 60.44966007278474, 27.645125599929738 60.448267349275845, 27.644686930074666 60.4463794984876, 27.63957716829612 60.445160247810904, 27.63971943869232 60.44100260603888, 27.635604695990075 60.4397069608332, 27.630303134071795 60.440592229376016, 27.624649155600668 60.44759606225831)), ((27.617593622998587 60.38566953804429, 27.61973391816068 60.38712752496238, 27.623297879627454 60.38699468755101, 27.626869113117422 60.38560331382939, 27.626890188565657 60.38333921623326, 27.630997935399737 60.38281408165823, 27.632261034889137 60.3817428251331, 27.629724740163102 60.38061216355849, 27.624114700439122 60.380776096867415, 27.622334882740418 60.38177856359953, 27.622366675748204 60.38378074437041, 27.617593622998587 60.38566953804429)), ((27.617472243688287 60.33105652220344, 27.618895990886386 60.332577724548294, 27.62146141619854 60.33295504689177, 27.626616240567625 60.3321679060998, 27.628000851283065 60.33078779617324, 27.624071165980013 60.32929541121663, 27.619252410839408 60.32982462235677, 27.617472243688287 60.33105652220344)), ((27.61611468278259 60.43750557398472, 27.618425163709315 60.43888102723438, 27.622494838311532 60.43903757291766, 27.624958039219184 60.43815876725071, 27.625631757980607 60.43674601921866, 27.62162919888445 60.43563409576343, 27.61611468278259 60.43750557398472)), ((27.60625585835745 60.32963298621736, 27.605851783149735 60.330586706873646, 27.607235732035242 60.33167158607281, 27.613963017029487 60.33157395412839, 27.614849424736082 60.33096713704128, 27.6142626689623 60.327395841731374, 27.620538936255887 60.325606707482116, 27.620979808820227 60.324188880617434, 27.617993382208844 60.32312637977182, 27.613255104861633 60.323570910211735, 27.61054897981244 60.325372843464116, 27.61132866485876 60.32795027138901, 27.60625585835745 60.32963298621736)), ((27.603351205479697 60.44462959735436, 27.6051954017005 60.44615817529127, 27.60962556092824 60.446373811299885, 27.613017062209522 60.44427692866118, 27.611089880578405 60.442664526529924, 27.607041277199475 60.442292916914695, 27.60391025358018 60.443324904800555, 27.603351205479697 60.44462959735436)), ((27.597520223937 60.429771589650514, 27.597920570390585 60.43081901636724, 27.600069748671924 60.43146388569583, 27.604700652323547 60.43126614254128, 27.605979023529823 60.42962164702269, 27.604903713895414 60.42742748850921, 27.608265805770444 60.425117361182146, 27.604659805725795 60.42396007219798, 27.601260164451126 60.424404744982404, 27.599401813134318 60.425670200626485, 27.60059834196922 60.42803480894703, 27.597520223937 60.429771589650514)), ((27.59910724853423 60.388867753651155, 27.601861056462536 60.390290246611244, 27.604960687716254 60.39008013192613, 27.606515510768514 60.38892944071913, 27.601991374026486 60.38755006279545, 27.59910724853423 60.388867753651155)), ((27.565901275032516 60.461042753005835, 27.577684526964166 60.46164916802019, 27.583858179294158 60.45863095517034, 27.585076650171505 60.456339084001314, 27.590468888554778 60.45483478807248, 27.59097932057636 60.45303141070894, 27.586168533351476 60.451879242958235, 27.580507325104097 60.454341864826105, 27.573016016870106 60.45449894685696, 27.572680628917 60.45290145763051, 27.5756688403055 60.45004808724746, 27.57257265612305 60.44769734935786, 27.57415848802024 60.44513549408154, 27.570652003108375 60.44395965189182, 27.567518895124678 60.444257047661125, 27.56435357778721 60.44568168905681, 27.56477511052368 60.44692505705481, 27.56675531293451 60.44773680213081, 27.566801267139805 60.44920686173312, 27.563797838086728 60.45211850374527, 27.55882091321597 60.45408952270694, 27.559770276225052 60.455187299655655, 27.564550997675212 60.45587687464037, 27.56433572707019 60.45828477577405, 27.565901275032516 60.461042753005835)), ((27.58203043245762 60.42388154751563, 27.583594113216236 60.425433606822686, 27.58765051049225 60.425956594482514, 27.589703197246873 60.42528645246502, 27.590951435893338 60.42343337246401, 27.58707701477771 60.42221559083909, 27.58203043245762 60.42388154751563)), ((27.570680590529157 60.310787842660446, 27.571370330637507 60.31269005027136, 27.57325589472069 60.31363278006071, 27.57815834762786 60.31348001075668, 27.580259797948475 60.31156538467306, 27.57963329429787 60.30955015262892, 27.577932175817747 60.30878711538443, 27.572687876683755 60.30892796909569, 27.570680590529157 60.310787842660446)), ((27.557507154990276 60.462628892142895, 27.559440567373752 60.46468634627763, 27.557470140322202 60.46686527499162, 27.55780739746613 60.46786812237193, 27.561819941564547 60.4687047540858, 27.565096772181374 60.46732574120599, 27.563562689197134 60.46586645195443, 27.565876334270037 60.46351941782346, 27.56518255316005 60.46189890434648, 27.560531634129177 60.46129400125047, 27.557507154990276 60.462628892142895)), ((27.532973121082566 60.43189956575273, 27.532945739867063 60.43457804023695, 27.535939763649562 60.43727647886448, 27.535809136046392 60.439781591259006, 27.542563584625363 60.44262908172257, 27.550510011569834 60.443037982816506, 27.55608415779492 60.44141030847704, 27.559149657893553 60.438181058401916, 27.556492324855135 60.43261811372345, 27.558976620131766 60.43099814156461, 27.563565610514217 60.43043369856442, 27.56543036847941 60.42866689367317, 27.561510114215448 60.42711792024906, 27.55971533623945 60.42348401379781, 27.555365612988712 60.423046539547016, 27.552668459031768 60.42432706740493, 27.55273827599998 60.42802446410567, 27.550202818890586 60.428183321394364, 27.544841455153982 60.426125934750374, 27.53948908281324 60.426440689476344, 27.532973121082566 60.43189956575273)), ((27.547399802682875 60.32804478992707, 27.55050940357816 60.32987146899992, 27.554976428421813 60.32957463351718, 27.55659475020687 60.32839014990158, 27.553090842824243 60.32645559969157, 27.54921955095792 60.326668763161805, 27.547399802682875 60.32804478992707)), ((27.51646234426386 60.452301047267675, 27.52026692486705 60.4534381915423, 27.52261574487602 60.456691112196616, 27.52931266086156 60.45745679796119, 27.541882048100753 60.45337250783483, 27.548266943055165 60.44905400236256, 27.55163210620571 60.449290328018556, 27.554171433221157 60.44812880697188, 27.552197419479334 60.44677191667341, 27.541801092339163 60.446450687239384, 27.538350812720253 60.44476745319519, 27.53422605886006 60.444706085259384, 27.527227803620153 60.448949082865134, 27.522880380333923 60.447962878413016, 27.51875395609187 60.44848758806165, 27.516894165291077 60.44984270507383, 27.51646234426386 60.452301047267675)), ((27.51941499380621 60.38041366054574, 27.523066883992183 60.38246311776476, 27.53415743785105 60.38237516256679, 27.54307832827827 60.376976599347856, 27.541050617237303 60.37594804501478, 27.535619697467247 60.37627384220501, 27.53073983683643 60.37927802471714, 27.52467775520494 60.37829172221558, 27.51941499380621 60.38041366054574)), ((27.52820410326251 60.330565554560444, 27.52947539321739 60.332100666579926, 27.532162080742445 60.33262312871783, 27.536634151423588 60.331588750111116, 27.53403810056822 60.32961998748577, 27.52820410326251 60.330565554560444)), ((27.490895095264246 60.385823092896466, 27.494245382124465 60.38850307996816, 27.499305287025738 60.38857365158071, 27.503715858869313 60.385616060260325, 27.509697493136855 60.3842651028062, 27.51093453862171 60.38045755487221, 27.515066663239747 60.37749889747026, 27.511823267209774 60.37645772125041, 27.50424183223582 60.37715847766953, 27.495718171782613 60.38451599747247, 27.490895095264246 60.385823092896466)), ((27.50183192804609 60.37206558373762, 27.505823128126888 60.373706552407896, 27.510922577458228 60.37316818878405, 27.512187377632245 60.37214586427663, 27.51107417783255 60.37090130213235, 27.50742311856749 60.37037863855893, 27.50183192804609 60.37206558373762)), ((27.490474978133822 60.366029809308245, 27.49454617634091 60.368125441561034, 27.505200358404394 60.36837309735963, 27.50949755177132 60.36714433533867, 27.510276623376736 60.36516161242021, 27.500273091597634 60.36213115207521, 27.49259079449509 60.363913959580266, 27.490474978133822 60.366029809308245)), ((27.4996062880091 60.4776196709474, 27.502095174200104 60.479049099692745, 27.50535179802653 60.47920419772553, 27.509085240993585 60.478256637041625, 27.509446582466506 60.47705325954699, 27.503648533728715 60.47521604602709, 27.500440964268407 60.47636720028644, 27.4996062880091 60.4776196709474)), ((27.463842402258216 60.4114756130809, 27.467385235281938 60.41320633454957, 27.473319768097408 60.4126120652202, 27.47629495515311 60.41513689242793, 27.49080598736007 60.41678280797942, 27.49225360827629 60.417926241543874, 27.496482694299022 60.418372954684216, 27.503879639893693 60.41482916930194, 27.50355163874059 60.413708420803594, 27.50014518305577 60.41242221242771, 27.499883083805063 60.41114298981912, 27.504731973687818 60.40876050167662, 27.50386479917617 60.40604949200323, 27.49874219660758 60.40412557183287, 27.49875614837765 60.40298882451014, 27.50034067392699 60.40212603332778, 27.499693263994697 60.40088912433532, 27.494154289527792 60.400213352942934, 27.489483364804943 60.401786273952816, 27.484636178387024 60.3991733847037, 27.48120323188286 60.3989591748077, 27.47817131571242 60.39994625230148, 27.47797278375991 60.40088685885394, 27.48476039860619 60.404463862588784, 27.490007722384906 60.40439885577769, 27.492192067220618 60.40314739497065, 27.49589358777526 60.403593798993796, 27.49422056227235 60.408251365340604, 27.49181191546688 60.40918867498541, 27.49116449683654 60.41077729912282, 27.48539865139873 60.41269664776958, 27.477997632787194 60.4118763203802, 27.474381992796147 60.41290157483926, 27.469810899652003 60.41029617427602, 27.463842402258216 60.4114756130809)), ((27.493499342691564 60.37601610891975, 27.497826698096706 60.37728592887308, 27.501011050182203 60.375743300411, 27.49681114132083 60.374634171892055, 27.493499342691564 60.37601610891975)), ((27.487291742402277 60.43582341825434, 27.48748957850372 60.43695286305733, 27.493003402204085 60.438870369537405, 27.497530695560812 60.43739855137835, 27.497539239245096 60.43589343620543, 27.494987114579676 60.43487391483251, 27.490189665884735 60.43454290830854, 27.487291742402277 60.43582341825434)), ((27.47075213547577 60.37126687348304, 27.472875625776506 60.373162640898414, 27.477244998098985 60.37354089699662, 27.48382948547687 60.37298526705782, 27.486268040040443 60.371064422622446, 27.48391034997825 60.36969712797796, 27.47802742428785 60.36920930777463, 27.47075213547577 60.37126687348304)), ((27.43612771191503 60.34004094257882, 27.439907576700605 60.342104370263044, 27.43991111508901 60.34218582380451, 27.436548100637424 60.34442121146048, 27.43976654754889 60.347664531652285, 27.439546856029242 60.349063253672405, 27.436956299493538 60.35022262278665, 27.436955519828196 60.351173401330875, 27.439724268646856 60.35287495321415, 27.445531547380575 60.352046011677906, 27.451522407387614 60.35395580484798, 27.45895504547948 60.35379423450259, 27.468210014576506 60.35152363192909, 27.470029173243244 60.3493878138554, 27.46949728469981 60.34685312455646, 27.47169205004384 60.34607072765626, 27.47683088314748 60.348616995262326, 27.483150179805886 60.34706656047162, 27.480097974952084 60.34537374408838, 27.473440165736726 60.34613214046249, 27.471374281431544 60.340265626073204, 27.46862725141833 60.33903983608589, 27.46364123058512 60.33967387071187, 27.45746237044046 60.34487806322877, 27.448396144204434 60.34622660467411, 27.447275264673962 60.34432093449455, 27.449521267494173 60.34265641934716, 27.44459417621905 60.34075877595452, 27.44461692413341 60.33883819470235, 27.445964240366756 60.33764479208046, 27.445065765243037 60.33665522749819, 27.439069150219197 60.336583410686266, 27.43612771191503 60.34004094257882)), ((27.37998530957346 60.41097348878343, 27.38276343233482 60.41441542062805, 27.38576405149206 60.41571734719219, 27.398048664865065 60.414631785552004, 27.39942295925118 60.416546041634014, 27.397056536558374 60.41778922461313, 27.39696760650215 60.41893248383641, 27.400501653528767 60.42004001639456, 27.404903843564206 60.41948086717277, 27.405618212447703 60.4161646410841, 27.407531187392284 60.41630844982664, 27.41039950217069 60.41854050102308, 27.419605823879813 60.41819162233672, 27.423136190465634 60.420117819086116, 27.42856789055659 60.41904023609736, 27.43494727178608 60.41987715918546, 27.438695322826497 60.418442975309084, 27.442523235333887 60.420205852851595, 27.448332937160565 60.419449825477784, 27.45102735197494 60.42146134891509, 27.450946999126103 60.42258317059745, 27.445439858380997 60.425239775296596, 27.44433809800634 60.427864014481266, 27.445032090600208 60.43035794864748, 27.4496177346991 60.43302448016709, 27.454668870546694 60.4338285373669, 27.455714283343955 60.43545229421453, 27.452628572794925 60.4381936280701, 27.448827906993873 60.437792739751586, 27.44464202585658 60.438803830768585, 27.444308750778067 60.43946799987488, 27.44555846107578 60.44041118115963, 27.450448057164046 60.440629730890016, 27.453789138735264 60.43911644409446, 27.459134381133143 60.43962336281294, 27.46525347923284 60.43704917964612, 27.47131774527072 60.43887034791913, 27.476185007171093 60.43782752849725, 27.470579606044794 60.43464596703245, 27.473002924954507 60.43066363705523, 27.466399533482885 60.42820463137814, 27.46872276805293 60.42460010202384, 27.468256915730862 60.42168681188876, 27.474145023613065 60.41956983890745, 27.47362726514402 60.418270828524086, 27.467441199588112 60.41785970031887, 27.46465000374173 60.41902872729294, 27.46333236744072 60.42150678857767, 27.458421197856985 60.421791178139294, 27.456577843953735 60.421230464026806, 27.45656832015772 60.418741961410205, 27.452428806719976 60.41785542925569, 27.45172663311542 60.415851668011285, 27.450159358293092 60.4150155967868, 27.44571277827464 60.4147890502502, 27.440432374690225 60.41678095689462, 27.439088149719172 60.41384071215465, 27.443503258379156 60.412291606247855, 27.445451149976865 60.410190439359404, 27.442772687767448 60.408624933855045, 27.43643445961026 60.409707835317825, 27.43495168260759 60.41175441591911, 27.435029045754472 60.414181106165515, 27.431836789875728 60.41468677212672, 27.429350120766507 60.41252067874881, 27.429236948129056 60.411239711086154, 27.431497812884555 60.40868492998515, 27.426723433673814 60.404948922419564, 27.42833682457381 60.40247363767467, 27.428942735073495 60.3983456379046, 27.431906171245565 60.39762964774079, 27.436003479188997 60.399286143586714, 27.440389735202782 60.39857183943594, 27.44048033110955 60.39677997908116, 27.435875511751505 60.39561046365251, 27.436076745568506 60.39162683483734, 27.444766934393233 60.38998585434729, 27.44647690891548 60.386612659131764, 27.441537710126934 60.38296636421624, 27.441345002653488 60.38103721317305, 27.437177452014247 60.37953321232883, 27.435264609548003 60.37749882199613, 27.429384215879885 60.37750970023291, 27.427568695764943 60.379771614307835, 27.42385303656698 60.38033926158742, 27.42067457251822 60.38218037197091, 27.42084601498341 60.383377374742835, 27.41836185155103 60.38597405761822, 27.41926763871825 60.387087718748084, 27.418847102030742 60.38897174421496, 27.423674263917697 60.39090755226207, 27.424508084781927 60.393295860866914, 27.423601511760456 60.39503504066332, 27.41677115666895 60.39515113305808, 27.414542798263746 60.396543868447594, 27.414313126027704 60.39884180524797, 27.408987170260858 60.399748822477505, 27.405742422234646 60.40356509769003, 27.402234534771765 60.404863946771506, 27.396154416389432 60.40346259224647, 27.389951130928477 60.4048080645623, 27.380803847230727 60.409539248633635, 27.37998530957346 60.41097348878343)), ((27.418127320436763 60.32184956338691, 27.41881536001297 60.32561864654014, 27.423231191193903 60.32645407096268, 27.427120762524677 60.325556852306136, 27.429325790360092 60.322871420021706, 27.43622458440613 60.322641820824884, 27.438061373414428 60.32149004060326, 27.43293919183287 60.319618838492644, 27.423008855816853 60.319211192891174, 27.418127320436763 60.32184956338691)), ((27.407110366109926 60.34708059886635, 27.403682354067495 60.34917409614501, 27.40445591676163 60.351678519032646, 27.412107077423958 60.352521808102146, 27.4146271055118 60.355101739689474, 27.419630882215667 60.35647945145984, 27.430793655929197 60.35582935409691, 27.4349524339145 60.3526090323587, 27.43361523487397 60.351420815822465, 27.423078305595965 60.350609234021576, 27.418591877015743 60.3489955927843, 27.418862544332203 60.34744749174779, 27.42212675874476 60.34640783303692, 27.424210812051395 60.34336924373348, 27.42841243341762 60.341725987288314, 27.428380615448887 60.340527794485666, 27.42637066281395 60.3396871559325, 27.42022693129492 60.33966782851801, 27.415879202397914 60.34187187796969, 27.414108408197503 60.34446187272434, 27.4159428182621 60.34783146473742, 27.415334566176835 60.34865461875981, 27.407448031194605 60.347952415813005, 27.407110366109926 60.34708059886635)), ((27.397694140691765 60.334400343416654, 27.399120173153104 60.336358976904144, 27.404465784921246 60.33675358419361, 27.40494720373004 60.33760814591193, 27.403425363459636 60.33974561134883, 27.40537721818837 60.34142906246817, 27.40525905005892 60.34251552081588, 27.401613573745493 60.34419796082005, 27.407150875435146 60.34683669510843, 27.411103604705602 60.344701918704715, 27.41007707013569 60.34187644553186, 27.41386429873093 60.33921838631683, 27.411268840788384 60.337788618299115, 27.40600961051454 60.33798951185006, 27.405691960238595 60.33638242369344, 27.408522994919103 60.334519999229414, 27.406058068301718 60.33303456109107, 27.397694140691765 60.334400343416654)), ((27.38912659001977 60.303519090475056, 27.389301732671367 60.30487477700815, 27.39101467432272 60.306053288543694, 27.395622424536857 60.3074518806764, 27.40133665294724 60.30697569590432, 27.40463788085043 60.30499972766493, 27.402850839564163 60.301751398175824, 27.398288061673544 60.29962133882956, 27.395172322149556 60.29976691961807, 27.38912659001977 60.303519090475056)), ((27.374617670006394 60.33709812733252, 27.37671366325223 60.33874493434958, 27.380996362444655 60.33912399332158, 27.38691860417418 60.33750404391313, 27.388631499096128 60.335442789953646, 27.387253197584247 60.33433261731389, 27.381326585856144 60.33396047171704, 27.376252969317612 60.33540911567185, 27.374617670006394 60.33709812733252)), ((27.350231102455734 60.36569706994502, 27.35525694917907 60.368131661779294, 27.358840998087974 60.36828750296628, 27.361968971905412 60.36748568041338, 27.363547565095708 60.365350750766254, 27.367381069457625 60.36432027745794, 27.369407587737705 60.36683760225507, 27.374781808681973 60.367376711113074, 27.38218455882866 60.364565184037055, 27.38226917269929 60.363275975091724, 27.38079765291041 60.361897764114055, 27.381508393256535 60.36057297966584, 27.38665233849372 60.35981753849231, 27.388316107117753 60.35834422603779, 27.385759361793927 60.35687091109386, 27.380182698456835 60.35671156409189, 27.376650022806135 60.358380613484215, 27.368641375354834 60.35760586564527, 27.36583837265193 60.35910089260837, 27.366084674729603 60.36219717493161, 27.353376032426304 60.36287428876627, 27.351023515827457 60.36366804542573, 27.350231102455734 60.36569706994502)), ((27.369175616348404 60.34504927617793, 27.370653512979352 60.346552286750075, 27.37370498225164 60.34670492204769, 27.377446922129188 60.345222743910824, 27.376716914998994 60.34431502557925, 27.372176384517385 60.34371365583504, 27.369175616348404 60.34504927617793)), ((27.349955266120567 60.41275152311525, 27.352623078775036 60.414299212812416, 27.357073244057332 60.4140945051828, 27.360705261821927 60.412299926897695, 27.36022943509045 60.41051671745511, 27.361849501758904 60.408500886386754, 27.359149401602416 60.407211496336735, 27.353937340691804 60.40806222870538, 27.349955266120567 60.41275152311525)), ((27.35023875507137 60.34645563542666, 27.352021285167368 60.34773911320252, 27.354832891752864 60.34795691717453, 27.359875422240975 60.34568914845338, 27.35874741534007 60.344157352054964, 27.355037017494073 60.34379383253925, 27.35023875507137 60.34645563542666)), ((27.33145879061332 60.28060496585127, 27.331665217692297 60.28197563820488, 27.3364315211633 60.2838102117647, 27.335766322480968 60.28648895314456, 27.332868795464083 60.28995810364306, 27.334070956513674 60.29092267021082, 27.347072660602542 60.2912173492999, 27.352927156404565 60.28755702849889, 27.352674603489906 60.28620951501633, 27.34768019917459 60.28470457908918, 27.34601199360373 60.28176544482272, 27.337849275666553 60.27862428280192, 27.337751519259633 60.27697428084813, 27.340165260414494 60.27578565929893, 27.33908465488073 60.27457371456149, 27.33533405896766 60.27412951902037, 27.332186221873133 60.27510005972166, 27.33226911132415 60.27594707533864, 27.335304542854708 60.27694789736773, 27.33559619372545 60.278445489989245, 27.33145879061332 60.28060496585127)), ((27.333809652053507 60.32707263092051, 27.336405703771348 60.32855082851309, 27.343435142802363 60.329371010844085, 27.347487355165534 60.32803288303816, 27.345743637905272 60.32673905693872, 27.34062931056364 60.325620280503216, 27.33551028250637 60.32576747406334, 27.333809652053507 60.32707263092051)), ((27.335413801876975 60.42741533134221, 27.337641293093306 60.42905357027298, 27.343594625809416 60.42905064736109, 27.346521488266205 60.42782017025285, 27.347304032527887 60.42630847293385, 27.346087685581846 60.425074675913834, 27.341523213250042 60.424629373515025, 27.335413801876975 60.42741533134221)), ((27.332262645845557 60.3413767322854, 27.334185703832524 60.34257632924547, 27.338138199555466 60.34295596749796, 27.340624870673047 60.34139541319872, 27.335352843976622 60.34004615216614, 27.332262645845557 60.3413767322854)), ((27.33140639111492 60.35342605012731, 27.33271441273506 60.3547441199206, 27.336115537956662 60.35528525648311, 27.338672797082566 60.355059598163734, 27.34024776292625 60.35380756740605, 27.335609378485252 60.35213525418743, 27.33140639111492 60.35342605012731)), ((27.27075599971105 60.443035894646606, 27.271618247920028 60.44444257741361, 27.27768567000201 60.44765603986252, 27.28309229096034 60.44810873080207, 27.286353910541155 60.4496204450917, 27.290816339741763 60.44948780324706, 27.291970808373325 60.45187313497103, 27.29690627810951 60.45363351404751, 27.305339762830325 60.454783371009725, 27.308970109278007 60.4529590769228, 27.315276004485654 60.45365866501404, 27.316765588269497 60.45193714198998, 27.313656995830186 60.45096013091546, 27.30785429984606 60.45175514717551, 27.307803000102002 60.451691071108776, 27.30858986442084 60.44956951548124, 27.307736187194674 60.44757467103003, 27.30998304049782 60.44583513896319, 27.309646563462923 60.444958337467384, 27.305569503625637 60.44320166219597, 27.300633904943094 60.44333476686532, 27.299122888895468 60.439759269639836, 27.30427403041857 60.43697397061361, 27.309210578007097 60.436021629285506, 27.30985313679085 60.43468840322566, 27.30846561650438 60.43313718210845, 27.312358547611503 60.428980278095764, 27.31686784129882 60.42652817545067, 27.31682594966235 60.42389458033432, 27.321504279970505 60.4240378855127, 27.327877421314167 60.4217752673172, 27.328514003604948 60.42047841956611, 27.325421941719334 60.41852069804928, 27.325426252293298 60.41843503841028, 27.329343909085992 60.41647630908574, 27.3298231896978 60.41524783333537, 27.328914096590072 60.413881047065125, 27.324632422403752 60.412039235713614, 27.30859013346129 60.41307197892923, 27.306895913760293 60.414526321946404, 27.309986624464546 60.41623362495711, 27.322710927768146 60.41705143482082, 27.324914279779744 60.41839709170722, 27.324908260836896 60.41848736026242, 27.316618891266682 60.422138253695266, 27.31547380599531 60.42353658039438, 27.31099585453632 60.42304264329034, 27.302078580716664 60.424912724278386, 27.30127420244264 60.42723621252685, 27.29513445361097 60.43219905327752, 27.295644500045213 60.43611302877038, 27.290794400642437 60.437740447393715, 27.290256770271483 60.43934800363222, 27.287687711349996 60.441089373291746, 27.287931360686333 60.44295755369085, 27.28699142220406 60.44350958438631, 27.27600376971967 60.44187637440957, 27.27075599971105 60.443035894646606)), ((27.29647889331855 60.365663034012975, 27.296811816090035 60.3669539082487, 27.300312682976053 60.367794049084885, 27.304437814844004 60.37118596421786, 27.30732079398933 60.37204063156265, 27.310757871482526 60.37175221738081, 27.312765190263168 60.36972942389443, 27.319153229019594 60.36898840900466, 27.321104090274495 60.367360219114225, 27.315395890024597 60.36408166322062, 27.31524047578256 60.3628111028161, 27.317369709352207 60.36085389874641, 27.31522627684349 60.359536409268145, 27.309636680419672 60.35989650663818, 27.308515050977864 60.360910332263046, 27.30948475381273 60.363608999386685, 27.29647889331855 60.365663034012975)), ((27.285975121741075 60.28752255604618, 27.286478881340155 60.28888522482399, 27.2901651013195 60.29127843719326, 27.293850775749604 60.292826413201894, 27.298207556194154 60.29305055166684, 27.300220208891787 60.29209630304952, 27.300702533000052 60.29011639127189, 27.30021143532798 60.28906175089488, 27.296202555948973 60.28806038882579, 27.29647713273795 60.28583238532722, 27.306381818579286 60.28679985562364, 27.31680544661457 60.282800659294054, 27.319039933781113 60.28128021334008, 27.319163762953817 60.2798333790491, 27.316889466481662 60.27739520139606, 27.311937501920568 60.275831103951596, 27.311882949786373 60.27418033164922, 27.310751937882706 60.27332102906557, 27.303689121704345 60.2727958564079, 27.293237102489016 60.27740751069813, 27.291180737205323 60.28041356160293, 27.292578419207995 60.28315766787987, 27.288513926589214 60.28443783391667, 27.285975121741075 60.28752255604618)), ((27.30621158249901 60.2935276229654, 27.30812836606158 60.29521694691818, 27.311467924923157 60.295368795999735, 27.316602146632157 60.29365785616947, 27.315174216437033 60.292071999887725, 27.310953537771454 60.29121371026414, 27.308542351021487 60.291590464686706, 27.30621158249901 60.2935276229654)), ((27.305421434134345 60.320467461356024, 27.306845535207813 60.322196185509576, 27.30883095929703 60.32270521623319, 27.31399099055423 60.321186146695254, 27.313594631897505 60.31820413589026, 27.31145296708548 60.317290394864024, 27.30581111771529 60.318383052989276, 27.305421434134345 60.320467461356024)), ((27.292481479617475 60.409250822377054, 27.294989827320077 60.41098137928332, 27.300349987763042 60.41113923284677, 27.302708169729595 60.409855425211035, 27.30275055647238 60.407568043818884, 27.305915588361927 60.407014869122754, 27.308598604166047 60.40502210699578, 27.30606334800452 60.40353416360928, 27.301713518189988 60.403675300081375, 27.298509076229024 60.40694796106371, 27.294447833602405 60.407557697585176, 27.292481479617475 60.409250822377054)), ((27.27572712807243 60.36159916369886, 27.284546358351655 60.36633370397486, 27.288338895427433 60.366704331791794, 27.291521961436647 60.36550095186345, 27.293065881045308 60.36341881593805, 27.292674595482232 60.36033626433945, 27.29777827227869 60.36016272452231, 27.299449171552407 60.35853980738872, 27.29655939594094 60.356699982858935, 27.293493802427175 60.35654668555901, 27.290796070038922 60.357714624908645, 27.291528846153195 60.361208432035696, 27.27834758410715 60.36045935168047, 27.27572712807243 60.36159916369886)), ((27.281066032047697 60.42225613365833, 27.28303502667773 60.424324548150615, 27.28713916072576 60.42595374433614, 27.29009317790875 60.42559208529097, 27.292884563054255 60.42346029239718, 27.2906144115559 60.42191690688909, 27.285444388766454 60.42071935153595, 27.281066032047697 60.42225613365833)), ((27.28472513187367 60.31805326741261, 27.28631846065172 60.319468428175206, 27.289507063609694 60.31962031069226, 27.2927846048953 60.31809588740088, 27.290145541767366 60.3168790600019, 27.28472513187367 60.31805326741261)), ((27.271376433234373 60.37229173806723, 27.272497295482832 60.37345598914966, 27.27698808893019 60.37445593062475, 27.282615586653403 60.372991691409204, 27.278714721157506 60.37045147651336, 27.2733728403578 60.37083710278098, 27.271376433234373 60.37229173806723)), ((27.257445669235597 60.26808737625767, 27.260503572409675 60.27031818305256, 27.26431103021261 60.27037720515693, 27.270220725226228 60.26935331928132, 27.275004168568245 60.266807151329644, 27.275630659525035 60.26553483872319, 27.26945008207448 60.26379715753526, 27.265877661070945 60.26434079194708, 27.263511956517057 60.26664369670517, 27.25856228057336 60.26699973321194, 27.257445669235597 60.26808737625767)), ((27.26513595416997 60.49887945364793, 27.266412415627855 60.50017540741281, 27.270058118777467 60.50053994655077, 27.273902829556242 60.50001456267726, 27.275221658060183 60.498849741512245, 27.274001128333072 60.497480173249215, 27.270322365512598 60.49680030685567, 27.26513595416997 60.49887945364793)), ((27.252720325943677 60.34732059259047, 27.256010718508517 60.348792155489654, 27.27039197355288 60.34920443674828, 27.273569625453565 60.34829624436328, 27.274310784895203 60.346907256155426, 27.270244183516418 60.34356683404986, 27.265393721114293 60.342742509157105, 27.263763094208343 60.3403325896236, 27.25935141528339 60.33987648740137, 27.25650459523208 60.340870164065755, 27.256453638397222 60.34304492763448, 27.252720325943677 60.34732059259047)), ((27.263231294041656 60.45356711798911, 27.264867457648712 60.45491097748448, 27.268811476325336 60.45520731290933, 27.271850550731685 60.454209483776395, 27.27215324228383 60.45267693727837, 27.26733449850195 60.45130301298833, 27.263231294041656 60.45356711798911)), ((27.245363996279277 60.28371382592814, 27.247175929705282 60.285319871075295, 27.252717162470997 60.286295425497755, 27.25672463514946 60.28614048766963, 27.2594334387224 60.2846761594058, 27.250985478614822 60.281960051545575, 27.246258090532017 60.282569954098875, 27.245363996279277 60.28371382592814)), ((27.240043189054667 60.44839017103598, 27.240813440100755 60.45069987444166, 27.247497091660875 60.452290586073026, 27.256260070150095 60.45133736801567, 27.258599280895464 60.449519908570046, 27.250948560723714 60.44520790080838, 27.241901720379555 60.44674442173374, 27.240043189054667 60.44839017103598)), ((27.183507301068076 60.47645072848074, 27.184594562607273 60.477849968474665, 27.187926641366612 60.47853593237904, 27.193793661568787 60.477407704504316, 27.194622538002733 60.47894184567823, 27.197318717242318 60.47978925659879, 27.205699440681705 60.47947635307292, 27.209653600655933 60.47729692940258, 27.214207781159047 60.47879367394552, 27.219051757429607 60.47864310683986, 27.222275560525702 60.47720877607468, 27.22182560179486 60.474385562251626, 27.226838320536196 60.47300630050497, 27.228802091766823 60.470441328420115, 27.232285512965618 60.46852494435734, 27.233493881539847 60.466352460068464, 27.232359308875978 60.46200259606121, 27.244494087187277 60.46187507711691, 27.24813100634784 60.4611634873333, 27.249674297681523 60.45976765915512, 27.24660417687912 60.4569161285578, 27.241845156566345 60.45667708132597, 27.233542341403737 60.45205610380666, 27.23340817339785 60.450800587997605, 27.23679048115654 60.447219789167534, 27.234516569253287 60.44521135891856, 27.228315227784567 60.442709570150896, 27.224110041384552 60.443022655546045, 27.221489178578096 60.44386878842816, 27.22070305622435 60.44557336437769, 27.215285487652427 60.44873571858485, 27.215772822299396 60.45213977468731, 27.213594030815837 60.456759519165416, 27.210283751537958 60.4596774903996, 27.210525467594447 60.46208355340718, 27.204708491047203 60.46335055446649, 27.205249051574313 60.46630090964108, 27.201332276286 60.46826119820912, 27.199247059905787 60.471953967846964, 27.19361195970936 60.47427239799251, 27.187053606707472 60.47458866679234, 27.183507301068076 60.47645072848074)), ((27.230172521747818 60.47825951233728, 27.230566222899043 60.48029994836098, 27.232205346467236 60.4811652712411, 27.23940449347031 60.48155191786283, 27.244293058462517 60.47852858731289, 27.24515328661053 60.475788160524175, 27.243431285404537 60.474410611402234, 27.238660181431772 60.473795885510675, 27.2321574938854 60.475791319050245, 27.230172521747818 60.47825951233728)), ((27.235503446043737 60.266627349372285, 27.23785498901858 60.268312037672466, 27.240401818994034 60.26853678684598, 27.243857875322945 60.26778164759419, 27.244753647338424 60.26647434941509, 27.241889998835017 60.264453362235095, 27.239221388678587 60.264379212887924, 27.235503446043737 60.266627349372285)), ((27.17933431708984 60.28727559280869, 27.180331190044573 60.288552396623054, 27.18761419942654 60.291309358705476, 27.200844875339584 60.29148690405373, 27.20280466941033 60.29311732719145, 27.20593891324504 60.29375403948538, 27.20500887024494 60.29605026645427, 27.2057084713919 60.297407874019, 27.2081854466767 60.29820686675148, 27.212915149678917 60.29769519991518, 27.21354450312884 60.300175556236994, 27.212711413646392 60.301324208092545, 27.204853670732764 60.30095903286992, 27.202032748866067 60.301944745280345, 27.20151838768709 60.30317606315846, 27.20723800693865 60.30758727588608, 27.21434215616269 60.308225518604736, 27.215630204702812 60.3111014909782, 27.222610412043807 60.31133381856526, 27.23116634869213 60.30576621470535, 27.23532131558244 60.305870320076664, 27.23825051374203 60.30451482464274, 27.232518495699207 60.30043633723057, 27.225497631101984 60.29879245367604, 27.221408684746777 60.29911788172355, 27.218634897327973 60.29787739906793, 27.21397436584644 60.29848229692906, 27.213052711481783 60.29579171670898, 27.209514604640624 60.294576717875785, 27.210023301659437 60.29171821083857, 27.20525575290761 60.28939558134437, 27.204946011215732 60.284307397089165, 27.210660335497483 60.2840637012934, 27.213533408516636 60.28186219100028, 27.217941672827198 60.28075076160441, 27.220565415936985 60.27805308762395, 27.219407921818778 60.27694978661504, 27.219748984702754 60.2755710390923, 27.224713256604055 60.2741142994644, 27.221601633567786 60.27220096394484, 27.222145059520923 60.270654363378924, 27.22824775535598 60.270172828990695, 27.23077122904268 60.26836476599756, 27.22825300717833 60.266625527761235, 27.219958645063333 60.26821881986362, 27.219188008550038 60.26928902457549, 27.22110519797116 60.271710905167616, 27.22107056315215 60.27179204142916, 27.213781286933056 60.27247400388538, 27.211315975146846 60.274064064305264, 27.21253426896182 60.27635859991221, 27.211496512974122 60.277176105381464, 27.19992883731609 60.273696787977975, 27.193218806200598 60.274000998030004, 27.191246691479176 60.275270014858584, 27.190932771501803 60.27702693020255, 27.18848802559146 60.2784051029833, 27.18993550064786 60.280098217619525, 27.189026956996393 60.28224959729093, 27.184459243822044 60.283808105303784, 27.17933431708984 60.28727559280869)), ((27.181854028610775 60.49252312426314, 27.185301937723107 60.49378862605381, 27.191573022542293 60.49304454408353, 27.19503227451375 60.4945382832234, 27.19793088438395 60.494462009457514, 27.200610980160675 60.492969928727774, 27.199071738093373 60.49146364895604, 27.198888045911524 60.48900699654725, 27.191122943535277 60.487544582918304, 27.18683142595092 60.48847147902962, 27.181854028610775 60.49252312426314)), ((27.147781147911413 60.48745696905055, 27.1518547527073 60.490157803318255, 27.155122190754568 60.49037356607526, 27.16439951228023 60.48533754539573, 27.16559033414494 60.48188720206716, 27.16804273182098 60.48017736853266, 27.165572326584133 60.478015601079605, 27.165836247736078 60.476554413642404, 27.169586635559963 60.475250131334796, 27.17001722044832 60.473276933430995, 27.176194587565195 60.47156523088097, 27.1798421899913 60.46855501132705, 27.176709440880018 60.46646763028383, 27.17405737281908 60.46335603987811, 27.17436084017652 60.462249032613016, 27.179023762891216 60.46144830826371, 27.180410077558832 60.45929953508943, 27.19288730558681 60.45451716489038, 27.19528271558789 60.45253249569185, 27.192562113534464 60.45038309181991, 27.19546234025371 60.44653922725032, 27.195534993131698 60.443886865789125, 27.19370913999882 60.442787114534745, 27.19390450553425 60.44026634881658, 27.18724485510816 60.43966253252544, 27.18528991322048 60.44089042634805, 27.18498178039878 60.44264479889056, 27.18005929510045 60.44393539675218, 27.178718898675747 60.446587885976065, 27.16549585451728 60.451508443502945, 27.157789256711 60.452638532639746, 27.152565655331 60.4571247540856, 27.151339547579216 60.45997300949007, 27.151806062411207 60.461283511038054, 27.16109431350483 60.463060522269146, 27.16082078392912 60.46476263094701, 27.156409154396922 60.46648243852536, 27.155109317326975 60.46847888798752, 27.155583127215245 60.46985096004375, 27.161054557090768 60.472778513619815, 27.161273351505525 60.47397189250988, 27.16018830118282 60.475193483245356, 27.15560383878575 60.476168483592446, 27.15506906839476 60.477704954786496, 27.14923829362008 60.480243662388716, 27.148276485007926 60.48207432836463, 27.149018679655306 60.48585590051898, 27.147781147911413 60.48745696905055)), ((27.125130908115484 60.286580914508335, 27.129892113672756 60.28912939202931, 27.135415791656566 60.28901645812643, 27.14284167654087 60.29315333387171, 27.153030727245966 60.29458337216734, 27.15789937345209 60.29646729163215, 27.165275936888335 60.29676906693464, 27.16560397865194 60.29909183943406, 27.167834603691325 60.30055218857679, 27.16781034579671 60.30157441858387, 27.16299668850628 60.30445499366974, 27.161253733617407 60.30365383748356, 27.161698277140196 60.301988071337924, 27.159606299594792 60.3012056022422, 27.15567529516949 60.30126352220331, 27.152647852928716 60.302973803332875, 27.147987601362043 60.301789693217245, 27.142658866118126 60.30210311723043, 27.139824393898557 60.30389049811555, 27.141100487607577 60.30584517573637, 27.148237000344857 60.306885730530325, 27.154004129015057 60.303128931935206, 27.15732810238735 60.30413334217986, 27.156809809834588 60.307371248427216, 27.15888851706551 60.30858459319174, 27.16783240710459 60.30856695294564, 27.172068400296407 60.307020525375094, 27.173609179242153 60.303822489808915, 27.173253535487788 60.30193196621217, 27.177437957896018 60.29991227285625, 27.17593200802522 60.29756937684421, 27.170664964831648 60.297111099443114, 27.169908160506697 60.294801356696055, 27.162630394745165 60.29072296402796, 27.16262873890806 60.29063974469681, 27.16724218018683 60.28780521713617, 27.167167872056226 60.28514561546263, 27.17845016848297 60.28390491857529, 27.181749270614866 60.281018922638, 27.18469239726349 60.28006366470263, 27.186084865164958 60.27756459552102, 27.184583902581927 60.274152728097945, 27.188927859601225 60.27066578016265, 27.186156088626262 60.26930522975712, 27.187155607738003 60.26711728646789, 27.18640230315565 60.265835204772905, 27.178108811598015 60.26507106036666, 27.177227103125855 60.26107239511396, 27.171994996869905 60.25954014112861, 27.167455206494477 60.259773008726, 27.162823720886433 60.262213372245654, 27.16437159463565 60.2647366919125, 27.163098370451014 60.268251724675956, 27.15708047701162 60.266875180192606, 27.15215190871121 60.26970385964781, 27.151857597821294 60.2702807853837, 27.153603334442217 60.27151133058144, 27.152866398660432 60.27566066454127, 27.149012714414337 60.277373061471714, 27.1429710614706 60.27504394740349, 27.13598530465504 60.27604745154834, 27.135101393516944 60.27698769995301, 27.136601227158845 60.27850947256673, 27.136339848343088 60.27976991794033, 27.131460286553555 60.28122158553779, 27.125130908115484 60.286580914508335), (27.142718473473025 60.28430741406559, 27.144203950853093 60.280262081644146, 27.14951765581158 60.27862491481541, 27.152720973166048 60.279962678464855, 27.158351734130196 60.279796434972226, 27.161572211311 60.28093678288768, 27.16327427816834 60.28378690883638, 27.16288508453508 60.285286311683656, 27.155298813285235 60.287421758124296, 27.14943722665973 60.28478905743738, 27.143289120760972 60.28513672825611, 27.142718473473025 60.28430741406559)), ((27.165566935074775 60.50741150717597, 27.168939230245872 60.510097909378715, 27.166499345884443 60.512972690214106, 27.169039627228283 60.5147422399846, 27.172941664880046 60.51504555831776, 27.17515284907674 60.51424212412147, 27.176177220131233 60.51229946161305, 27.18321181126269 60.51103009465323, 27.18673100563311 60.50682781272399, 27.18588999285391 60.504704965158766, 27.187621044775515 60.50257944057859, 27.1849062086283 60.501120945002256, 27.17823325108969 60.501250731792055, 27.175954236282596 60.50223869144575, 27.17489633068097 60.50456961502461, 27.169808114587944 60.50510023101946, 27.165566935074775 60.50741150717597)), ((27.17632757713671 60.29698093264358, 27.181925285745706 60.297377570304704, 27.184433629027858 60.295959031683225, 27.182811567634776 60.29467860264557, 27.178876814082056 60.29453915048508, 27.176671861003022 60.29527894878081, 27.17632757713671 60.29698093264358)), ((27.159165325250495 60.42917235718271, 27.161843581848558 60.431401771179345, 27.165177088007784 60.43162454578608, 27.171630934601822 60.43057868452212, 27.173745201058644 60.42877768558919, 27.172758393494302 60.427261460645056, 27.166780636168294 60.42621554694728, 27.159165325250495 60.42917235718271)), ((27.16146257573442 60.41563986960605, 27.163171852434555 60.41682010699902, 27.166495127200943 60.41712287424578, 27.17037545587542 60.41483486868064, 27.16943947884852 60.41391676524443, 27.165187661681788 60.413460817944646, 27.16146257573442 60.41563986960605)), ((27.1509577946203 60.434359020486575, 27.15207579677359 60.435341790172046, 27.155651026424014 60.435703329088476, 27.159094195128556 60.43403629216276, 27.157887830151356 60.43306872979729, 27.154019950113934 60.43271032800232, 27.1509577946203 60.434359020486575)), ((27.13553123955829 60.261704201455196, 27.136707564179353 60.26283272819966, 27.147003226013755 60.26470769267714, 27.150424914999203 60.26442046968563, 27.151956203374883 60.262393090782524, 27.14990433800215 60.261361163807784, 27.143831360164167 60.26154006389705, 27.139873825162628 60.26029812383877, 27.13553123955829 60.261704201455196)), ((27.132888530289428 60.27004058715562, 27.136308609614506 60.271288722315624, 27.141934304771997 60.27018595450285, 27.14098704330151 60.268955614588364, 27.136002786909252 60.26804898626192, 27.132888530289428 60.27004058715562)), ((27.131649878589943 60.50483646591761, 27.133573450117094 60.50633747293388, 27.136830460042006 60.506705824777285, 27.14032274329843 60.50476129562706, 27.13645036678707 60.50338408847323, 27.131649878589943 60.50483646591761)), ((27.1011446961198 60.296667357864514, 27.10343714689784 60.298613511827874, 27.10154798693426 60.30124047641045, 27.105354947914194 60.30270675474615, 27.11284068338537 60.30196223636154, 27.119304061361348 60.30287274322481, 27.129470662288337 60.298900962380465, 27.128747244216534 60.29730708008661, 27.12615531069166 60.29637585599493, 27.121049491650513 60.29666889346322, 27.116996885294466 60.29926451087923, 27.114733706710886 60.29899733809004, 27.11172519945059 60.294486384474105, 27.10948471106572 60.293874420327704, 27.102308678331273 60.29480936381101, 27.1011446961198 60.296667357864514)), ((27.104938934461657 60.40984755426893, 27.10699822809037 60.41917602977856, 27.106502578070103 60.42183036617986, 27.104968022747755 60.423042180440724, 27.10535396598789 60.42383281832598, 27.109047508888995 60.42529479085435, 27.11971032221791 60.42538265760771, 27.12327971453962 60.42644807264999, 27.12796668588839 60.425005717044556, 27.12810902175732 60.42400458816088, 27.124989945765652 60.422874830447036, 27.12315533724206 60.42013875637904, 27.124272656014295 60.416194198347085, 27.121290978203042 60.41320088874165, 27.120001681092102 60.40745424703258, 27.115137639742013 60.4063827348986, 27.111648933401316 60.40728855933565, 27.110622789334553 60.408647196325134, 27.10621225439143 60.408921975319124, 27.104938934461657 60.40984755426893)), ((27.107096093840347 60.25674654167929, 27.115362047742984 60.26332569274802, 27.119904085160258 60.26346427056701, 27.12386881276705 60.260857580950926, 27.1224032667316 60.25791336093874, 27.11775866133952 60.25528241535738, 27.111304218649853 60.254798317322084, 27.107759553375978 60.25574022350502, 27.107096093840347 60.25674654167929)), ((27.098358294558196 60.43801817291546, 27.101319384053173 60.440860986418215, 27.10512490839037 60.44128997929667, 27.108546257392224 60.440044910364286, 27.109272971925503 60.436673079691154, 27.115509744760978 60.43828619716631, 27.117751253476264 60.437596949973006, 27.120109911852552 60.435242187924764, 27.116383559000276 60.43331305198228, 27.111814805907397 60.43283443520489, 27.109754411588195 60.43033339312311, 27.102493387410707 60.4300447364007, 27.099050245165795 60.43201978990467, 27.10286692660767 60.4337565171203, 27.103094695025927 60.43512468223732, 27.099517178401722 60.436292805784895, 27.098358294558196 60.43801817291546)), ((27.100305745747903 60.44964269650883, 27.100522760258524 60.451110960749936, 27.101918214904817 60.452015773464595, 27.107321348177 60.45270961575764, 27.111892861929157 60.45151444990886, 27.114136630575434 60.44896099608358, 27.1123868393578 60.44713478434223, 27.108001217196545 60.44654388606757, 27.100305745747903 60.44964269650883)), ((27.076126874809056 60.50397893149972, 27.08121869747238 60.504707037862325, 27.081048506668413 60.50646249477449, 27.077900084338236 60.50815119025516, 27.07954184252542 60.50949611252752, 27.09257757244783 60.50946025143775, 27.093281234709618 60.511351639755716, 27.09508424053664 60.512344356616836, 27.094670769860397 60.51419968173788, 27.096111187593237 60.51743275765997, 27.10162044481088 60.52027744207247, 27.107314223751107 60.52079239505954, 27.113554820876374 60.51847480360712, 27.113217872203393 60.51625341470696, 27.110411438648214 60.51487686831774, 27.111632884109373 60.512907600782036, 27.111165630799707 60.51119884166479, 27.1086836095728 60.51046555401868, 27.10177347080545 60.51163721202977, 27.10154209082178 60.509890176742864, 27.09916600276312 60.50841855317357, 27.098906389206007 60.505987168418564, 27.1009702093257 60.504362560740645, 27.10001347634563 60.50295961184929, 27.086693798544786 60.498873081850206, 27.083829444667924 60.49676506907302, 27.0805643328872 60.496705061102745, 27.075755615539325 60.49900731034139, 27.075006011977894 60.50078254907223, 27.076126874809056 60.50397893149972)), ((27.091833557413104 60.47838264199861, 27.093238224039634 60.4805022836128, 27.10483428503946 60.4821199176821, 27.11144916070954 60.47850805920103, 27.109886808167794 60.47681305732434, 27.105801377986015 60.4763775189006, 27.10111835057774 60.47729283356745, 27.096179042195658 60.4765442851782, 27.091833557413104 60.47838264199861)), ((27.09640986501519 60.268047866632635, 27.098743081556435 60.26937905285746, 27.101481993972392 60.26945514179924, 27.104096591800953 60.267943832008655, 27.1027678858414 60.2667473256779, 27.09884101971856 60.26646019801819, 27.09640986501519 60.268047866632635)), ((27.091048022081406 60.491123109494346, 27.092151696264118 60.49245057668038, 27.096163154630617 60.492954030049674, 27.100199736190795 60.491703717278845, 27.100758136689553 60.49070165442468, 27.098383612635697 60.48919989612756, 27.095195232528393 60.48904805426165, 27.091048022081406 60.491123109494346)), ((27.09095844614262 60.31872651023877, 27.091827826445687 60.31984321880055, 27.095265608592964 60.32053556171228, 27.098350690124025 60.32002728599943, 27.099644612617475 60.31822399396607, 27.09841704446171 60.316741156747554, 27.094483625882955 60.31637816189351, 27.09210554659084 60.31715369197112, 27.09095844614262 60.31872651023877)), ((27.083814677219248 60.27738060584941, 27.08774467709507 60.28026262607773, 27.094030812715747 60.282041657620695, 27.09693865235756 60.28204164569999, 27.099035264801714 60.2808305828524, 27.096047571849294 60.27888482485146, 27.09435640213524 60.27437772867777, 27.090783096924703 60.27204181258787, 27.085772980095545 60.27256883650458, 27.083814677219248 60.27738060584941)), ((27.085954498500225 60.35158527903188, 27.08607318351486 60.352631106909016, 27.08788148495568 60.353461183535934, 27.091147595271476 60.35353895454366, 27.094587808479893 60.35212843930282, 27.092233001789992 60.35021092389021, 27.085954498500225 60.35158527903188)), ((27.075908790165013 60.485995575156764, 27.077295580005043 60.48785232523444, 27.085508128235386 60.488374543888206, 27.091621296516262 60.48732885994063, 27.09386625527211 60.485707224239825, 27.091709909670634 60.48263571918215, 27.086941723286813 60.4807889301374, 27.083165116066894 60.48071024412768, 27.079970260811614 60.48163618259336, 27.079002577294975 60.48325683047939, 27.076101231311057 60.484649194375436, 27.075908790165013 60.485995575156764)), ((27.08054582906669 60.31118159596273, 27.08174061992573 60.312836799592915, 27.08583939348034 60.31329022533823, 27.089048306873018 60.31227980429597, 27.089967302349788 60.31072935537675, 27.087781655152874 60.30953860645955, 27.084666168797373 60.309460705244696, 27.08054582906669 60.31118159596273)), ((27.06410159083372 60.2539633896766, 27.06583388926631 60.25531293559696, 27.06874615221567 60.2556195248517, 27.07380504495024 60.254913350149465, 27.07594131983048 60.25363184947268, 27.075251846359787 60.25108121245637, 27.069988507439927 60.250212196102474, 27.0665119000668 60.25118920341541, 27.06410159083372 60.2539633896766)), ((27.059249559198083 60.32572575032908, 27.061889987796377 60.327666565486034, 27.065576431651653 60.327795397475874, 27.071844985481658 60.32583845908754, 27.075366898370863 60.32237709638229, 27.07393002787241 60.32133616598691, 27.070025912089797 60.32104299655489, 27.059249559198083 60.32572575032908)), ((27.05997467921841 60.29144540934669, 27.061550073239033 60.29282776206473, 27.065915829260184 60.292881235539525, 27.068560411808964 60.29199969942117, 27.07004593063993 60.2902845779031, 27.06460414810039 60.28846522808711, 27.06204932491765 60.28910194541598, 27.05997467921841 60.29144540934669)), ((27.058870327719166 60.298694294116075, 27.061235264144223 60.300378634181456, 27.064141035215165 60.30045513157938, 27.067089245601043 60.29910179717557, 27.065255711900818 60.29740746448144, 27.062308333244054 60.29704929974436, 27.058870327719166 60.298694294116075)), ((27.053461424599902 60.26195925011909, 27.059778465923095 60.26249335342811, 27.061920610067684 60.260321401502914, 27.05701897285536 60.25912900906494, 27.053464437972004 60.260562672965385, 27.053461424599902 60.26195925011909)), ((27.0368902660257 60.24404227450344, 27.03803963321677 60.24574424568006, 27.042879450283316 60.24800248963324, 27.047847950454912 60.24824344162458, 27.05133205390936 60.24978960168103, 27.05611174134619 60.249245489649994, 27.06009303549469 60.246454676605886, 27.05714205709753 60.24479585205832, 27.050357338349077 60.24605395615689, 27.042738466549686 60.242952479105, 27.0368902660257 60.24404227450344)), ((27.040471199904097 60.29988090048169, 27.040674828313165 60.30117109106224, 27.044200625668115 60.30245831046881, 27.052200013797826 60.30245401698095, 27.05545151542274 60.301912078760346, 27.05679963470431 60.30069000528638, 27.05546840666799 60.299171072407354, 27.048327031687595 60.2979569484963, 27.04290999858626 60.29832991259317, 27.040471199904097 60.29988090048169)), ((27.035471415181977 60.27297137470995, 27.035137977788732 60.27434695405493, 27.037957165421712 60.275886099935924, 27.04402288723231 60.2759802892165, 27.04999357827033 60.2733909000313, 27.04939794900381 60.27058496415533, 27.052383454183488 60.26918254438965, 27.05269258825738 60.267907084203266, 27.049589827097115 60.26620093201133, 27.04593117286477 60.26619492757935, 27.035793224113437 60.2697326445082, 27.035471415181977 60.27297137470995)), ((27.043168966840124 60.25415864691486, 27.04383815523806 60.2554316103231, 27.045992431413456 60.25603792837133, 27.05086122846011 60.25446627207827, 27.05044337503251 60.25360777784836, 27.046803969560955 60.25280060971856, 27.043168966840124 60.25415864691486)), ((27.038357192035697 60.459191719854864, 27.03891470210891 60.462547004000534, 27.044410323624575 60.463209498677784, 27.046789453091577 60.46170577342879, 27.046832008532586 60.46000049895009, 27.04407330124999 60.45853949068532, 27.038357192035697 60.459191719854864)), ((27.023964150032235 60.23902714856167, 27.026225724054814 60.24116589443603, 27.029511142504212 60.2414577132182, 27.032276925052887 60.240996739852314, 27.035217265865352 60.23886745827353, 27.033915174503633 60.2373218039512, 27.02681577734415 60.23613390549123, 27.023517732066548 60.23746201613155, 27.023964150032235 60.23902714856167)), ((27.014060293890598 60.252163276402875, 27.01554546610611 60.25366156074695, 27.019435052046468 60.25478450754042, 27.019534072585863 60.25598384411038, 27.016335863053126 60.25806093673438, 27.021083504522007 60.26184655081505, 27.025321388495808 60.262287421094435, 27.03153473883122 60.2596800657617, 27.030482821370498 60.2557796681828, 27.02439934675695 60.25472287403825, 27.022187765527296 60.250801668788974, 27.01817060982348 60.250299031108746, 27.014060293890598 60.252163276402875)), ((27.00969508078643 60.38328260319364, 27.012885868777996 60.38632706700001, 27.020839727673 60.38595808970857, 27.023976815408332 60.38289375850125, 27.023170783348316 60.381589693073046, 27.02399490314549 60.3778884064401, 27.023281792599047 60.37658928784202, 27.025223782946988 60.37451211688531, 27.021663366787887 60.373126634411435, 27.01643976020337 60.37365973599038, 27.01499332642413 60.376053655608345, 27.012882411216875 60.3771397124057, 27.014277792810528 60.37879999473713, 27.013247826056485 60.38171700164415, 27.00969508078643 60.38328260319364)), ((27.004766046057888 60.257242423536375, 27.004580664452398 60.25825252177055, 27.00657675650845 60.259131313539626, 27.009992588821977 60.25928658010468, 27.012919502173066 60.25809004149621, 27.01086666269018 60.2564523930899, 27.004766046057888 60.257242423536375)), ((26.999399519376592 60.39723533572101, 26.999826553591216 60.40001720207031, 27.002250709907305 60.40151251745311, 27.007469317562435 60.40237196959096, 27.00984269579222 60.401296344555305, 27.00804184823526 60.398874911124814, 27.007544350509832 60.3958950496958, 27.005850608647005 60.395027129340036, 27.00135249207645 60.395097330012334, 26.999399519376592 60.39723533572101)), ((26.969335720765777 60.435908130618046, 26.97359591463897 60.43830292483775, 26.973303465836327 60.439803101052185, 26.969947141212337 60.440823382418984, 26.96995008017046 60.44224553046406, 26.97483331588737 60.44328564264368, 26.97830586343665 60.44201344419649, 26.97491943978735 60.43892310718314, 26.978520555490988 60.436740664461595, 26.97741611151548 60.435094540400584, 26.97330719170076 60.434214547337795, 26.969335720765777 60.435908130618046)), ((26.961236613558277 60.39600841391907, 26.961789245323214 60.3972759058265, 26.964486532966955 60.39850099371889, 26.964491884099985 60.39957312027994, 26.961439028043486 60.40156548878954, 26.96368846607675 60.403653259281256, 26.968518772015813 60.40364964371671, 26.97354530637577 60.40186469563482, 26.975764454755023 60.39991368092859, 26.972191451455572 60.398272447040576, 26.972204753831235 60.395113773743, 26.97061652247463 60.39408523442349, 26.965362243405558 60.39371165930235, 26.961639790822865 60.39504262713663, 26.961236613558277 60.39600841391907)), ((26.929418692750563 60.380318884766645, 26.930298854532346 60.381786768276896, 26.933029349581954 60.38265619521475, 26.93332912482772 60.384836590547465, 26.935343934165825 60.386891735793846, 26.94073081504542 60.38762518205918, 26.943800718693634 60.385481432429195, 26.94477955651976 60.38119635489134, 26.96117189666602 60.378565126607896, 26.966536925864325 60.37498048165474, 26.973587434008707 60.37472694805267, 26.973727561591737 60.3735635343983, 26.96923463545728 60.37188260134011, 26.972298665244367 60.365029526921234, 26.96720041226811 60.36387867270981, 26.958319319952107 60.36741113213176, 26.948507687206956 60.3740914868455, 26.94702530312557 60.37775112278876, 26.942637105561097 60.38037038561917, 26.935626621542625 60.378708339732995, 26.93238143456242 60.37870835260906, 26.929418692750563 60.380318884766645)), ((26.94447673990568 60.293423018317476, 26.949094378163778 60.294707343104456, 26.95358358576212 60.29454700543881, 26.955317196468165 60.29349270177285, 26.95457027593713 60.291134240750985, 26.950352988805925 60.290381920196054, 26.94447673990568 60.293423018317476)), ((26.93629746402434 60.43335344697777, 26.93644002096925 60.43462503582697, 26.938551443458678 60.435456992861035, 26.944130929615238 60.43499613162399, 26.94601035655468 60.43351447926311, 26.942816885915395 60.43212832963253, 26.93629746402434 60.43335344697777)), ((26.91236923696535 60.39581533031598, 26.916735456228793 60.40116554038559, 26.912705448495693 60.4036195297118, 26.912291011298027 60.40514525625603, 26.923989560850217 60.408955280454556, 26.929328418934272 60.40774268308953, 26.92924343872045 60.406275104642894, 26.931481007431515 60.40442278342021, 26.93054964189598 60.40231525463638, 26.933248065926062 60.398018506591065, 26.930537225358712 60.39454478737855, 26.927609017042666 60.39329455340355, 26.91236923696535 60.39581533031598)), ((26.820104897190845 60.407956939030214, 26.822672810943516 60.409405536888784, 26.82608937664847 60.40968389355801, 26.829118089196758 60.412002066655006, 26.833079026680313 60.41329699322087, 26.838896882808 60.413221919367146, 26.842518178000955 60.41111740627135, 26.846003022905887 60.41270190320264, 26.852937243880465 60.411792696277764, 26.856362014055538 60.41379043224355, 26.86047256770335 60.41357523450264, 26.86243903449777 60.41221176442583, 26.85965934976915 60.41018093596655, 26.8554838196618 60.41005881015551, 26.853817706682722 60.407416922070375, 26.850427451360204 60.40586999978145, 26.84476742741179 60.40624498090302, 26.84229947046877 60.40955975031712, 26.83553805392697 60.40696270954745, 26.82901241233604 60.40794144068557, 26.82399297137694 60.40630073315991, 26.820104897190845 60.407956939030214)), ((26.797004208716057 60.31327137014705, 26.797337095794184 60.316553736103934, 26.802204248368785 60.317538015765834, 26.80781547356352 60.316213225567544, 26.814747228737218 60.31630589314135, 26.818876841607047 60.31510567776832, 26.819928850020812 60.31263749068956, 26.825066545470023 60.312967326063635, 26.827569318950555 60.31170601578924, 26.824470330216236 60.31004322175674, 26.82107220609335 60.31028035749368, 26.820388658868936 60.30856339710376, 26.816952095486773 60.3059215958228, 26.813239125373247 60.30578860333082, 26.811046316130728 60.30678479902391, 26.802791560321428 60.307059288863876, 26.79856599196455 60.30969607094423, 26.798262912823226 60.31225844812504, 26.797004208716057 60.31327137014705)), ((26.808805857587046 60.419523084383506, 26.814322772875517 60.421452430059524, 26.819790486584367 60.42046780347422, 26.81913937901009 60.41919912299826, 26.81631353750167 60.41829008552573, 26.81151082663077 60.418210047414675, 26.808805857587046 60.419523084383506)), ((26.7899498819926 60.321522358188176, 26.792301332332176 60.32321784944341, 26.796444753422005 60.322996722749515, 26.79745227014874 60.32203931352452, 26.795129211671775 60.32038111291518, 26.7899498819926 60.321522358188176)), ((26.787297434520088 60.332945165918375, 26.78733229765251 60.33472303406331, 26.789565380090863 60.33562831523012, 26.794688841669196 60.3349889511489, 26.794954824512416 60.33238254275259, 26.797419006822405 60.328838157432614, 26.796849128549656 60.32670708496532, 26.792502434796805 60.32571436276784, 26.789172927565485 60.326701748398854, 26.789598217990736 60.329036494164086, 26.787297434520088 60.332945165918375)), ((26.74067033510403 60.36462408347687, 26.744438184500545 60.368523349666404, 26.754532463946113 60.3706709573806, 26.755731052870512 60.372170589492, 26.758497935090787 60.373039559635956, 26.763225652356965 60.372273636256786, 26.77040196148568 60.367448692858865, 26.78109748572254 60.365007498027516, 26.787554901157975 60.36002105779945, 26.78868546789754 60.35764645602014, 26.791922699842505 60.35623822637469, 26.788173025894103 60.354364668644855, 26.787905652202834 60.35294460543552, 26.79119733295563 60.349050947304455, 26.791543056413367 60.347050646421295, 26.790229259466454 60.34476387434294, 26.79273923829626 60.34334597218286, 26.793255933941293 60.33996692401832, 26.7910887319302 60.33895662456711, 26.7864689003663 60.33963555023105, 26.78504267234197 60.34299899214753, 26.786104322218428 60.34506920714294, 26.784909593344885 60.345777937484684, 26.782761119921453 60.34511869977118, 26.782543776641432 60.34349504779522, 26.780857336196917 60.34233368633336, 26.777126965259825 60.34163235314323, 26.762607030765793 60.347692115989695, 26.756972889254666 60.346794453995734, 26.749393393603235 60.34777806183554, 26.749023885706443 60.348579779956005, 26.75067813116434 60.34956950890698, 26.75510645556915 60.34994691660327, 26.755445385318637 60.35166431654225, 26.751835051904557 60.352709299475464, 26.741285777883007 60.358791374087076, 26.74067033510403 60.36462408347687)), ((26.775431960225976 60.392847675147664, 26.77770476471733 60.39404397023745, 26.78148060886527 60.39412264598421, 26.78409514038761 60.392994949127086, 26.78276569175742 60.39182892780794, 26.77834026938289 60.39137945151393, 26.775431960225976 60.392847675147664)), ((26.755193048296245 60.39394372343455, 26.756675151147995 60.39539570857615, 26.76145728771502 60.395462228062684, 26.76605182461087 60.39225677500036, 26.76118922521607 60.391046525853625, 26.755193048296245 60.39394372343455)), ((26.756177040638587 60.33923396956756, 26.759194659544047 60.34070319777185, 26.76353498992149 60.33957162757221, 26.7592798607307 60.33805099103236, 26.756177040638587 60.33923396956756)), ((26.74206390101419 60.31816122972071, 26.741967927838434 60.319801772129196, 26.744043070160778 60.320626330943355, 26.748982498568772 60.32011825892351, 26.75047687840386 60.318521514645774, 26.74967075058153 60.31732566826204, 26.745489478209603 60.31655026135363, 26.74206390101419 60.31816122972071)), ((26.707630153222198 60.38504401318701, 26.7086421878502 60.38653261709224, 26.713820351608806 60.38736871344432, 26.718814961286323 60.384450201638785, 26.71785990096538 60.38173059695953, 26.713332071086064 60.380965773284025, 26.71041203152827 60.382129181762444, 26.707630153222198 60.38504401318701)), ((26.696110068433573 60.31361986853461, 26.69800508691785 60.31536885106435, 26.70166363567007 60.31628906048532, 26.70858693726844 60.31455805087441, 26.706822004096566 60.3127922506318, 26.70416519595541 60.312042205305474, 26.697720392235322 60.312335640170566, 26.696110068433573 60.31361986853461)), ((26.684542606741964 60.375680854202734, 26.685629410201585 60.376768189403435, 26.690753109787906 60.377129083117666, 26.693365947317005 60.375149571130045, 26.69204632123277 60.37347682974054, 26.688813548845605 60.37304906130042, 26.68533394172829 60.37424932123944, 26.684542606741964 60.375680854202734)), ((26.563215645984712 60.3694224973303, 26.567803375874753 60.37186749381115, 26.57426543683678 60.370353458920164, 26.575048759454166 60.37099168004375, 26.573508597915456 60.374610738928205, 26.57593315548548 60.37951921739182, 26.572085255573676 60.38139866491064, 26.57443614432397 60.38295916106972, 26.579207989476043 60.38227946157597, 26.579963227110543 60.38116537941825, 26.578259255410405 60.38020015764692, 26.578085351733378 60.378859168287434, 26.58218711254761 60.37670313135322, 26.59483499169936 60.373711458162354, 26.599349071663635 60.373994110325235, 26.60281854939372 60.37631433322608, 26.60936042862947 60.3767053336108, 26.618787093538625 60.375413819891214, 26.62199783788276 60.37352960871717, 26.626008730298228 60.37480175629053, 26.6248579879931 60.377601461811906, 26.627118937877697 60.378718139860574, 26.630710532884642 60.378724944515184, 26.633336987055984 60.377321170958, 26.63933628225414 60.37774365758953, 26.642433832209612 60.38000392552227, 26.641427987484445 60.38201679186245, 26.643771302824792 60.38507216622282, 26.63916586956924 60.386777217739485, 26.637429518072054 60.38855468448827, 26.641193096021254 60.39070610003241, 26.648217163423457 60.390020223552874, 26.652420453802318 60.38625548972078, 26.6637402487114 60.38617215508104, 26.66595163377232 60.38422688060336, 26.6657041853906 60.38202218167342, 26.669091114745147 60.38097295043356, 26.67024861486734 60.38141226138357, 26.670602071561976 60.38312314983477, 26.673125253545013 60.38411814888619, 26.673170628140433 60.386625749975146, 26.6764883922766 60.387620323100876, 26.68103824019479 60.38676349067759, 26.681851377749183 60.384874817410946, 26.68538926322826 60.383103878061355, 26.68473565477047 60.381904200591826, 26.681135524852944 60.38079188991736, 26.673710913936468 60.380905882684225, 26.673096387142156 60.38019838399055, 26.67431140421264 60.37790696776398, 26.672757700931474 60.37658125206782, 26.662497711262425 60.377195794756965, 26.655078155668022 60.37248873894126, 26.647119320572997 60.37114349195076, 26.64655447282896 60.36883990679644, 26.643985295131433 60.367347265765524, 26.63625161006704 60.36720502807659, 26.629300306166453 60.36387749839214, 26.621562034023547 60.364868430453534, 26.619314186934744 60.363511373220724, 26.614668116781434 60.363006618566686, 26.61181326671164 60.35911895854012, 26.604283333995454 60.35566612180266, 26.599161123777236 60.3546256737734, 26.591939733840455 60.3551975386948, 26.589565038356024 60.35628624615449, 26.58916930779408 60.359558466223554, 26.590817316308712 60.36257926163961, 26.59053274863714 60.36663420710603, 26.58277419471841 60.365695042625646, 26.57449976072366 60.37030755039906, 26.57295895342954 60.36693275256911, 26.567858663336043 60.36620651054006, 26.565320707227833 60.36703394699388, 26.563215645984712 60.3694224973303)), ((26.65968481339613 60.292844071820355, 26.661338076128526 60.29439760755582, 26.664047382258236 60.294698689504685, 26.66727380583461 60.2940841182589, 26.668949550215565 60.29245920194317, 26.66674462036413 60.291037279948206, 26.663965815847593 60.29096005863167, 26.660141639846298 60.291885491946026, 26.65968481339613 60.292844071820355)), ((26.654401203979656 60.392273119353476, 26.65702824053956 60.39387240641462, 26.662468874301823 60.392625868544584, 26.66204531550616 60.391578954477204, 26.65798043695321 60.39088240832216, 26.654401203979656 60.392273119353476)), ((26.628542995047678 60.28894223107152, 26.630744496796655 60.29125663540452, 26.636387549859634 60.29146834911018, 26.638605583873556 60.292594525255524, 26.644772485748405 60.297759834703974, 26.644833061047063 60.30326775990611, 26.646567127862987 60.30500206781202, 26.65073860357875 60.305211355116064, 26.657599076100468 60.302037176033345, 26.655916093763107 60.29776184116768, 26.65114181534463 60.29523531475836, 26.649547097146392 60.29114751621146, 26.636819383758894 60.28687575514657, 26.63097342230649 60.287191623010465, 26.628542995047678 60.28894223107152)), ((26.593022819129565 60.27748922051875, 26.594480423908944 60.27980307817749, 26.598053605279677 60.281126520915116, 26.606988127953805 60.28004378796724, 26.615000347521136 60.28269977029375, 26.61950269978001 60.28209215906485, 26.620778972437286 60.28032353749152, 26.61726229874112 60.27860409599293, 26.615789384455365 60.27687047979059, 26.615715526698285 60.27485723105921, 26.61149876231198 60.27281997590122, 26.611336056465635 60.270243506977685, 26.609377193107086 60.26920071637483, 26.605067599063045 60.26933186238859, 26.6030603507272 60.27142099122013, 26.59767088606329 60.272864748848775, 26.593022819129565 60.27748922051875)), ((26.577483679840118 60.39714912039912, 26.57786794573158 60.398510713643724, 26.580703571625246 60.39979151588555, 26.589776608481383 60.39972818848549, 26.59298991958562 60.40086992679681, 26.598983620862153 60.399880584766315, 26.605508796044905 60.40023002121123, 26.608855217630417 60.398208033611574, 26.608414137367138 60.394819324851596, 26.614640042055203 60.3936499644535, 26.619965875953227 60.38772607427409, 26.618254035910102 60.38615578819926, 26.61153263024707 60.38496263409983, 26.604082556200492 60.38542102906904, 26.60157126939422 60.38267259238882, 26.601112804061408 60.380104278060685, 26.594213217304578 60.379839447383695, 26.589976087560416 60.38303028132661, 26.58935012656836 60.384767333659056, 26.59122834953324 60.386086475891396, 26.596178492665658 60.38643992112791, 26.597738904355065 60.38783520322713, 26.60291006440671 60.38926351769618, 26.60300820649084 60.39139068243269, 26.589015885121693 60.396835091312944, 26.581400869740623 60.39612790205963, 26.577483679840118 60.39714912039912)), ((26.585509126114577 60.25039135694944, 26.585951279204547 60.252211670299964, 26.5880587147327 60.253126682943424, 26.59255428923912 60.25268587424044, 26.59421131887042 60.25098908549901, 26.590952040767803 60.24870706773373, 26.586892593054813 60.24908394096513, 26.585509126114577 60.25039135694944)), ((26.579138533155135 60.268041514313545, 26.581294082206238 60.26946517569373, 26.58670292879959 60.268861531321484, 26.588971077286867 60.264177298421444, 26.585779810578167 60.26270491574085, 26.582352723243176 60.262928201753354, 26.579330679079657 60.265198729983176, 26.579138533155135 60.268041514313545)), ((26.563249490098947 60.3842139314099, 26.565029742980123 60.385575515912365, 26.56911536815259 60.38584317622597, 26.569458597778045 60.387098527793285, 26.568000122055995 60.38823273752237, 26.568000021254136 60.39234104428733, 26.568965069941378 60.394034506362814, 26.5719569438669 60.39478419845535, 26.575995533049884 60.39366890536746, 26.576275384853506 60.3883294037988, 26.570445003926444 60.38695226875466, 26.570649538754623 60.38361995637433, 26.5665065101569 60.38288090992795, 26.563249490098947 60.3842139314099)), ((26.565763333332868 60.2852290432465, 26.567732896483562 60.28645712331567, 26.573367287347406 60.28548362883155, 26.572755463719467 60.284270485305804, 26.57079281715353 60.28370964264493, 26.56677966476212 60.284151786381564, 26.565763333332868 60.2852290432465)), ((26.56110905845287 60.33222205948606, 26.564986157331983 60.33395170963586, 26.568399633479228 60.33359703496265, 26.569993719085755 60.33174101362216, 26.564832931990928 60.33029998744226, 26.56110905845287 60.33222205948606)), ((26.547459092429527 60.260670770732425, 26.55366249709927 60.26444969804491, 26.557367634062178 60.26390194041526, 26.559546247696897 60.26238040733458, 26.557355281187625 60.260038981795276, 26.554476795094825 60.25920711843081, 26.548721210238764 60.25950337107889, 26.547459092429527 60.260670770732425)), ((26.542807763987494 60.28558685120805, 26.54409884449969 60.28684921109853, 26.550024074939106 60.28795778324312, 26.55314465986548 60.28773900515199, 26.555227656701316 60.28617317472002, 26.553669777085595 60.28510418450665, 26.54582426718258 60.2840490165704, 26.542807763987494 60.28558685120805)), ((26.536288526809788 60.312828537487746, 26.539499234417864 60.31455747772542, 26.539873061628292 60.31885511729894, 26.542354120290103 60.31987342344598, 26.546268477829887 60.319507269316254, 26.55007449449794 60.317529224830125, 26.55067847771476 60.31528179721191, 26.55324752510024 60.313797586001314, 26.551980137439323 60.31234616811616, 26.5469050904364 60.31227849085387, 26.542310391927266 60.3101267865577, 26.538428878621136 60.31049011106302, 26.536288526809788 60.312828537487746)), ((26.53753542322999 60.327153883534926, 26.542464450901612 60.32837636480599, 26.5493780394303 60.325865017318065, 26.549812778397204 60.32467798354975, 26.547566208626787 60.3235385044092, 26.54301879098088 60.32384201949022, 26.53753542322999 60.327153883534926)), ((26.533522673055405 60.33257778792279, 26.53602022924704 60.3339531481265, 26.540797867191756 60.33283078855917, 26.537822476596613 60.331297839350896, 26.533522673055405 60.33257778792279)), ((26.518379893809165 60.31879226743395, 26.522175107892306 60.3208683655792, 26.527576315201745 60.31923282141445, 26.525477346593593 60.31751263703757, 26.522777206083248 60.31713759741818, 26.518379893809165 60.31879226743395)), ((26.506302306707408 60.431937605921966, 26.50813512357072 60.43321955931911, 26.510687756139475 60.433369742551434, 26.514514813692937 60.43215916905004, 26.511800730999415 60.430460184097264, 26.507886694527677 60.43075158168062, 26.506302306707408 60.431937605921966)), ((26.493433928001966 60.426800729421565, 26.4985682036851 60.4311255288113, 26.503325348253004 60.43078191186874, 26.504457495784372 60.42962263576071, 26.5027336751135 60.42828347428509, 26.50320404606287 60.426033604835105, 26.499890025178264 60.42493995230849, 26.495382645466627 60.42500648459222, 26.493433928001966 60.426800729421565)), ((26.482083288627013 60.3071772645373, 26.48518955265822 60.309821201567715, 26.489282451103406 60.31012841799447, 26.49610136475754 60.30740214636413, 26.497136457033182 60.305584356934325, 26.49400551720042 60.303763569398704, 26.48899123950451 60.30329707200319, 26.483071254540018 60.305575200682696, 26.482083288627013 60.3071772645373)), ((26.472565090623164 60.27907462517365, 26.479336739046204 60.2820390828977, 26.48395329979898 60.281372993356634, 26.489157666973863 60.282286114724116, 26.49143077426732 60.28124547641244, 26.489635898639765 60.27967407539797, 26.477768971628404 60.27762111200775, 26.473860377506515 60.27784287681779, 26.472565090623164 60.27907462517365)), ((26.467706920603 60.406996018693924, 26.47373505774628 60.40928596294685, 26.479908379757166 60.407850907088, 26.48119348064129 60.40663090921636, 26.479051829780367 60.4054406107426, 26.471315091210986 60.4049624874967, 26.4681424980594 60.405944297115354, 26.467706920603 60.406996018693924)), ((26.4321240215277 60.27376485750603, 26.435673474091985 60.27589989140737, 26.446902067380492 60.27638670331565, 26.454617467903084 60.27905205742966, 26.458517089855626 60.27928602451108, 26.4612216333086 60.27803749293393, 26.458067698129884 60.27370908129796, 26.462281382937103 60.26918102175335, 26.459302568240208 60.267586617621774, 26.455688651859063 60.26729280186184, 26.45243990910981 60.26839110406352, 26.44956028955804 60.271930605100565, 26.437312716119315 60.27120885182961, 26.43444577317446 60.27180720423048, 26.4321240215277 60.27376485750603)), ((26.420828417319022 60.33258093230366, 26.421753258304182 60.333843412038526, 26.42482876491581 60.334202674440085, 26.427792362122016 60.332832926338746, 26.423325025228007 60.3316343717234, 26.420828417319022 60.33258093230366)), ((26.39367648972975 60.25878061436516, 26.39614276272182 60.26128866697686, 26.39979725453322 60.262094791977184, 26.400980935460385 60.2646176030823, 26.40781031570074 60.26584970571449, 26.408201192651347 60.267607014053084, 26.412896407214685 60.269750524006334, 26.418382740132355 60.26960341206606, 26.42018844027457 60.26762637676518, 26.4183619378215 60.26496660536253, 26.411523734279793 60.26393849121167, 26.40988586416821 60.262787973900494, 26.408258275237564 60.26043345230638, 26.41153360454104 60.25844602307935, 26.411302844540305 60.25697025095502, 26.40452894234309 60.25236239960912, 26.398782186976106 60.25306568393367, 26.39817537784 60.25403976019482, 26.398900768215853 60.25619477375825, 26.39367648972975 60.25878061436516)), ((26.39296435222431 60.33818734455568, 26.393157227097714 60.33903835103747, 26.39603380020397 60.339960592676576, 26.39980687309647 60.33982443348009, 26.401512826085796 60.33852509796896, 26.398636225116192 60.33721153094353, 26.39296435222431 60.33818734455568)), ((26.378808031220967 60.33490871536058, 26.382812033855778 60.33653693644683, 26.3868802966677 60.33618613923694, 26.38814969285858 60.33516995628179, 26.387511502493265 60.33355064371743, 26.38329973476526 60.33254906070409, 26.38022638269424 60.33341485990799, 26.378808031220967 60.33490871536058)), ((26.3767872749782 60.245126111619854, 26.37678726874636 60.24613682065441, 26.378540428735867 60.246874617397, 26.38440645323231 60.24565322965667, 26.381810375725028 60.24412963789365, 26.3767872749782 60.245126111619854)), ((26.36890169255185 60.330613603250214, 26.372017611109257 60.332202908734516, 26.376633946049466 60.33098522441196, 26.37211943531532 60.32938742918329, 26.36890169255185 60.330613603250214)), ((26.361526831835782 60.25682782339601, 26.361955362677215 60.25785337606172, 26.366169772077967 60.25887511080792, 26.373520429869203 60.25730844751658, 26.372581037423906 60.255346293009346, 26.370769959897896 60.25478894801222, 26.366534882126096 60.25492208050221, 26.361526831835782 60.25682782339601)), ((26.34809606903919 60.33220195196611, 26.35158544440373 60.334370748466355, 26.3511545669068 60.336944533540574, 26.36406036916879 60.34045386582783, 26.363171266391916 60.342854141072415, 26.355617033916875 60.34506461896509, 26.354716556642654 60.346485098482354, 26.359226709247807 60.34742540074876, 26.361920717487493 60.34925970332598, 26.366392769819598 60.349627247251654, 26.371558225434033 60.34587567557144, 26.372577370050642 60.341910699217514, 26.369554269958876 60.340033770708, 26.366104782603973 60.33952295645583, 26.3661659250939 60.33665673469844, 26.364113787685074 60.33287085994394, 26.364333489170246 60.32980461983107, 26.366250549673403 60.32828791283666, 26.364919245785128 60.32617976021131, 26.369481108649936 60.32471413349971, 26.369184775118573 60.32345226673238, 26.363062096569816 60.32294656681773, 26.35801507989393 60.32071170970059, 26.35246053562281 60.3208607417352, 26.349596960514674 60.32199109922654, 26.34889236323334 60.32269575916016, 26.350145413111136 60.32460597093177, 26.349801049306517 60.326677652013984, 26.35359398886083 60.32975105638846, 26.353582926374038 60.32983160984202, 26.34809606903919 60.33220195196611)), ((26.36112826809922 60.24279700040862, 26.36235896121936 60.243734348420034, 26.367978421994405 60.24412322101689, 26.370159760401744 60.24268571076515, 26.36558257719008 60.241296419803376, 26.36224527516953 60.241740339864435, 26.36112826809922 60.24279700040862)), ((26.32828336077224 60.285082293122755, 26.329136497219725 60.28710430355098, 26.334006636841654 60.287789740624945, 26.33924873324825 60.28605304390657, 26.344753457184346 60.286129387994826, 26.346583530313374 60.28461683312227, 26.342250022413143 60.28307888985607, 26.341300052288677 60.27980372116498, 26.338807935403292 60.2785399162853, 26.339181459561576 60.27698537086138, 26.341387146430957 60.27643189703087, 26.34314805308109 60.27456484937289, 26.337858849222215 60.27296399833816, 26.334704758020617 60.274422582953676, 26.337084711926487 60.27830976845736, 26.3340275276781 60.27964492691694, 26.333958289213395 60.28154181437873, 26.332431380272915 60.28339837844682, 26.32828336077224 60.285082293122755)), ((26.33736565318621 60.33333809827982, 26.338172730962608 60.33445848341814, 26.34216898266709 60.33503110086584, 26.34572748472627 60.33354673674759, 26.342790377623896 60.33188108599667, 26.33736565318621 60.33333809827982)), ((26.32621132953478 60.21726570649899, 26.328182938885924 60.21993974395558, 26.330990691341178 60.22086767129077, 26.336794225781603 60.219190293720665, 26.33613743878997 60.21795748377134, 26.332051427079783 60.21636724539822, 26.328506702293822 60.2162131317235, 26.32621132953478 60.21726570649899)), ((26.32223054329721 60.34392155894726, 26.323410926861005 60.3450092287622, 26.32635119832439 60.34536978669803, 26.330360816816384 60.34348275730509, 26.326149277419805 60.34205463429674, 26.32223054329721 60.34392155894726)), ((26.16233521640939 60.344721328994474, 26.162654322014966 60.34948736913903, 26.165835938713187 60.35181771109691, 26.176201721958765 60.35328736845341, 26.186127775168462 60.35187550143714, 26.19095661994731 60.35245984681375, 26.19362491659237 60.35144119124404, 26.193310362941318 60.34985247540972, 26.194324589212076 60.348911943643934, 26.20110822505158 60.34912914912525, 26.20607527540717 60.34734860885131, 26.211058476480396 60.343364730776194, 26.216869072199653 60.342199220734344, 26.218158610730445 60.33991744073138, 26.222479229569828 60.33758215556262, 26.22925056929618 60.33845511867993, 26.23319750338461 60.33777985415264, 26.23563015728252 60.33517222265862, 26.241874166545333 60.333607116001616, 26.24320231968152 60.33037532304408, 26.251782408921002 60.32270296660515, 26.253380051111485 60.31973950166787, 26.252892438726363 60.31817632836736, 26.25096413230507 60.3173750192417, 26.245912169293394 60.317375006341365, 26.23972984928238 60.31904172008027, 26.236375673598356 60.31823175467953, 26.236412130813015 60.31390486138547, 26.241292152330473 60.31332462407129, 26.24371209781303 60.311203058526466, 26.25215752797295 60.30899608325086, 26.25502464489336 60.30865175884051, 26.25559620518495 60.312867641195176, 26.25773031369274 60.314690634297, 26.255350438337466 60.317625783990096, 26.25992608174223 60.31954206554195, 26.2598198131252 60.321016622470076, 26.25679763801272 60.32321834503344, 26.257181247645633 60.32467749745249, 26.264653313617377 60.326951682914334, 26.26943488636839 60.32606105319771, 26.270082188564388 60.32407123269681, 26.273591940915686 60.3232401126197, 26.276599655191408 60.32080656166657, 26.284683207129156 60.32011850789575, 26.29065841329752 60.31516327554622, 26.29552749734011 60.31442136219122, 26.295170914916266 60.31184018008614, 26.29303623492612 60.30942459322329, 26.294316076749727 60.30658830213997, 26.29657338379397 60.30673111272566, 26.297352886587316 60.30841438218069, 26.30004414814896 60.30954322925882, 26.31142885208771 60.30880323299026, 26.31193314107059 60.31025161721897, 26.31067503663447 60.311869125793706, 26.31503475889909 60.3136780344365, 26.31731630157136 60.31604874458557, 26.321913973450425 60.315922048466085, 26.32345487039509 60.31427861585648, 26.31790409528762 60.3105738630023, 26.312642783161102 60.31013935162702, 26.312235309581745 60.30866225585446, 26.31431336352106 60.306662068775374, 26.313856450462737 60.305798187540425, 26.30666491364151 60.30403321747087, 26.30217288926726 60.30044310933563, 26.296880821816544 60.30052358379696, 26.294522995659037 60.29926863641133, 26.289716512842567 60.29895564225017, 26.286315142150027 60.30011082688109, 26.284181418405336 60.303043768544086, 26.27310509661994 60.30119602142679, 26.272561757268726 60.29947991338617, 26.269479515086292 60.29696177696494, 26.270081303648904 60.29419887646491, 26.27257956979886 60.29282679571683, 26.270416974921847 60.290495304019984, 26.265805742350604 60.290358542067644, 26.26285784820698 60.292999137165, 26.257133461616178 60.294050959819806, 26.256625074810824 60.29508931342381, 26.25827026993773 60.29724220377145, 26.25675800619053 60.2984176351297, 26.25618925836738 60.30058756207555, 26.252418500235226 60.30221463782637, 26.250909457549497 60.30045860577318, 26.253667299468084 60.299221851041416, 26.253558246340397 60.29811427124257, 26.244620101807495 60.29242066577777, 26.230691640335206 60.29262482005453, 26.227475524776217 60.293636241560876, 26.227381671327464 60.294863132491514, 26.23250335165495 60.297402072345534, 26.236426452565514 60.29768040551918, 26.237676343787342 60.29896398832329, 26.23723261803784 60.30027694702579, 26.229627875508555 60.30064835157666, 26.226836783479712 60.304289141811545, 26.227171205318307 60.307440901022076, 26.217972489345424 60.309722674433374, 26.214737192164904 60.312956452449065, 26.210010358119504 60.312459642621825, 26.2074445233461 60.31322335452153, 26.206759476037806 60.31416173797711, 26.209172403498822 60.31539648353759, 26.20916783467254 60.317109748844814, 26.20712219398184 60.31755021254357, 26.20204808477312 60.31546586850104, 26.19530150347153 60.31610838025088, 26.19199749487066 60.317677640106005, 26.188986060260017 60.32071714703866, 26.184618140895903 60.3214804404556, 26.182498193756743 60.3228625807499, 26.184435889388357 60.325657155314936, 26.18195308469086 60.32707487318186, 26.1827714406248 60.329483959176336, 26.18067615498264 60.330857596913255, 26.180942752323894 60.33230400121645, 26.17904617267979 60.33424989418736, 26.17497887918583 60.335762013595165, 26.173353738682973 60.33889848556064, 26.165272375345232 60.3407276819876, 26.16233521640939 60.344721328994474)), ((26.313962293129332 60.27767567191624, 26.314154369173416 60.278731349020795, 26.316040568571434 60.27954127194114, 26.32155636067676 60.27847002410147, 26.31944569839514 60.276793528119576, 26.313962293129332 60.27767567191624)), ((26.246356608759736 60.35556128229468, 26.247598792670157 60.35726810950184, 26.25178787101725 60.35810101507597, 26.25260088069099 60.360662406569176, 26.253836332741106 60.36140242786884, 26.264291997629996 60.36096207776, 26.28636247634772 60.35370559952412, 26.288007449378565 60.35015305453918, 26.291445168508208 60.348717645895526, 26.2919880375913 60.345651797091634, 26.295134870841288 60.34441939112377, 26.301414177768585 60.34405691230274, 26.306675018416694 60.34511883506245, 26.3129251799218 60.34390442867547, 26.313851294544982 60.34239580964841, 26.30927206861791 60.34029790156319, 26.309053612376047 60.33880117462961, 26.313388337643634 60.3342268964046, 26.313348573364447 60.330478576167025, 26.317877317648616 60.32859561671688, 26.317176184812702 60.32414229104814, 26.30930616325337 60.32213190594192, 26.304071610441273 60.3235289449236, 26.293538920104805 60.32427990415298, 26.29245579310413 60.32524266623164, 26.292573725948493 60.3296271209315, 26.29858900074071 60.33160688864815, 26.29859816242335 60.333412967903016, 26.29683709227643 60.335085881146654, 26.297006066773125 60.337105749605634, 26.293197611057398 60.33820652949278, 26.286693843669337 60.33704713097478, 26.28130153136927 60.33847009713341, 26.27896296886529 60.34143356468701, 26.271626758493184 60.34087984488299, 26.26745599511819 60.34305821353345, 26.260470559504515 60.34314966140245, 26.259631848979815 60.34552092360584, 26.254583669699745 60.34681132255034, 26.255928060251527 60.349435561231076, 26.251269996216962 60.352575302879835, 26.250851246789917 60.354601260838706, 26.246356608759736 60.35556128229468)), ((26.293179085562024 60.22012664082038, 26.296806730748518 60.22239452511115, 26.30351089284705 60.22295502582518, 26.30671361919944 60.221941862689036, 26.308129364448583 60.21973090167147, 26.30380807756365 60.217587750156426, 26.30018123280965 60.21712721664774, 26.293179085562024 60.22012664082038)), ((26.276776357801744 60.21852240638659, 26.279539815898925 60.22011951469945, 26.28432209043151 60.218981839241366, 26.283193028883986 60.2178464659034, 26.279964617600204 60.2172992678949, 26.276776357801744 60.21852240638659)), ((26.27406271632047 60.2367175464415, 26.27549979767229 60.23806100683396, 26.277863998469932 60.23828269915622, 26.28115052762639 60.23745114725151, 26.2817883068204 60.23635801985775, 26.27719497302579 60.235213172410724, 26.27406271632047 60.2367175464415)), ((26.270163061103776 60.21451318449913, 26.274012779439147 60.21587157447468, 26.278214479413627 60.214880364323655, 26.27783287336565 60.2136133616828, 26.275954227917037 60.2129557320743, 26.271230629430956 60.213497981245006, 26.270163061103776 60.21451318449913)), ((26.253184765018393 60.16217657568266, 26.25372959675043 60.16379107289523, 26.25928610725641 60.16661257613506, 26.25977219118512 60.168157434998115, 26.26178916528397 60.169223397784044, 26.26569239379947 60.16913980933131, 26.268684285017144 60.167206129200785, 26.267409842297116 60.16508753806021, 26.264727566519138 60.16404522716139, 26.264635012365044 60.16234638212595, 26.260897918090297 60.16078382029434, 26.255305331594716 60.16102176955253, 26.253184765018393 60.16217657568266)), ((26.244954124705643 60.369005512247, 26.247847589359008 60.370872117914864, 26.251708275356407 60.37043445630172, 26.25296201029875 60.3691249301975, 26.251258164812082 60.36765838793909, 26.2475069110352 60.36729567924608, 26.24517064298148 60.36803031226402, 26.244954124705643 60.369005512247)), ((26.2279296041707 60.257288745286864, 26.23301655610473 60.258868687113875, 26.236602068470617 60.257056730011804, 26.23183242649519 60.25563017000206, 26.2279296041707 60.257288745286864)), ((26.191605104607408 60.25978654206383, 26.191469653401562 60.26102678426005, 26.193445689064863 60.261968326337254, 26.203573745925603 60.26287302637134, 26.207717036707734 60.262554308117664, 26.21370903931382 60.2603758012465, 26.217640001764202 60.26087336862963, 26.220792609301206 60.25989748661193, 26.2197216648877 60.256782000476036, 26.225761986362993 60.25220427793034, 26.224041752045764 60.251282271085735, 26.22003529343202 60.251422988804194, 26.2091168215733 60.25627426358351, 26.198047963619743 60.256620772456294, 26.191605104607408 60.25978654206383)), ((26.206354187343173 60.29573964204227, 26.208727205968938 60.29696096392864, 26.212510097085797 60.296900745197604, 26.21619386989037 60.29529310100147, 26.21692986362097 60.29372765693411, 26.22034499616425 60.29308004625766, 26.222626418837553 60.28984204580936, 26.2199395878393 60.28845634355189, 26.214135690686224 60.28919400399887, 26.21221756615262 60.29027901472984, 26.21274424942234 60.29302073926244, 26.20694916255724 60.29415573570562, 26.206354187343173 60.29573964204227)), ((26.2114126345426 60.302301518634756, 26.21411506701858 60.30388374541027, 26.217175477362332 60.30403677488654, 26.219967306820177 60.3026382047458, 26.21697662840154 60.30104649347462, 26.2114126345426 60.302301518634756)), ((26.195100087405056 60.28774401632673, 26.19742155808178 60.28929562734355, 26.200508466084067 60.28937283434506, 26.207507024892315 60.28747772511535, 26.208962754800528 60.286453056926504, 26.206575148894103 60.28336862881628, 26.20920558605305 60.281664630989425, 26.206477713745617 60.28037716571986, 26.202631417417756 60.28081124012751, 26.20171441214376 60.28176390958624, 26.204166757865934 60.283333700680615, 26.204126371673038 60.28447779778467, 26.195100087405056 60.28774401632673)), ((26.200390484852996 60.30784409041129, 26.201304410501795 60.30886125309207, 26.20531729875947 60.30928420763553, 26.207760259711844 60.3079374852338, 26.206037045125072 60.306697433139746, 26.203486142274713 60.30654735486542, 26.200390484852996 60.30784409041129)), ((26.18071030896864 60.27089559433914, 26.18751305889014 60.27212216897841, 26.19106215992828 60.2707633284698, 26.19055372969165 60.26957383380648, 26.18617324747719 60.268799020319896, 26.18235169759366 60.26959530896814, 26.18071030896864 60.27089559433914)), ((26.1726170886325 60.279737730534976, 26.1726297963941 60.280860324807854, 26.174689762465217 60.281990821134805, 26.182160441531888 60.283047753682446, 26.181639141552367 60.285874688478195, 26.184030389867868 60.287659606599625, 26.188576655378426 60.28779779521186, 26.190827093937358 60.28670910340561, 26.190538892463877 60.28411721457735, 26.186857399917713 60.28300255855388, 26.187402459919287 60.280805586063444, 26.18667996337312 60.27992170053408, 26.175966513782953 60.27863124883987, 26.1726170886325 60.279737730534976)), ((26.139267240559466 60.17888900418965, 26.138528933197538 60.18001094385865, 26.13968221397785 60.18090504003245, 26.146079073310585 60.180663921097285, 26.14878948937889 60.17681099632702, 26.14645883516487 60.17578930419888, 26.1420951302239 60.1763244627987, 26.139267240559466 60.17888900418965)), ((26.12808678827344 60.37920726662996, 26.132320565683532 60.38045246679664, 26.137689736986196 60.37779501665933, 26.135728920751706 60.37653684359869, 26.133028385830034 60.37646181217711, 26.12808678827344 60.37920726662996)), ((26.079178773786108 60.26946024833908, 26.082347359763105 60.271120231062376, 26.087697542703435 60.26991055668411, 26.08463568165967 60.26804413052758, 26.080259126560833 60.268489581312444, 26.079178773786108 60.26946024833908)), ((26.076945039186796 60.235133572576466, 26.07797047835661 60.23636475710734, 26.081361538478355 60.236868391356694, 26.084937596558124 60.236168716009146, 26.086441189219286 60.23465637481121, 26.085350481405147 60.231952167268524, 26.08048366049827 60.23063265969171, 26.076999242618857 60.231999030293295, 26.076945039186796 60.235133572576466)), ((26.070443763480924 60.25369497960085, 26.071796689948766 60.255191746359934, 26.07417581419662 60.25578656090591, 26.078076216611755 60.25515690332436, 26.079036955946947 60.253996836814906, 26.075803326242156 60.252293791854584, 26.0714861049205 60.25272580661972, 26.070443763480924 60.25369497960085)), ((26.069151117312135 60.26357846626621, 26.069595017148128 60.264952177856884, 26.071390119811017 60.265709963708254, 26.076600805456966 60.26550172677893, 26.07794365413342 60.26421483412654, 26.075078093733502 60.2626204349866, 26.069151117312135 60.26357846626621)), ((26.075224881722352 60.39523169327573, 26.070921530700573 60.39549112436535, 26.06969666747048 60.396226074648325, 26.069788088759534 60.39752021603836, 26.07178679323777 60.39863171845559, 26.076859713222603 60.39810205793152, 26.07728594460711 60.396576382054214, 26.075224881722352 60.39523169327573)), ((26.065651945514677 60.207828748405525, 26.06666456361624 60.209131433320294, 26.07230467996063 60.21045398881198, 26.075252499153056 60.21009086764753, 26.076916439799394 60.208758191151645, 26.07492240215934 60.20682912652251, 26.071667749931084 60.20620915517749, 26.06722080617751 60.20666750383693, 26.065651945514677 60.207828748405525)), ((26.052207035756457 60.21748236754568, 26.054671542309123 60.21948311425923, 26.060387773923278 60.21964825796508, 26.060464653437162 60.2215339054067, 26.05868647295569 60.22320519203728, 26.061264035418027 60.22430593524272, 26.07282694146535 60.225037820034295, 26.076503784894644 60.22297359361859, 26.075402934932775 60.22182784020899, 26.069603961819936 60.22178075382036, 26.063252686696554 60.22009993377976, 26.063487984043842 60.216820563551074, 26.060274394224745 60.21545283223418, 26.054065803590202 60.21558746516938, 26.052207035756457 60.21748236754568)), ((26.065926482643523 60.19616479171118, 26.070861373037825 60.19753259823186, 26.07455654818645 60.195738512267354, 26.07343312236346 60.19466387138274, 26.069542454048253 60.19437647387192, 26.065926482643523 60.19616479171118)), ((26.06380410831134 60.405942661777495, 26.067603197379484 60.40411975310189, 26.0672114343966 60.40294220845045, 26.060782241035135 60.400704679788895, 26.054511372079872 60.4018963686904, 26.054950753279847 60.404824034170865, 26.056062094156456 60.40566894267118, 26.06380410831134 60.405942661777495)), ((26.058632119096114 60.26160326682536, 26.061044830953175 60.26312453042521, 26.066537617373005 60.262015976411796, 26.064102665872518 60.26038088256161, 26.058632119096114 60.26160326682536)), ((26.03460022992097 60.19983168647161, 26.038191253685845 60.20120670373951, 26.043613060486166 60.20064722754975, 26.049150180253612 60.20153870786366, 26.051429322389154 60.20050794872076, 26.047991003207656 60.197541603051796, 26.044669403335018 60.19629300597645, 26.03938916017831 60.19674893240815, 26.03460022992097 60.19983168647161)), ((26.017543467441303 60.20288224654839, 26.0206902567193 60.20478689805776, 26.03009457981803 60.20292065984101, 26.0287729727462 60.2013488223087, 26.02383005037322 60.20046608010228, 26.017543467441303 60.20288224654839)), ((26.001224596180062 60.19347347272228, 26.004389484650826 60.19562302550943, 26.008274201863053 60.195335604014254, 26.009982711564515 60.19418665528267, 26.00955125082459 60.19298427946334, 26.007559094967835 60.192201551649326, 26.00257437699972 60.19241379045961, 26.001224596180062 60.19347347272228)), ((-2.4340203784847194 35.18324155088884, -2.432464997871006 35.185304104663814, -2.4262094778028187 35.184481879342556, -2.424587180465676 35.18597649341116, -2.4226727859933965 35.18611326436698, -2.4210854570656313 35.18493171674468, -2.420086870020499 35.18170119097726, -2.417654899961299 35.1806167124273, -2.41697274358976 35.178534633211825, -2.4193321414416773 35.17673060872137, -2.4246004262025 35.17835510084902, -2.4258176303489614 35.17982516817279, -2.429897468568358 35.178135704691314, -2.432639716148962 35.179940960715925, -2.4340203784847194 35.18324155088884)), ((-2.446663087318609 35.17861985771372, -2.442481477229083 35.184154605608065, -2.4396778353626196 35.184461254631685, -2.437466659057011 35.182481742870465, -2.4379904309984752 35.17997513481893, -2.4364373224322473 35.17868707103775, -2.4360633313803848 35.17636470360225, -2.4371093941715487 35.174421532270976, -2.439302021656807 35.1738077691313, -2.4413920608542785 35.175500799605565, -2.444632783339276 35.17584424037751, -2.446663087318609 35.17861985771372)), ((-2.9718620840016183 35.28848698910751, -2.971549728774157 35.29387595108339, -2.968691095085372 35.30302359240008, -2.9617168045487734 35.316397769993245, -2.952859543846701 35.32102732461845, -2.9511182865554755 35.320675355729065, -2.948005746185985 35.31727804760917, -2.943868958676795 35.31671771357517, -2.9426346148404607 35.31402448934574, -2.9451556379384227 35.30918487350575, -2.940426878311183 35.30491585917595, -2.9375629075499696 35.304757839009056, -2.931474228479386 35.295927897168895, -2.9298879059186427 35.29485703527038, -2.923108955119203 35.29394501040455, -2.9211303489213227 35.28920901780816, -2.921601167414518 35.287711724698084, -2.9240195268651252 35.287049075069994, -2.926145017458728 35.28766454787734, -2.927079509099949 35.28930673510894, -2.9295743260650826 35.289309881382835, -2.931747601791194 35.285821639484155, -2.9354778802627295 35.28534141566261, -2.9339237539043372 35.27942531718294, -2.9312451069428422 35.27663243584268, -2.9287949753345193 35.27606131862281, -2.926207906901814 35.27939919588959, -2.923542742522193 35.27906619154408, -2.9260849302546625 35.27231894449726, -2.9381520258834293 35.26634241813337, -2.949930601553672 35.264460260709534, -2.9521040065438195 35.2650927780811, -2.9556519938214083 35.27203225645825, -2.969784873916321 35.28137980444551, -2.9693207435317355 35.28669688043557, -2.9718620840016183 35.28848698910751)), ((-2.9289401377693585 35.26620252424843, -2.9284971391150605 35.2673552681901, -2.9264441831540386 35.26766325717013, -2.921951584136291 35.264154269827216, -2.924334321426057 35.26306029922737, -2.9289401377693585 35.26620252424843)), ((-3.039197213888691 35.93887520951817, -3.0384007182200694 35.940957348221254, -3.0330970931863046 35.942800094349245, -3.029375517130177 35.94203541983827, -3.03154295691826 35.9376057668243, -3.0338357129558076 35.93638853513622, -3.037449532834107 35.936575018838184, -3.039197213888691 35.93887520951817)), ((-3.892251590279639 35.212985849644625, -3.89044824804318 35.215135519472085, -3.887419316180859 35.214921190272634, -3.8864762844486487 35.21374245209942, -3.8876913035272214 35.2116963548957, -3.8901281807510575 35.211552899212265, -3.892251590279639 35.212985849644625)), ((-3.905334208751806 35.21472448322234, -3.9024617432584794 35.2189332126637, -3.899863471975224 35.21921988753524, -3.897453680439771 35.21729122343414, -3.898031057236381 35.21591870556843, -3.90262593082035 35.21296076397899, -3.9041513735277533 35.21310672179203, -3.905334208751806 35.21472448322234)), ((-4.3030214183992594 35.17186898335192, -4.302416750457459 35.174077507165144, -4.299599734437649 35.17455076581987, -4.294824109348489 35.172645389432525, -4.2937197428916365 35.16991687650934, -4.294666051806289 35.168620697140476, -4.298714724724868 35.16813701585109, -4.3030214183992594 35.17186898335192)), ((-5.3837602370560145 35.913003418872506, -5.379272031170524 35.91747854237815, -5.36438466467343 35.918390620400245, -5.35333523706528 35.911206172109274, -5.346707006946753 35.908713703763674, -5.343497494394645 35.902242767420375, -5.33528214401133 35.89595866057613, -5.325580770996466 35.90201845385118, -5.314099438067312 35.89781951855273, -5.301555027392229 35.896562719531424, -5.30122602929026 35.8999455625147, -5.299284873807823 35.9020013849325, -5.291760237513861 35.90504247639517, -5.288910270508282 35.90835051283585, -5.286069744472962 35.907725209883225, -5.284432860981629 35.90479692215709, -5.282127374237323 35.90387702779321, -5.281224710028683 35.90154596172206, -5.2779316127805 35.901935613261095, -5.276537414713595 35.89970392871805, -5.2764648393235625 35.897018931456515, -5.279232257858929 35.89307096369403, -5.282772033373676 35.892477313375736, -5.285678783171295 35.889700332027964, -5.2936248968894635 35.8869611757823, -5.297045676873344 35.88762893321378, -5.29943917026987 35.8850645966492, -5.304133443069596 35.883427345028586, -5.308369950279682 35.88287698232176, -5.315273629535587 35.88543970266659, -5.319383143073145 35.885310408992495, -5.322759424590012 35.88073278772887, -5.327172450390503 35.87701752999608, -5.332034611613368 35.876950955080964, -5.334890771593062 35.878090811214015, -5.338023186082011 35.87634747041437, -5.343031282081481 35.87017073863351, -5.345529267487894 35.869877266578726, -5.350268467101523 35.87213591685164, -5.356867628557619 35.87210748431504, -5.361027945681181 35.87491103261804, -5.362295708367623 35.87722954432312, -5.369492343817137 35.87884567812441, -5.374345931820745 35.88289440621931, -5.377039453852699 35.88923398978047, -5.376526825193402 35.893305773674804, -5.379274604866949 35.89547408277501, -5.378788368845564 35.905169549496556, -5.3837602370560145 35.913003418872506), (-5.312418876757826 35.89392057039436, -5.311438332311136 35.891951451720814, -5.309383031351051 35.89329814301977, -5.309853827663422 35.89456907134885, -5.312418876757826 35.89392057039436), (-5.319610814903407 35.89512182837873, -5.317341177536775 35.893617710458216, -5.316521030246549 35.89493063189398, -5.318772659306403 35.8963161387832, -5.319610814903407 35.89512182837873)), ((-5.423094009557032 35.91233356132838, -5.42172360900463 35.91541606462755, -5.418528595885137 35.91767064140421, -5.415266353920582 35.916563714681935, -5.414389898565587 35.91373182525563, -5.414891971061905 35.91177016885895, -5.4201526733764 35.91039115798508, -5.423094009557032 35.91233356132838)), ((-7.999999166666625 61.00012583333334, -7.999999166666682 62.99995750000001, -6.0001675000000185 62.99995750000001, -6.0001675000000185 61.00012583333334, -7.999999166666625 61.00012583333334)), ((-18.999957499999947 27.000125833333403, -18.99995750000006 28.99995750000006, -13.999999583333334 28.999964720358502, -13.999957500000006 29.999957500000008, -13.000125833333344 29.999957500000008, -13.000125833333344 28.000125833333346, -15.000083750000009 28.000118612974845, -15.000125833333344 27.000125833333346, -18.999957499999947 27.000125833333403)), ((-22.99999916666651 63.000125833333286, -23.000041249999942 64.0001186129748, -24.999999166666736 64.00012583333329, -24.999999166666736 65.99995749999984, -24.00004125000004 65.99996472035848, -23.99999916666651 66.99995750000006, -14.000167500000076 66.99995749999995, -14.000125416666638 65.99996472035846, -13.000167500000076 65.99995750000006, -13.000167499999963 64.00012583333329, -16.0001254166668 64.0001186129748, -16.000167499999964 63.0001258333334, -22.99999916666651 63.000125833333286)), ((-15.000125833333287 30.999957500000004, -15.000125833333287 30.00012583333329, -16.999957500000004 30.000125833333346, -16.999957500000004 30.999957499999947, -15.000125833333287 30.999957500000004)), ((-17.99995750000006 32.000125833333286, -17.99995750000006 32.99995749999995, -16.999999583333334 32.99996472035851, -16.999957499999947 33.999957500000065, -16.00012583333329 33.999957500000065, -16.00012583333329 32.000125833333286, -17.99995750000006 32.000125833333286)), ((-25.999957499999947 36.0001258333334, -25.99995750000006 37.99995749999995, -25.00012583333329 37.99995749999995, -25.00012583333329 36.0001258333334, -25.999957499999947 36.0001258333334)), ((-28.99995750000006 38.000125833333286, -28.99995750000006 39.999957500000065, -27.00012583333329 39.999957500000065, -27.00012583333329 38.000125833333286, -28.99995750000006 38.000125833333286)), ((-31.999957500000065 39.00012583333351, -31.999957500000065 39.999957500000065, -31.00012583333329 39.999957500000065, -31.00012583333329 39.00012583333351, -31.999957500000065 39.00012583333351)), ((-52.000118613278715 5.000041666662376, -52.00012014622282 4.708804367319727, -51.99333751657914 4.698875436169468, -51.93664135701557 4.678143464454659, -51.929367888314005 4.678693273009216, -51.92088405429197 4.689229156553749, -51.91510169835784 4.692248425407881, -51.91144332156211 4.686812763674546, -51.907434209725366 4.684345085240871, -51.890440499965365 4.6840402757598465, -51.880435911151245 4.68241350067261, -51.87023989920932 4.675616985805655, -51.86164568327518 4.674485462158138, -51.85922899010103 4.6732771240567645, -51.84882933009717 4.664215929742783, -51.83964237863782 4.659080631554011, -51.837599636012946 4.658984782193748, -51.827693410474005 4.649679829984947, -51.82432852994761 4.6487937717874726, -51.8093844474364 4.632903313164981, -51.80401021652689 4.624880213625453, -51.80094606148877 4.623223375840233, -51.79341378044393 4.614475476345163, -51.78800312534534 4.602251609198885, -51.762400724019805 4.5661342203446615, -51.74338466964883 4.532010787462248, -51.726226502882064 4.4847022258578475, -51.711558331502935 4.4511142416830785, -51.68998718193433 4.394428690727088, -51.6914723281447 4.382013651552429, -51.693995365721214 4.380723577920954, -51.698875587445585 4.3817571580710695, -51.704520368844335 4.377942530415928, -51.706767008229434 4.3753070066026885, -51.711255189144495 4.361612018699977, -51.715018569141414 4.360093929935386, -51.71713545215235 4.357066787672563, -51.717952854011855 4.353724837950108, -51.717204507971424 4.341291910840479, -51.715320869638866 4.3316487558822, -51.71010844765703 4.315709017520709, -51.70162666135489 4.297664618223055, -51.69322876809818 4.2871256596730785, -51.68787076930889 4.277758676275386, -51.68283332254069 4.272707339255534, -51.67661027075849 4.26840467544637, -51.67869616053729 4.262303881359071, -51.674859031836874 4.255159202571246, -51.66782777547692 4.24920247648279, -51.66267419176964 4.248818721241621, -51.6599166598622 4.245207006565518, -51.65787812156742 4.239718597619818, -51.65824230409501 4.237905590198475, -51.65677903561799 4.236862423710773, -51.656148840163624 4.234201787490555, -51.658739989066824 4.228443359860479, -51.658168301598586 4.22761263101256, -51.65515485432529 4.22789908538972, -51.65056253423981 4.225365441868015, -51.645012273441 4.22039064065745, -51.63702083887793 4.210191344265951, -51.63349289499539 4.202270493698481, -51.61789967366152 4.2022975497554205, -51.6183731485438 4.200446632599078, -51.62580171270283 4.194326748826752, -51.62775333257819 4.191331250245883, -51.633848332823455 4.176594532740791, -51.63562399008806 4.158834424291745, -51.636288367678596 4.134093718689078, -51.64102583727201 4.1167945422409735, -51.64643962914435 4.080146148410098, -51.6481465622533 4.073560965562756, -51.65154883621177 4.067657389317304, -51.655129993906954 4.053611069043811, -51.65914364329635 4.048820181611339, -51.6689289446997 4.041617289932124, -51.67255812025894 4.037072652314778, -51.67594827218002 4.034628591143943, -51.68314679196207 4.03255339161017, -51.70118736159553 4.0238231353729095, -51.70863813237254 4.016777045884103, -51.716907759815726 4.014548719185429, -51.72983369257373 4.0065940518210175, -51.745780255057454 4.00023381991625, -51.75756877864636 3.9916427699662465, -51.76438142074825 3.9829161448409365, -51.77701445432656 3.9738555333883285, -51.781118134480906 3.964736146160842, -51.78095933735624 3.95517434606753, -51.78204127474563 3.9479656123333102, -51.7791263612507 3.9422385499041126, -51.780276952081046 3.9247294287724137, -51.78521201679683 3.912082518897603, -51.79771295110985 3.8866572585408417, -51.813630860196966 3.871483912168687, -51.82039974292136 3.869144076866409, -51.82145545992785 3.866362742319912, -51.82121703121163 3.861923018889948, -51.82322030203237 3.857427603400188, -51.83124352396907 3.851349372432835, -51.83772926504042 3.8487960563029158, -51.84532185524938 3.839893116729135, -51.85537030333253 3.832161597623172, -51.85771075042674 3.8259419875440703, -51.86351097147831 3.8211101134153505, -51.86699736739974 3.814656579102746, -51.86862431624107 3.8080279850041703, -51.873279862312295 3.80235896863372, -51.88327795515827 3.800694495927838, -51.88509112368774 3.794356512761953, -51.88711646414803 3.792905571475386, -51.902905957871134 3.7986920215824385, -51.90333793844729 3.795782526084776, -51.90215656710223 3.7941117039838956, -51.89677740774917 3.792778499336253, -51.89482649313598 3.7902495983571445, -51.89454335268853 3.7874507554151977, -51.895766747299454 3.784449395426857, -51.898414152066564 3.782401888803629, -51.902451804920695 3.782322607637317, -51.904553290660665 3.7797463032881344, -51.91086507160605 3.7778907333162026, -51.91350261850321 3.7781045885065723, -51.91716389966362 3.7802678123100812, -51.919832306877765 3.779428687586324, -51.91960489187554 3.7744259962866615, -51.92519781085299 3.7680330125621175, -51.92079506940644 3.7630595209609856, -51.91881162994889 3.751786074987032, -51.91489000885789 3.7461759933433725, -51.918742967335994 3.7392523253086254, -51.91771093449517 3.732161871769183, -51.92189467076709 3.72257817503209, -51.927058219098974 3.72056087172076, -51.932119817786294 3.7214411656605373, -51.936182074622785 3.7178890328244383, -51.94002182116139 3.719524324042676, -51.9525465663053 3.7207555973719546, -51.955544383850196 3.7191734567729693, -51.9552930802155 3.715459957405638, -51.95684828547981 3.7123872114686978, -51.962783561125384 3.7115288969531193, -51.971878397979296 3.7045665420930707, -51.9738989243511 3.69438687944929, -51.97617530184812 3.6914627559059934, -51.97761992103719 3.682702533650934, -51.98525441349726 3.672964581450604, -51.98737135339293 3.6632867910351408, -51.98572309502345 3.6571785024509387, -51.986103316260554 3.653148135004633, -51.98904413138188 3.6477433669999075, -51.992134713020995 3.6446603327146683, -51.98787367507842 3.6362646054724093, -51.987284259058875 3.6275640428221667, -52.001906930764996 3.60838966915841, -52.019040982120565 3.59223655765682, -52.052779265771505 3.533032789413799, -52.05974991733265 3.5188145611553874, -52.062785751334005 3.5169091575649176, -52.070743618993745 3.516331385152266, -52.07227926467734 3.5149605956423686, -52.07212373262049 3.512488824745212, -52.06912412717908 3.5095506172108473, -52.0702469867544 3.5038560475498883, -52.072922180747874 3.498899072600492, -52.07758918809157 3.494950189168706, -52.08002981315482 3.4909530081890043, -52.0864433138066 3.4881061860242593, -52.091678549552256 3.4788989608262777, -52.092541926580836 3.4755319772754807, -52.091626768463264 3.470724438123423, -52.093443512299295 3.462568620973276, -52.107738506587246 3.450606022600379, -52.111574406186655 3.441925427122997, -52.11301181864558 3.433961692647686, -52.11668459709914 3.431864388454257, -52.11888256471248 3.428807136648142, -52.120837422638985 3.42327153786855, -52.1283302525014 3.4124257774840383, -52.141955657131284 3.3851991005011595, -52.14792387268307 3.3778245046132946, -52.14966881863098 3.3712628586085174, -52.16153945442993 3.35041723902843, -52.16788998976134 3.3452378473297024, -52.17264703736008 3.337706279581106, -52.17239742245576 3.3326342560214446, -52.17335142929772 3.329918983065772, -52.177005190602145 3.3255503405139217, -52.18595245105688 3.319243808563312, -52.1888881158326 3.3100015611733222, -52.1908996885769 3.3076125590213135, -52.18773589899835 3.303057279350698, -52.18955730982452 3.296737506015416, -52.19501127492134 3.29360613111125, -52.201836617463606 3.2873313937857644, -52.204553442725015 3.2808985225439176, -52.209918169055875 3.276372473863575, -52.21552004996895 3.265657091534519, -52.22180432519053 3.257480247945946, -52.22274145524206 3.2527061386906175, -52.225847878690885 3.2500222242440806, -52.23343252050839 3.239368506003328, -52.24378179040261 3.2357801001171334, -52.24748023856719 3.238253720766613, -52.2483291508215 3.2463891484236704, -52.250210280684925 3.2487504670525764, -52.26088058450224 3.251275631480028, -52.262522653995596 3.249908806750334, -52.26221004564533 3.246171392315062, -52.26312456427946 3.2443423136706184, -52.27094050251354 3.2391058413333944, -52.27436342099421 3.2345202338487997, -52.280668917100186 3.2322797973220476, -52.28736325035894 3.226846454157852, -52.2911601446613 3.22589687895379, -52.29266005848513 3.2156823980172313, -52.30152833694159 3.199698002347383, -52.29985913060435 3.185287461113523, -52.298045213545045 3.1796268897706383, -52.29980419166054 3.1730776198227875, -52.301578205315096 3.1715188761217985, -52.303851748963844 3.1713056882043027, -52.31310677410645 3.1735300470750905, -52.31994822566492 3.1689473358131894, -52.32790565517233 3.1692827701019373, -52.33206032309676 3.155475130436297, -52.33478388212744 3.1503484323092903, -52.338658446330804 3.1459198984790055, -52.33584335362469 3.142717088698856, -52.33274710993024 3.14298292570105, -52.33019719539713 3.1399817784062147, -52.330615479464115 3.1366507448474894, -52.335049613423976 3.1328806567170386, -52.34183874464712 3.1334577325232136, -52.34420711638478 3.132715867283554, -52.34742422474001 3.134621993935906, -52.35128695751261 3.1291748493525597, -52.350380555908814 3.1247731090599733, -52.34788020883456 3.122894536819499, -52.34510657374782 3.1218040092917905, -52.339405427670236 3.1227847938933806, -52.33697651695906 3.121322556420925, -52.337455963462524 3.116631332992318, -52.34395665354369 3.1081767422307776, -52.344099812897525 3.0987446747664746, -52.342154150128444 3.0950264152722236, -52.3389303442235 3.0933780064826486, -52.3374884289014 3.0906083052387734, -52.33078349758271 3.0866584703941053, -52.325604342982075 3.0818839120415085, -52.32463268426086 3.0782474952316643, -52.32674883898373 3.0708705976411745, -52.330988275350684 3.0657732886693347, -52.33593155417936 3.0554056946506343, -52.340026662467665 3.051009063418116, -52.34407182758392 3.043266204543891, -52.344832825107105 3.03878705035928, -52.3510829771334 3.027899680728614, -52.35144045418806 3.022674345262551, -52.35655162400343 3.018195179918986, -52.36105128704144 3.016399055156585, -52.362039707537996 3.007251040580135, -52.36475530974308 3.0014642524625397, -52.36534989540644 2.995430240981767, -52.370017685383466 2.9907919634491695, -52.367291692584345 2.985131037602317, -52.36729168006953 2.9821220980614247, -52.37337069566127 2.9677809220347475, -52.38261025783725 2.949701213473494, -52.38524881426772 2.947998624539761, -52.39113667746083 2.9465862496087984, -52.39137385426211 2.9455745514917298, -52.388940257422774 2.943598355122282, -52.38846858403708 2.9409727820148173, -52.38989532328949 2.936137669263372, -52.39411609429759 2.9308691893704903, -52.3940176467239 2.929191802974279, -52.38893867740321 2.925331532897128, -52.388346793041215 2.920568598092905, -52.38701075383909 2.919067567054344, -52.38170332281638 2.919769162332088, -52.37870508387391 2.9226616518494315, -52.376633827127314 2.9226572143063456, -52.37555409897198 2.9208011957103284, -52.376135809445685 2.9161767664026743, -52.39104539013459 2.896291097330791, -52.39450432884638 2.8952917976216144, -52.40194942570721 2.8953680780888376, -52.40607132957505 2.8993337310447043, -52.408319726319924 2.897704058728094, -52.40848533043969 2.8947267551936187, -52.410368855060156 2.892171317802405, -52.41317828622937 2.8914019733354674, -52.4187008785856 2.892361340901822, -52.421479647464906 2.8904551478216236, -52.424685591163055 2.8815606022746962, -52.43076607437521 2.8706197843785475, -52.4335395372899 2.8684930013005085, -52.43468780561579 2.8634016163498623, -52.44120789402631 2.8525951029468324, -52.443998446089154 2.849923939142263, -52.44653510954234 2.8421311084910186, -52.44956585164624 2.8379499484380433, -52.450742925640135 2.8315078782001866, -52.45412506107464 2.8255094858333782, -52.45525361435014 2.8212674963915982, -52.45863068854738 2.817143858716743, -52.472234127232596 2.7941963389700826, -52.47333092595971 2.7861037188324738, -52.47712249358636 2.7802804041118567, -52.47471694228112 2.7723054925232495, -52.475668658186784 2.7679354114397383, -52.47412507759464 2.766247204331622, -52.47412502859474 2.764251633465742, -52.47578150015265 2.761951694656288, -52.47985796681578 2.760901237326059, -52.481781904870665 2.7589347707173197, -52.4814058866774 2.7573582814142594, -52.47828499614562 2.755496638710013, -52.47793839999038 2.753225528962257, -52.49025539042229 2.728781998301266, -52.49254976085792 2.7267089719042983, -52.49541101348731 2.7258698303347306, -52.49872481556712 2.7218068694845363, -52.49871926006934 2.7170224093515247, -52.503117080140534 2.710940589846509, -52.50629818814328 2.702787409624586, -52.505550916095444 2.7005953800951223, -52.50632532236207 2.697528095305793, -52.51040874978855 2.692236124985487, -52.513516416718325 2.6911152081606033, -52.51886830390145 2.6832958930551585, -52.51828947451515 2.6768423302743183, -52.526463829497416 2.663388616020327, -52.52478767658385 2.659764983958176, -52.52804990146159 2.655325647048515, -52.52850598384001 2.6511999058465414, -52.531634741917244 2.648779874399634, -52.53446397200736 2.648638405914751, -52.536919736881885 2.6510900697304165, -52.54299279085991 2.652221616002313, -52.545876101481575 2.6494198768416255, -52.54862404274204 2.648661734919233, -52.54917627852564 2.6455116945468653, -52.554287292246244 2.639778976510288, -52.55008171714719 2.6326319338586415, -52.5433743552217 2.631512721655215, -52.54113471358915 2.623785390909747, -52.54372606804733 2.6148940792053446, -52.545326585542796 2.613148066452886, -52.54721589836868 2.6128387534505078, -52.54750389109583 2.611440464756397, -52.540409007086645 2.6085370708723112, -52.53497737548137 2.60489337093002, -52.53072340217097 2.600324420360235, -52.52605144982972 2.5827663232549214, -52.52750096919155 2.579889271090897, -52.5330532839671 2.574551736790383, -52.536818962756215 2.567022623770035, -52.53673406065767 2.563958792123384, -52.53457738357013 2.5618830195685875, -52.53672013944123 2.557510464013621, -52.53892053803632 2.5567974008877377, -52.54762195598673 2.560590235509941, -52.55008770175402 2.560409514162091, -52.55415777294663 2.556634106520674, -52.55661567772334 2.5521159171427463, -52.55956780402289 2.549832560370849, -52.558156567114764 2.5453125536087926, -52.55528685985211 2.542658543418195, -52.55408408662131 2.533996981163196, -52.55226235829786 2.5329183752946736, -52.54972304405722 2.533956268506274, -52.5481313405203 2.532171415298041, -52.54863441747125 2.5295326428397953, -52.550954506895096 2.527030338891227, -52.551043434146166 2.519958184966463, -52.55374927442581 2.5179596334061416, -52.55907134491396 2.5181938298449817, -52.56079492155919 2.5165183447772947, -52.56470273884693 2.5153385912580477, -52.570763706805785 2.507792686391433, -52.573714346731116 2.5060782868352414, -52.575903329642976 2.502816234629968, -52.58181995859926 2.4979416868103312, -52.58334981886646 2.494786185929279, -52.5868787980497 2.4929320247847913, -52.58606695847361 2.4888225823380643, -52.58765383390362 2.48688743795887, -52.59020842291234 2.4858996712344528, -52.59265134383127 2.4814476353697783, -52.592659144366955 2.4781310655271693, -52.59485547419099 2.4750285824654052, -52.59805089887442 2.47379651072835, -52.602929188190345 2.475291817947862, -52.605300112102576 2.4739717845561744, -52.608954070766 2.4748749152760134, -52.61108518525986 2.473953339920899, -52.61812625724469 2.473838730058631, -52.62058710644601 2.469552389836198, -52.620518594329845 2.4635275125933416, -52.61014828300493 2.456891383456194, -52.60924159577671 2.452490697715773, -52.61432939603784 2.4479697980189714, -52.61637502362587 2.4443371746261726, -52.62800638224067 2.4434715963402627, -52.63142605006582 2.4397258442311536, -52.635044112711306 2.441295505750477, -52.636614210554754 2.43837997535202, -52.644562695120214 2.4330062690799266, -52.64416402295934 2.429002401901055, -52.64222163174012 2.426661011442875, -52.64276666832334 2.420627333116687, -52.64411473086964 2.4176316531403446, -52.647771282481244 2.414858370682965, -52.657021845478695 2.401732152570308, -52.656641940957535 2.400250036609224, -52.65443593078049 2.3997743756082364, -52.65296138359859 2.395296545680709, -52.65381407048091 2.3914981332525445, -52.65595542628656 2.3891207348678263, -52.66039978800652 2.3728365162249703, -52.66243356009333 2.3717143759189367, -52.664865773404486 2.37237579718884, -52.66803752485728 2.371566125633837, -52.6701558973781 2.3684781556482353, -52.672692377137565 2.3673910755072964, -52.680866747591146 2.3690096470459254, -52.68610201458107 2.3659503573159224, -52.689653777217586 2.366229461172629, -52.69359622649222 2.3634610364038413, -52.70104428553282 2.361394812880244, -52.70821249608091 2.3574269676450363, -52.71065622516358 2.3570929305568233, -52.71744223512705 2.3497149151704995, -52.71555902695877 2.344662694402569, -52.71736898324712 2.341666755429923, -52.73320945954945 2.3369495998436376, -52.736377748502484 2.333721766700629, -52.7402153027581 2.335083188125292, -52.742477466634774 2.3322368212520512, -52.74910749933158 2.327659477347886, -52.76309556767251 2.3227959044434923, -52.76383515411278 2.3202759068302696, -52.76608824405873 2.3181028928914045, -52.76781811886507 2.317795519221134, -52.7701914923925 2.319034710191685, -52.77313835803699 2.3137080375501977, -52.77689127710555 2.312797801224387, -52.7796880158439 2.3145472789434836, -52.78335653185901 2.30859496065758, -52.78529337495491 2.308131576809252, -52.78734619233277 2.3095481071419455, -52.79372676047193 2.30320124003373, -52.79915779117101 2.3027046725533644, -52.802450622994364 2.298273258191035, -52.80711984937106 2.2987806772002375, -52.81200553936606 2.295494067972238, -52.81901703003939 2.29320188352117, -52.821918213621885 2.293465020283694, -52.833100680318566 2.2910507160520845, -52.834699084197595 2.288775648377173, -52.83806563825591 2.2876330600388863, -52.83799401683681 2.2849956313784703, -52.83667055220088 2.28286293578048, -52.838493937114805 2.2798838891017095, -52.84410862972117 2.2787140802376133, -52.847306889401395 2.2794502358037425, -52.85364013872888 2.2771680347358476, -52.85446471813274 2.2747236499614907, -52.85357794428595 2.272588156788193, -52.850161754603995 2.271534977031588, -52.85345333971872 2.2629411883268964, -52.86168925569729 2.2590050475184986, -52.866168580502105 2.2596692989867195, -52.86978935757002 2.257441364848103, -52.87381715901675 2.2403147971067403, -52.87764110441644 2.236955601894065, -52.88495553327541 2.235693483422006, -52.88404505234825 2.2307034385479603, -52.88647073375912 2.225338017233329, -52.884801974534945 2.223415313538823, -52.88451765607986 2.2202679820117823, -52.886214786303306 2.2179878897828864, -52.891072493767545 2.215635815024116, -52.892329242708016 2.209033914431703, -52.895755997304114 2.2061213223355765, -52.8975140840307 2.201424503285595, -52.90019165788581 2.1982083203383502, -52.903101789031396 2.1902469129725444, -52.90196717672168 2.1866593298575636, -52.90323976558163 2.184886622824099, -52.9053468296313 2.1851106585684295, -52.90865430966334 2.187699103409816, -52.911767438227365 2.1865659226550207, -52.91462169451784 2.1906916251584407, -52.9196131795237 2.1907684488491066, -52.92176327577529 2.188979531057131, -52.92799783336784 2.1891313352897472, -52.93056332706466 2.187900521989142, -52.932778510170905 2.191741062403933, -52.93439243098758 2.192567369703896, -52.937591343923906 2.1894202244304988, -52.93664990649094 2.18593009724842, -52.93728374279707 2.180729263465554, -52.94124834448562 2.177287681955318, -52.94516737851047 2.175301552586983, -52.94916895708808 2.1753296202772203, -52.957020367729314 2.1714689705696677, -52.96006524073067 2.173121285754666, -52.964741375103216 2.17138616809753, -52.970372729260816 2.170928852077023, -52.972263132995806 2.1694716464364956, -52.97485383139126 2.170608149023854, -52.978303244688746 2.167023590310729, -52.984822364245545 2.1657406904879695, -52.98875648242496 2.1665641770911286, -52.9897964618357 2.1704593831105874, -52.99313674322939 2.170646981411958, -52.99912728259069 2.1766421789824495, -53.00239285519811 2.175723195432321, -53.00623216226542 2.1772061764959862, -53.00871067187269 2.175915925091808, -53.01118923373173 2.1777401854682714, -53.01374979198372 2.17680156484618, -53.01903538325931 2.1804415595418605, -53.02325759840732 2.1804497513935943, -53.028625754309054 2.1820329364387514, -53.03222034550121 2.1852558092440177, -53.039763861913 2.1838949507376, -53.04248281076369 2.18482149381684, -53.04433262218999 2.186961164755138, -53.05105682016374 2.188790857820704, -53.05390709658415 2.18858070789352, -53.05600845225998 2.192133451274907, -53.060065064458946 2.19425682694494, -53.06172128014651 2.197434549542497, -53.06361209576742 2.1980502107040816, -53.06382071902706 2.2030379291748754, -53.06503660331193 2.205312940710488, -53.067975716146236 2.2072370454554098, -53.07077082948255 2.2129066751947226, -53.07464493356518 2.2153945893454954, -53.0753009333984 2.2175189151395784, -53.08024320326293 2.219414866367933, -53.08095407362735 2.2207117977928257, -53.084038898169986 2.2212907314710306, -53.08638806024927 2.2201443871574997, -53.09081024167926 2.220125113830105, -53.09281331407135 2.2212170120939465, -53.095599199059166 2.220102414107153, -53.09954768524857 2.2214706756295626, -53.101017671025396 2.223836325587936, -53.10852530742951 2.221629476919308, -53.11276493164601 2.2231966114772876, -53.11690713009772 2.2221272270746186, -53.119201362045665 2.222598272988872, -53.12355529349232 2.2209635270656043, -53.126222911545916 2.2218608623893514, -53.129036299155665 2.2210531391689416, -53.13148464663566 2.2238283862914625, -53.13465731559096 2.2237718137395737, -53.141214150720785 2.2202246312181178, -53.14375415314728 2.2173482560869386, -53.14769905089732 2.216959665241288, -53.1565997206567 2.2198650302230063, -53.160511913659384 2.215676898819276, -53.167425638439376 2.2168761533921897, -53.1712406337405 2.21522837307632, -53.17340786107308 2.2154394796872925, -53.18320792458395 2.209553329710648, -53.18681679099177 2.2093773758108917, -53.187707396530264 2.210823621789168, -53.19107471855025 2.21196593762239, -53.19607249116991 2.2090011702210535, -53.1989212212252 2.2106873572989154, -53.20359132484229 2.2095555338212627, -53.20845662892731 2.2097779544572673, -53.21019527916207 2.2057864713895734, -53.21521043940289 2.2015678992385244, -53.22049750845722 2.2017477688376332, -53.22304323467795 2.1996250665826786, -53.225114469397894 2.199625017691298, -53.23364294920967 2.203892290784217, -53.23654337821267 2.2086954783333312, -53.24484676282719 2.209598349237153, -53.24756041548474 2.2084522538390354, -53.248225664537706 2.2027593909285637, -53.25353592692289 2.198913230319908, -53.25651305001097 2.19847240457787, -53.25838627579371 2.1929166219721354, -53.26316531348373 2.187864177879406, -53.26881202417179 2.189125516315856, -53.27498932293181 2.188784548255867, -53.27871151928429 2.1930045936592335, -53.27972862264516 2.1925836440569273, -53.2802539791585 2.187457814427045, -53.281918363584204 2.1863287548669788, -53.28495496432224 2.188503191712798, -53.284388559601965 2.1961870662738647, -53.28218550864412 2.198848372189941, -53.27663600676653 2.2003208988054035, -53.275460355291926 2.2083969602187064, -53.275368086357055 2.2146721293508533, -53.28002237901512 2.216629175377182, -53.27965608825756 2.2191309358020335, -53.271344599559484 2.2236084928244866, -53.26300469826345 2.221294426941443, -53.259544337191855 2.2254799576343656, -53.25812372803398 2.2298620799075035, -53.26053687577312 2.2361910196025794, -53.25920862456101 2.2405259383673113, -53.259625912992774 2.2446028644351763, -53.26097265801372 2.2458937089688176, -53.260551529840384 2.249312303902388, -53.25932640161341 2.250211857368719, -53.25497082330126 2.250286947894914, -53.2512951444663 2.243909162681687, -53.25021240314078 2.2437682671843584, -53.24228400365673 2.249631460070289, -53.23989041202657 2.2500771834192825, -53.23894272437078 2.2524279285248374, -53.234053237103126 2.257472040693101, -53.228845809992194 2.2582564074381883, -53.22786908407774 2.2620131313682594, -53.231347912494726 2.2636839817910954, -53.23148630524511 2.266059218644173, -53.23489669476051 2.2653197654191954, -53.238257550062485 2.2681739788700983, -53.24188050217215 2.2671404887077946, -53.25786241883478 2.2689141765812533, -53.26113088309495 2.2731183913736674, -53.261722062915716 2.2847874392505463, -53.26739957814021 2.286349592010371, -53.26965618575497 2.28959852921492, -53.273781110612966 2.291083809701062, -53.2817852754113 2.2998230453401773, -53.282240012114016 2.3028162810012724, -53.286712760505075 2.3025283394892764, -53.29162135651979 2.3049602662473236, -53.29784092004983 2.3038092011539075, -53.298602922568705 2.3058576124322827, -53.301901999626146 2.305561577828941, -53.303124660251775 2.308687231663774, -53.304829285687546 2.3090147958966107, -53.305659670907204 2.3107756877904375, -53.308257427362 2.312053823701451, -53.3102523976468 2.3142897003335374, -53.311272918214506 2.3177948958551253, -53.31524409616714 2.3219644535273214, -53.31644643112933 2.325571470839712, -53.3153259766874 2.329129827617007, -53.31669538090092 2.330950054938235, -53.31689838416194 2.3348318914450203, -53.3183739021859 2.3375960579996287, -53.32158440642856 2.3359885294635854, -53.32681271810404 2.3363641987886474, -53.32982821104345 2.332934969402906, -53.33295645542646 2.3326567507996336, -53.334614626553495 2.3391568915024057, -53.33442075300382 2.344518876497185, -53.339539984072935 2.348034334010568, -53.341008790860876 2.3502016976502453, -53.34418283849375 2.3493819483496137, -53.3450554917727 2.3466611702492064, -53.346955450907984 2.345175053725301, -53.351290854208756 2.344792755791384, -53.35648327168125 2.346333659264101, -53.36033423643149 2.343365948748967, -53.35680662466667 2.338223911507144, -53.357870333387204 2.3341726246803343, -53.35672743934274 2.331458218882524, -53.357551047716306 2.328174688108905, -53.372129975705825 2.311754962096566, -53.3744418391166 2.3103100742001863, -53.38037899034561 2.3111059725174137, -53.38569239376286 2.307114658493412, -53.38667111864607 2.303940922999625, -53.38840302744957 2.3024531235092796, -53.39205124374472 2.3023815564405994, -53.39539639831502 2.3049631842619025, -53.398856290176354 2.3038524726552136, -53.40357299328674 2.296065033895458, -53.403210801410445 2.2934525012625064, -53.404367155115125 2.2907576194584363, -53.41116938476737 2.285773030891748, -53.41467603141611 2.2862004213100686, -53.4224300243244 2.28314159071329, -53.42470969729057 2.2858997498667764, -53.42928619935091 2.2867780665699353, -53.43117909259127 2.2808945005920953, -53.43474125020316 2.2809380890051414, -53.437762121298604 2.276136970004438, -53.44091173083485 2.2757160111476495, -53.443438191768614 2.2737758461820445, -53.443812533240255 2.267324339558552, -53.444862170841105 2.266006934445099, -53.44745236625184 2.2654270675325785, -53.45015342841032 2.2588524388219327, -53.454780639399836 2.256254935447119, -53.458337078087204 2.2561691264694885, -53.46188909875854 2.2517758241124093, -53.47144668573085 2.250544916635569, -53.47270821572732 2.2521462673281047, -53.48157187209692 2.25493505899791, -53.482592853909395 2.258119447891482, -53.485435224817586 2.260714549119319, -53.48890538508982 2.2602820805294224, -53.49163569734731 2.2556598242951367, -53.494792844111686 2.2552126119330413, -53.496225930960236 2.255716116098306, -53.49738265630647 2.2583279649465533, -53.50223239833767 2.256614979744542, -53.506731449619885 2.2567857617189766, -53.51161152797986 2.2553885120059114, -53.51385763332298 2.256090398314266, -53.517148877840484 2.259958576722718, -53.523392198367716 2.2572487879620327, -53.52389456816542 2.2539840345318893, -53.52543918182713 2.2519217956424256, -53.533338120028844 2.2497933917628203, -53.536051173391414 2.2502111461803094, -53.5391888990643 2.253358066618361, -53.54269430732549 2.250625061292384, -53.54378385605426 2.2506250484352743, -53.545368826279486 2.2526144641489947, -53.54720179117075 2.251041737069483, -53.54991779920048 2.251041732328573, -53.550771656289285 2.2536468376126595, -53.55346590690553 2.2555662565502983, -53.5558749663502 2.255667363065933, -53.560429647380005 2.2594724636126884, -53.56031587905074 2.262791554483987, -53.56777442934518 2.2621827362178277, -53.568859381903096 2.265290462109195, -53.57503889279595 2.266864773489258, -53.5799220212143 2.266040306180279, -53.580605463867414 2.2629110879563865, -53.5819610612158 2.26162858304926, -53.58746711773793 2.261702968524795, -53.59057182616405 2.2698845703111967, -53.59870076741322 2.272630515740174, -53.59973558938633 2.275855412736813, -53.60464282709967 2.278883572674562, -53.60893548683896 2.276233086501974, -53.612159556699304 2.2774056684359496, -53.6195257670438 2.2708525144716476, -53.62108932225572 2.2731266041483122, -53.624650417685 2.274169822592912, -53.6257562431931 2.2773963368557135, -53.62888128782799 2.278445222501809, -53.6311174909775 2.2779822503511924, -53.63491991762923 2.274880278908444, -53.63830807808646 2.2754576322610225, -53.641889689549 2.278447741386286, -53.64573151828516 2.276223592409614, -53.65782903192841 2.277912932010446, -53.658764447175734 2.2837696433434127, -53.656028402527234 2.2878515752519317, -53.65566366095648 2.292143735447116, -53.65380829063097 2.2943457799549005, -53.65539755472747 2.296498408238701, -53.658448812337426 2.295951283097767, -53.66151141151971 2.2939019756172767, -53.66438080762454 2.2956054635204532, -53.664693315912984 2.299577037609613, -53.66643931241421 2.3005225580023576, -53.669606165118374 2.299907356358602, -53.67031264867598 2.301418093325319, -53.671522972840684 2.3014716458421, -53.674072767100284 2.296241175602115, -53.677654299033485 2.294605742883869, -53.680152633165704 2.2950507664470106, -53.68286421884199 2.291507606391783, -53.686619751599856 2.2908748816702964, -53.69019563428546 2.2935821638537344, -53.69025059031325 2.296438647476723, -53.692270320149504 2.298744637803218, -53.69287334178507 2.3029562151616583, -53.69208403977787 2.3058892434052853, -53.69495958214974 2.3075908928673114, -53.69797623974487 2.307459944504576, -53.70004118880599 2.3095113583508855, -53.70308360343727 2.3092319411540694, -53.703389297833795 2.305415218091389, -53.70523953194244 2.3037418383782002, -53.71153499347779 2.3045015150520607, -53.71418333189709 2.3090028696700653, -53.719555493193155 2.307483813404422, -53.72247428053692 2.3092788265506656, -53.72576355562771 2.30824519330699, -53.727882823696625 2.3094517226896065, -53.731281009160284 2.3040989279017197, -53.74073244895956 2.304329278952349, -53.74481308456971 2.308002098874868, -53.748165046640636 2.308637739312167, -53.74726817723721 2.312338719628333, -53.749444556160135 2.315584931940393, -53.74868973202461 2.3198046053609063, -53.74657535040928 2.3217269876957656, -53.744669363445134 2.3214815695022777, -53.740933995912094 2.323123494249359, -53.735838229257496 2.3227038560288356, -53.737603283412014 2.327870148656962, -53.73945395885705 2.3298500380728435, -53.73908042259749 2.332793970932185, -53.7340307059132 2.336800930792236, -53.730356061775545 2.337061534902133, -53.72700991340417 2.3391955634695796, -53.72296003476784 2.347347539511118, -53.72357993884001 2.3480727892571953, -53.7295760273547 2.3464956060861972, -53.729975899830535 2.3511872789603108, -53.734179377913044 2.354776703806802, -53.73451860092331 2.3569181202476535, -53.73708449537774 2.3566306239701817, -53.73851464716681 2.358560926800579, -53.74201694833314 2.3572885836932507, -53.74522470265891 2.3532347854769182, -53.74780249262829 2.3539680942897636, -53.748558066909396 2.356347822375894, -53.75195819114008 2.356594365010479, -53.752866823807445 2.3599705953618777, -53.75031941320436 2.3631593987465354, -53.73804228522019 2.367163398071684, -53.73721335843537 2.370792926020213, -53.7389970486751 2.3724611825607176, -53.741036347923355 2.3722920941613053, -53.74172037423753 2.3699909572389246, -53.744146944687174 2.3679319759256563, -53.75215802787513 2.368217887462015, -53.757168094408556 2.369645784686313, -53.758587653031235 2.3734846825601013, -53.76274138234414 2.3725510305257282, -53.766966639855745 2.3740388756618938, -53.76882863920976 2.373733205958205, -53.76965059980396 2.370656420851927, -53.772940430437046 2.3678748633105746, -53.77516923014963 2.367296805140453, -53.778009225571076 2.3686863460241248, -53.781885632270075 2.3682412362418135, -53.7826317559288 2.3669415688544473, -53.780635415960276 2.362710689154961, -53.78214316713797 2.360000439173807, -53.78659226286173 2.359852089108267, -53.7885250697822 2.3586590243575305, -53.79121506352321 2.3606128572876854, -53.79672564530123 2.359946361163046, -53.79997327669914 2.352856161606644, -53.807628962299084 2.352251386938972, -53.80770824594452 2.3427143932485714, -53.809755359270966 2.3397114503011065, -53.82057486115837 2.334416057851172, -53.82803623975719 2.333860878802392, -53.833326080089655 2.3318742659405944, -53.834192018212036 2.32926235163933, -53.830799697090235 2.328196257233143, -53.82871229547321 2.3249768260066586, -53.82299405983326 2.324673990064851, -53.81921680174087 2.3264303746810153, -53.814073343075975 2.323707459139824, -53.811712675082646 2.3138142924861036, -53.81338537139277 2.3100799659392925, -53.81851312967588 2.3087943949170393, -53.822113023797876 2.30973480738526, -53.82514627832605 2.306873548752604, -53.831109546773305 2.3065740263310306, -53.83329146255617 2.304163679144208, -53.835482594799004 2.3040556760788586, -53.83963427382453 2.300481379271776, -53.843082969869776 2.3029636939590747, -53.84834073629313 2.3014588114479064, -53.853252060352695 2.3016535653542607, -53.85408079927433 2.306481841082863, -53.85699812000444 2.3110132301919473, -53.86099572396821 2.3094811933827883, -53.86354825026045 2.304010100028982, -53.86579338882932 2.302553669879023, -53.867838358416314 2.302926663897303, -53.868700343088214 2.305250424339005, -53.87156660791333 2.306784270095354, -53.87603967752823 2.305964881738269, -53.88190801840836 2.3071457339985, -53.88537596401238 2.297170197553897, -53.882225521300064 2.2881118669828577, -53.887536648155304 2.28056788591357, -53.88410883381914 2.2764609285442234, -53.8845846443428 2.2736197277029677, -53.88993664782819 2.2697136354048264, -53.89446823664334 2.2705317575575363, -53.89587357821941 2.2669363626587287, -53.90106072959595 2.2654230584751875, -53.902442417427444 2.2619363154430236, -53.9059305782317 2.259186086345801, -53.91219067502232 2.259042081873412, -53.91616320932474 2.2607684690399643, -53.916219451562704 2.2689978195501417, -53.91302970243579 2.27219166319116, -53.915880629646864 2.2765303094837246, -53.92051075525172 2.2759053978500923, -53.925238994941914 2.272663315797529, -53.93167730596396 2.2768527749678036, -53.93222779016434 2.278958829145797, -53.93351111178126 2.2790865356201078, -53.93531830778659 2.275658351869252, -53.93296371535984 2.274484997707637, -53.93251947053733 2.2697551520533183, -53.935138632941126 2.266901129237219, -53.93624114105665 2.261877823687732, -53.939373791752296 2.258466542644772, -53.937828536747325 2.254571583066037, -53.93317866894194 2.249679322805974, -53.93314795821061 2.2477294006720707, -53.936133880640874 2.243236811262028, -53.93168990683891 2.23859061681192, -53.931545425088615 2.2370705449154387, -53.93645547189245 2.2328280794789017, -53.94002376415113 2.232372116098255, -53.93993664649529 2.224672529479699, -53.93880932778754 2.221542179384244, -53.94417425536588 2.2142123271612624, -53.94724459527983 2.2139475455016573, -53.95181792499565 2.217714209519007, -53.95767741184719 2.2154724132307417, -53.96351614981891 2.2178136760297886, -53.96656777116758 2.2130771380791643, -53.96975070318045 2.2112114582177966, -53.97226602517569 2.206106342384115, -53.974000879574675 2.204710933773815, -53.979631593897146 2.2051882227698107, -53.98343972123174 2.2077536358993854, -53.98654466022071 2.206727421490266, -53.99091813463922 2.2075223281715557, -53.99408282905292 2.2042405155318145, -53.996316165572836 2.2033962819828252, -53.9991789735345 2.1992914919620428, -54.00224092770539 2.1988894913948287, -54.00536165285844 2.1951726727164065, -54.00873670846571 2.1884138667590594, -54.012073083118956 2.1863073784595053, -54.01580741819908 2.181344758378964, -54.01820019629133 2.180554959169634, -54.02137518238216 2.180861199293052, -54.02429833873081 2.1798000154846764, -54.02715153173931 2.1852093649045354, -54.03039442146288 2.183601589382178, -54.03424961729457 2.186712905313792, -54.04681185724139 2.184901209228564, -54.04982435210997 2.1874927672972175, -54.05641253144037 2.1880159736717957, -54.05909077450621 2.1907779014484428, -54.05936265980581 2.1958291094460853, -54.06404192653435 2.194866085830514, -54.06582137695498 2.189125836211344, -54.071484956470634 2.1833899858796606, -54.07080706719429 2.1805238110473533, -54.0716335757523 2.1781542979889905, -54.077646583990486 2.1732295429142687, -54.08157128804685 2.1724731678103133, -54.08067040045769 2.164760282664822, -54.08514898585854 2.1586171349167693, -54.086287567618314 2.1553393960637286, -54.08324296809419 2.1515047237747806, -54.08599827655768 2.144239226822451, -54.08583143586053 2.1431925551866, -54.082356030607386 2.1413148750547832, -54.083239421291225 2.1362282295885127, -54.08498568694419 2.1346296653850176, -54.088705182264206 2.1351417175562424, -54.09055111826209 2.137506977151799, -54.092150576075234 2.1376916386116847, -54.094857985383626 2.1312959118791928, -54.09727377409451 2.129951345557842, -54.09876249270704 2.127217169241426, -54.10093160563335 2.1265227677627183, -54.10444207119451 2.1222118051330603, -54.10340781141954 2.1187262044841653, -54.10127049076268 2.117327735483999, -54.09987841726495 2.11403077354499, -54.10039284856347 2.111432573397794, -54.10496531587907 2.1095487935843873, -54.10841929072643 2.109862424190619, -54.113081787591874 2.1160061494535247, -54.11680636568613 2.116046372907464, -54.12037566521853 2.120037905841422, -54.12472700062705 2.120279645015574, -54.126709862224736 2.1219639954770764, -54.131458708431865 2.1190486608343058, -54.13586281655547 2.120291169402968, -54.137472772765896 2.118480652787108, -54.13809989204282 2.114879851261206, -54.14316755028368 2.111573403181298, -54.145576923369354 2.1151713657651694, -54.14593845714118 2.119169218788096, -54.14781614809065 2.1199671535817783, -54.15079769124838 2.1179690629150465, -54.153366950258025 2.1181079308859214, -54.155206760325264 2.120586557057067, -54.15894734036886 2.1205474806694746, -54.160530526209754 2.1217920421925465, -54.15914677966326 2.127368018740075, -54.16402980147999 2.127843902910661, -54.16739265910076 2.126388627256807, -54.16993411278497 2.128498675959727, -54.170081766490746 2.131891740088556, -54.17528217760702 2.1354138915903973, -54.175632745673624 2.139881926834923, -54.174623087238885 2.143430944448957, -54.1765886162862 2.147762661021492, -54.18012529435219 2.1479338884598267, -54.18300262593812 2.150039258898851, -54.18289568962144 2.1541620822088743, -54.18684959469111 2.1638503046216027, -54.185365555910835 2.1761361720134245, -54.18769501854026 2.1771692574775003, -54.18885102930978 2.176881114273549, -54.189203896460214 2.171647391305995, -54.1903071608898 2.1699218374116116, -54.19687250396205 2.1665383826458813, -54.19994023626558 2.166358064530576, -54.20347605029099 2.161989030173162, -54.20900723740302 2.1592022362802052, -54.21188691696021 2.1542675877443997, -54.216249921300616 2.1564793452366082, -54.224105205092584 2.148585770996273, -54.226611886394885 2.148294500715464, -54.23065075296932 2.150760508254113, -54.23430862039076 2.1465181374861158, -54.235891762113724 2.149185324491258, -54.24107968716496 2.1503588655407624, -54.245901860031665 2.1540562768603966, -54.251389039854914 2.1518237530947437, -54.25547777631973 2.154053762440454, -54.25749030459449 2.153138460653853, -54.26123581533704 2.1480743981734935, -54.26403291752343 2.14660184943303, -54.26614640611836 2.143724706148147, -54.268082254467146 2.142792618541732, -54.2716575974583 2.142964910841519, -54.27320980488801 2.1445664712197434, -54.289136401089834 2.146083617371484, -54.293410847451085 2.148625495553407, -54.30229433598578 2.151673595171523, -54.304328421842165 2.153631425154194, -54.309324652060276 2.152715761798342, -54.312315844922495 2.156171531298699, -54.317154894560986 2.1560424776644354, -54.319655845737195 2.157819473099234, -54.32416685171176 2.1527283210822, -54.32738287805104 2.1537153317345927, -54.33011294390398 2.152636942898279, -54.333027772679614 2.1534622376693586, -54.34362973029975 2.150324010912913, -54.345353980160716 2.1602344429709657, -54.34139960019135 2.165692910041924, -54.340939902350115 2.1684877057636203, -54.34502405508713 2.169160596210391, -54.34868524979161 2.171752647187742, -54.350972391716084 2.169133015608675, -54.35347460061811 2.168713796899197, -54.35883903222491 2.173427806664212, -54.361716985207146 2.1734126454161915, -54.36419542659417 2.178267057301824, -54.36399923271179 2.1817472730761276, -54.366031381590176 2.183695329673311, -54.36559390861862 2.1872697970521036, -54.36267396480217 2.1894222590517867, -54.36323497956719 2.1948100147136245, -54.358876729374465 2.1976536170125067, -54.356324101869816 2.2029674041324587, -54.358540233184435 2.205523774061762, -54.36054048996734 2.2060112784297434, -54.362707506921765 2.2094320180343656, -54.36990413949787 2.2047092938600343, -54.3749687535566 2.2034368254406, -54.37707132786542 2.201680553221807, -54.38127479932606 2.2011551204311957, -54.384542387228414 2.204145776668336, -54.38640081756195 2.2044426107873076, -54.388578091162955 2.202963546581944, -54.39115767699368 2.2034604697561044, -54.392737428430266 2.201408724212265, -54.39505706736426 2.2004981556855947, -54.39764114812381 2.1956010037875915, -54.40551970699246 2.1972111139263855, -54.409133723792 2.1957556264511413, -54.41164056774047 2.1969508756501583, -54.41672163649079 2.1933215242031276, -54.42060525937894 2.1954617404809658, -54.422202739999925 2.198819788568514, -54.42104452156276 2.202807358314273, -54.41761973930817 2.2068851265046106, -54.42088113464844 2.211822761159155, -54.4318273215376 2.2127465870308236, -54.441830717002595 2.2038546253530504, -54.44987445429643 2.2019842035655515, -54.45387248294553 2.2040957207232856, -54.45460455140324 2.206486830868944, -54.45722995833409 2.207951401672512, -54.461907548475516 2.2059884179476534, -54.470237637641475 2.2104898734999288, -54.472830507783904 2.2108987751690132, -54.474132544984315 2.21254216481516, -54.47837724809386 2.211919549217894, -54.4793596081675 2.215047573555615, -54.477642454634335 2.2245524236192296, -54.478717898488604 2.2266840287027585, -54.48394604458475 2.227585056103261, -54.486492454278775 2.2316904006034366, -54.491554158263746 2.231254825841444, -54.49389337888067 2.229639947382387, -54.496934911464386 2.2313437101433014, -54.49756465280618 2.235800291347332, -54.49985623546257 2.2390647483719546, -54.49938343333477 2.2408837195708813, -54.496744271951904 2.243195972697899, -54.49725863357984 2.2468916973075417, -54.499840070945815 2.2482497727459108, -54.5007043694654 2.250604607067602, -54.50717262679268 2.253373882502477, -54.512927632933184 2.25136988988373, -54.52412640849958 2.250516923004193, -54.52659697205014 2.254138110395264, -54.52831368760151 2.2594389808367654, -54.53215293883755 2.2599518670404204, -54.53661652519485 2.259028048956993, -54.542052887176276 2.2627670222261997, -54.54252263671215 2.2649166959284672, -54.550005715721404 2.2686704439681553, -54.54971494228696 2.2720968789500584, -54.54726234346125 2.2739399025075753, -54.53786542357294 2.2740463638686474, -54.532643522920054 2.275514085046231, -54.529300075223524 2.2770768197174642, -54.526247355434194 2.2802754921934274, -54.51938566660447 2.278392359368951, -54.51677818398038 2.2783294599234813, -54.515266798394364 2.279656647304284, -54.520361851202914 2.287686921895243, -54.52848010546576 2.2886935515391444, -54.534833069818674 2.2910986510536486, -54.53710563977393 2.295795192082174, -54.53638484547428 2.2983667310840232, -54.538186904227594 2.3002160083565286, -54.53986456312403 2.3049228939418605, -54.53793734551349 2.307452455980318, -54.53739750719028 2.3104871882853892, -54.53482344623308 2.312218827723357, -54.5340046841745 2.3155055105305276, -54.536906950648024 2.318413817786002, -54.540065206672836 2.319260563494141, -54.54030650544098 2.323278225711909, -54.54386152357059 2.325189843944799, -54.54870214678022 2.323875132632011, -54.55223526705406 2.3246976139207387, -54.555381499636376 2.3241379934654014, -54.55607758357437 2.3273723905505257, -54.55741775177243 2.328547141798784, -54.560585853505856 2.3258652364736907, -54.56565576056703 2.324461244800866, -54.56888900978615 2.324536442618333, -54.572148092429096 2.326197687161499, -54.575953614347064 2.3256769091294194, -54.579761256460756 2.3225928160493075, -54.58436045044344 2.3224304354146543, -54.58873119949088 2.320163833168247, -54.592907514788486 2.323473553126837, -54.594387514782845 2.3278758520161835, -54.597218433619425 2.33076143604897, -54.60352554886723 2.3323356833449247, -54.60206395368117 2.337367787179103, -54.59889392229833 2.3394753316240533, -54.59675603555355 2.3426164014674398, -54.59433342677651 2.343654375781263, -54.59459997310674 2.3472768038495486, -54.590217061578414 2.353321050030163, -54.586764676706046 2.3534572000270764, -54.583575658947964 2.351082023905026, -54.57871594300449 2.351240723099784, -54.575701937931306 2.3547425014387318, -54.5736410188446 2.355465279741359, -54.56935817940403 2.355703213233373, -54.56174914426688 2.3532532696485107, -54.55734952201555 2.353208476093943, -54.54917457567015 2.350065470715398, -54.54702648827116 2.3481805695841533, -54.54411456533124 2.347819557141841, -54.53679585868389 2.342975001449793, -54.53419002762566 2.342873928256691, -54.53219104297629 2.3405180763283635, -54.5324028318909 2.335737822575243, -54.52795329548844 2.3337421498684625, -54.524914993782396 2.3347160366122313, -54.52161114204487 2.338454921679272, -54.50760997336391 2.338341738283846, -54.5068311115682 2.3408098955169074, -54.511210261419905 2.3518168868199076, -54.51262447552634 2.36330864237746, -54.51149281412922 2.365454460267828, -54.51128457880579 2.3713985273104767, -54.50625808777819 2.3772303879181282, -54.50704085185945 2.379646195789253, -54.506459545077625 2.389476482913322, -54.50146684800199 2.39880719152729, -54.500770876747964 2.4020993650921163, -54.49602905776673 2.406841242801939, -54.490201933106775 2.411012560272763, -54.48692386600811 2.412066881066086, -54.483698147650664 2.4215686809199193, -54.47635520550542 2.430181682087945, -54.47730097053882 2.434870766613447, -54.47477256770788 2.437627595271671, -54.47288460250604 2.438148408606622, -54.47123280006883 2.436986192159392, -54.467413307848524 2.4373599663258947, -54.46558350046669 2.4365314298445933, -54.462286149367735 2.4377029235520733, -54.46020741170344 2.4369292305697208, -54.459440582062186 2.4352751148940293, -54.45572525798708 2.437271400995916, -54.45290800128762 2.4343970702009137, -54.45019029429153 2.436721414806912, -54.44678888882224 2.4366255243686044, -54.43765668783614 2.4321970802975215, -54.4305513841503 2.4388938700728726, -54.423802151027715 2.4396236169469177, -54.41979395382176 2.4384061608356338, -54.416992879125374 2.4414244900898066, -54.41561936432873 2.445828208631226, -54.41304942743945 2.4475407352434746, -54.41198087035269 2.4519393553742135, -54.40858472477424 2.452774323724, -54.40482241838831 2.4563843963717344, -54.39990659062375 2.468188392002607, -54.39552094408652 2.470304424398693, -54.392908816025624 2.4698973780914755, -54.390924569791686 2.4724419552736716, -54.38871486630203 2.4731358276325857, -54.388295514583824 2.4750653296561076, -54.39013820710165 2.48060348082053, -54.38384014075513 2.490188640717353, -54.38194311395817 2.4904902230447417, -54.37972647914247 2.486755318642582, -54.37551927237012 2.4901259276242627, -54.37523610296132 2.4991194976566597, -54.37135433009205 2.5088464135845974, -54.36929959765955 2.510472481728651, -54.3619675676709 2.510706791338619, -54.36181958723201 2.513274199717245, -54.36353170114434 2.516637007951835, -54.36093183618641 2.5219217991999843, -54.35862899284169 2.5219964050911434, -54.35870666475283 2.5189291680174524, -54.3537703693696 2.519016252395653, -54.350708040860894 2.5245387170115756, -54.352722958240676 2.5275912319563396, -54.35259409716845 2.529276104937078, -54.34567114969507 2.5358993221586617, -54.34619515207064 2.540527586119567, -54.34513901756079 2.543025691448905, -54.3459600248844 2.546437087491829, -54.348262640503826 2.5489528448478826, -54.346911566853514 2.55262341298279, -54.349527524426236 2.5554967045092933, -54.34938455442975 2.5586434181521365, -54.34586725217636 2.563485075429449, -54.34182332702344 2.566562841617856, -54.34028714508279 2.5668529952593393, -54.33839438512102 2.5655726727990773, -54.33481604556177 2.5668926490910073, -54.331906765369645 2.56975561276776, -54.331419783733296 2.57236615071053, -54.329598002033826 2.5744397477945764, -54.33142765175808 2.57735148060153, -54.32915157635634 2.583486485630247, -54.32918924689644 2.587051221731961, -54.3250771551941 2.589700113919928, -54.3239875316181 2.592475408644945, -54.323224771867814 2.603652973687275, -54.32151056822452 2.606786640687891, -54.322781172150606 2.6097547324436423, -54.32146584727748 2.611887450696414, -54.31801510867315 2.6127745408646916, -54.31623317037012 2.614882481791879, -54.31829748756965 2.618336991785803, -54.31946269119052 2.6308605462939387, -54.31718428363165 2.6329587220709514, -54.31463739419581 2.6316869422753526, -54.31310036542341 2.6322708803532664, -54.31096806484737 2.6378458891275263, -54.3090340196128 2.6397526937561437, -54.30847854723576 2.642683205436336, -54.30309137576981 2.647776577600767, -54.30193721243459 2.6504112833588356, -54.29661051520359 2.652178146656876, -54.29077330677497 2.6620018179489553, -54.28555108160403 2.6651975079218864, -54.28188510350052 2.6648168162235355, -54.27940153223663 2.6704136921296215, -54.2761131741154 2.674020994674558, -54.27579233617264 2.6760319524949017, -54.27857353048493 2.6793245673678547, -54.27895585875023 2.682920137739545, -54.27684896627591 2.6865037542588692, -54.27191157837899 2.6876461106938754, -54.274199418391035 2.6926802677691763, -54.27209582161453 2.6969817598299217, -54.271126585139015 2.7040213538151616, -54.26551300293501 2.723616058747999, -54.25647258849923 2.731363966518659, -54.25081161923247 2.731553455020123, -54.246228042528884 2.733055167997056, -54.247196235890804 2.7366881212271115, -54.24622079560631 2.739307669875416, -54.236853176855846 2.74675540480501, -54.236815995826035 2.7500183608877378, -54.23568528277256 2.7515136909430784, -54.23226527447649 2.752365243399379, -54.22824782915315 2.7512320619077624, -54.22497218532937 2.7535310319575723, -54.227111149630176 2.7576296596860845, -54.22689164210023 2.760849452861878, -54.225555133265445 2.763151231233216, -54.22183117132107 2.7653705583596966, -54.22072475923088 2.7651632085640356, -54.21993949565659 2.763338309704608, -54.218632696348024 2.7634682668411306, -54.21777794050905 2.766187933832189, -54.21441731854302 2.7694875627733184, -54.21342216142409 2.7734577596871, -54.209577141982585 2.7768300637575476, -54.2120266061892 2.787918484593239, -54.21095804764789 2.7916439716817005, -54.20814484137982 2.794990507392771, -54.20436816067242 2.7958240136417962, -54.203574453764006 2.798970000505617, -54.199996675167704 2.803289244164585, -54.20489510872862 2.8118100814120983, -54.204848803493825 2.814954569490144, -54.20678168838541 2.817285054178899, -54.206503627156195 2.8212126183613795, -54.2039072059305 2.8248731426761893, -54.203943789406374 2.8249507787471213, -54.20885094528504 2.8253097906176063, -54.20885542002224 2.8311657828012518, -54.20685210808615 2.8335585581020433, -54.203526021494774 2.832829132074956, -54.20017472242167 2.835556110530632, -54.19707458058525 2.8365390801187074, -54.195346984940706 2.8361982779808907, -54.194789340600124 2.8336607275249994, -54.193515437715696 2.83324987051065, -54.18724204505611 2.838220869629869, -54.187441955263296 2.8423349025741897, -54.18371894617871 2.8479021999078107, -54.18430827139574 2.854413354087777, -54.180729290215126 2.8575474681974167, -54.18259358998765 2.863888268842557, -54.188453595488426 2.864950362875203, -54.19180175516199 2.8680679740489987, -54.194249185057764 2.87897895133259, -54.196371745626735 2.883650368991508, -54.19585985866855 2.8865608121007718, -54.19369314296163 2.888919801543532, -54.19428634869211 2.891588824302101, -54.192733717583216 2.894233130504515, -54.192523160608594 2.897750763838634, -54.187192423166415 2.9037470131142205, -54.187628692831176 2.907636542124328, -54.186133611148186 2.912334731218227, -54.18662361460601 2.9155060750036546, -54.1922629053821 2.917778968193676, -54.193616935228704 2.920662315896889, -54.19111518596062 2.92651144637458, -54.184720881405745 2.929279130399506, -54.17992003610596 2.9290279635114316, -54.17371862958491 2.93905489003945, -54.173548250887706 2.941029857136784, -54.17886864611097 2.9432604380841036, -54.18118911388173 2.947072755702658, -54.18038225027129 2.9505358928861765, -54.17657935598419 2.9523347886826206, -54.17711608374114 2.9571339416653273, -54.1749365875024 2.963026487560999, -54.17096873834669 2.966932286311087, -54.163918290233916 2.9661221348654783, -54.16253054905594 2.967002085346197, -54.16448551910861 2.9714538268330464, -54.16772778011806 2.9722894216951334, -54.17203826788661 2.9717872372574456, -54.17793459564669 2.974666146106161, -54.18256228526813 2.982363580197313, -54.18240334189264 2.992018790737044, -54.18637627022155 2.996958291191228, -54.18649108905946 2.9999553005037902, -54.181981597613266 3.00313230837184, -54.17776180409555 3.00202435744089, -54.17564188692748 3.0048910991138684, -54.17221370950409 3.0061724974448487, -54.173120538369226 3.0100698835303734, -54.170877538426865 3.01502869534455, -54.174137640868 3.023785922363639, -54.178509187683545 3.029442309508813, -54.1798321591453 3.037419805645677, -54.183213518997576 3.040033727859822, -54.1833066860211 3.044957539416598, -54.184739084590504 3.0485677434833356, -54.18757611321291 3.0515813694628102, -54.192784078621415 3.053149131234637, -54.193829091358914 3.06088340001646, -54.19586186980491 3.0631416462355414, -54.19541385334759 3.0657172385318363, -54.19044084612079 3.071028240231125, -54.183121414331886 3.074889038023869, -54.17949486039115 3.075115708792249, -54.175678502112234 3.0739889724551586, -54.175061105684655 3.0798821394632485, -54.17642869317462 3.0813430825799992, -54.18093363211321 3.082691634576135, -54.18253791075926 3.0880816196582352, -54.18029718887228 3.0953907803009955, -54.17543531574699 3.103047963477873, -54.17499012249631 3.1066997893026436, -54.17605448673069 3.107814218023286, -54.178182589533414 3.1075316724133875, -54.17994469243337 3.1096589593560418, -54.180707713784194 3.1134264824792752, -54.180132647461065 3.1215261182501077, -54.18581441847704 3.1255543061820856, -54.18603163658855 3.1285216095481947, -54.18426414200468 3.1338296464872983, -54.186207509203705 3.133848765650369, -54.18925464765612 3.130992200367994, -54.19409238522907 3.133447496662431, -54.19547340174696 3.1265981237897615, -54.19909825474675 3.1223320640685475, -54.203957816749366 3.1247570923056607, -54.209163318349795 3.124872938896269, -54.2125876927939 3.1264396010085527, -54.21547019703711 3.13135705675318, -54.215187432521255 3.136096857925077, -54.212519507613344 3.1384693968993194, -54.20920896525812 3.1382226377974303, -54.20659044031961 3.139975170910154, -54.20694387345948 3.141019976438206, -54.21231135718494 3.1422889719136515, -54.21528701655878 3.1496271112833094, -54.21521363019673 3.1524889391869046, -54.21221857292356 3.1564896312595088, -54.21007876216463 3.156814991075295, -54.20771758633243 3.1553487601252033, -54.202367068854976 3.159842664630393, -54.20217500461778 3.1620377259920183, -54.20535970512168 3.166233712399449, -54.203653209674755 3.1745143743010686, -54.20206837477537 3.176631557446571, -54.19966870879632 3.177573524336536, -54.200024445609166 3.1827850733281315, -54.196969348257866 3.1869716147607536, -54.1976417434018 3.1917826027821046, -54.19472134097991 3.197646600146595, -54.19017266589123 3.201230153709017, -54.18984300612434 3.206778834858164, -54.18631041677571 3.2094835359618243, -54.18442381240677 3.208341276438913, -54.174916144887696 3.2082020452961304, -54.1733250848001 3.214142304061447, -54.168162940656046 3.2185590546310787, -54.167823611882724 3.224027912064106, -54.16486959163261 3.2294980166743543, -54.16236655172367 3.231333477556984, -54.15700353444769 3.2321713414674766, -54.15422250600205 3.233817853690382, -54.152408640407344 3.2469701056363016, -54.14598028200503 3.250900975027782, -54.14352175157198 3.2576103083092294, -54.13701413950983 3.266604528195782, -54.13419187193289 3.268595908339606, -54.12304378112844 3.2724853553180844, -54.12156772344916 3.2798130583882257, -54.11935251517675 3.2847438909892737, -54.11056296072322 3.2884007414988345, -54.1048056191829 3.2946619818478586, -54.100290794784435 3.3017312910451095, -54.096910604015015 3.301030358833707, -54.09194581928291 3.295929574340236, -54.089016857055555 3.2946300334088607, -54.08697236999782 3.2941226475821273, -54.082969508386114 3.29581283099232, -54.08109006910057 3.294346223558527, -54.074263719240335 3.3023392865838876, -54.070124875180866 3.3041590999709975, -54.06487492673155 3.3144710948951874, -54.06836733797799 3.324637025603094, -54.066453967036466 3.331318573736823, -54.064038731659764 3.3340065262535643, -54.06445765141588 3.340921613505541, -54.06270707189022 3.34747353800572, -54.0633832089053 3.351585353861992, -54.05957692841584 3.360198400413796, -54.05540242632444 3.361475513410182, -54.05472884738323 3.3627650571290264, -54.055084054434076 3.3698174944554027, -54.061046384856716 3.378988876129187, -54.0605328983581 3.384075880299589, -54.05705468344692 3.3873003776944435, -54.05206673748134 3.386708834082988, -54.04910571669669 3.387517779892723, -54.042009857917954 3.395864907488106, -54.036932760261976 3.4038385392290618, -54.02112328001341 3.4129964692986183, -54.013570765191815 3.4255837409749956, -54.016467412455796 3.4310814136600203, -54.020322564665264 3.434914812160888, -54.02120682815229 3.4435536942613307, -54.02007218738983 3.446730724472425, -54.017645844184784 3.4494310912797537, -54.01780251594509 3.4574490960223057, -54.014437661512396 3.461681666415566, -54.01015827393351 3.4648853529247647, -54.00930364946591 3.4673100573570843, -54.009875189847506 3.5041145285092563, -54.00539528994751 3.516440659187567, -54.00121921568716 3.52356881266001, -54.00195061636166 3.5261626246721427, -54.00889288561788 3.531365564378414, -54.01045830199463 3.5342727565931624, -54.010458315894276 3.5373801977083654, -54.00788664987016 3.5424838249001205, -54.00580497608364 3.559371267800574, -54.00378133460891 3.565177969420518, -53.99917897788668 3.5723488108077754, -53.9865663668984 3.5826098936708677, -53.98531166902731 3.596759005570654, -53.98171155027393 3.604161092422272, -53.98193940168869 3.606902417412125, -53.98502452561046 3.608556297438087, -53.99214788505547 3.6152637732470456, -53.993346191386294 3.6246031286216134, -53.99925559622412 3.635846671631185, -54.0042834030335 3.6437229632058528, -54.00762870985712 3.647062378019969, -54.01372773690098 3.649208070365316, -54.02282929450894 3.645450847357145, -54.02512481871396 3.643001122653874, -54.024293983602064 3.6384518415038762, -54.02560832896169 3.6341398700003578, -54.029745638585915 3.629817947954364, -54.03598829501071 3.6310345833999116, -54.042524295301185 3.6337864287335098, -54.04689858620199 3.631629884712275, -54.0496886029419 3.632309925991784, -54.052147611746605 3.633651227926122, -54.053214805176324 3.6360358208587766, -54.05336978620279 3.639367679279465, -54.05112704838463 3.649521861236882, -54.05463130240312 3.6558440122154057, -54.073210899218296 3.6676926613167997, -54.07839820088078 3.668851713311259, -54.08383777217337 3.672812217110733, -54.085299145271954 3.6768885608935014, -54.08557464099817 3.682287055349485, -54.08779162664061 3.6858885455593047, -54.08779165963043 3.6898299408176687, -54.08688242059397 3.6930122557573286, -54.083748453774 3.696665378104997, -54.080152532126064 3.7059857255777637, -54.080241327194074 3.7123688024523886, -54.08432060404872 3.720857672131359, -54.09673392816961 3.7318363129327157, -54.102644995015126 3.752131142534933, -54.11327934640425 3.7652340962965694, -54.11601642219666 3.776529481029075, -54.12285011733778 3.790948224450521, -54.12836673784278 3.7967418473342254, -54.13158632256794 3.7985782950488414, -54.13887753801664 3.800204364003749, -54.16166974814069 3.8037908286191695, -54.166865490482216 3.8036948099927277, -54.17379270138945 3.801175900789953, -54.18860184624271 3.7987895445413105, -54.192838320364125 3.799926421103732, -54.19897866175673 3.804208501836194, -54.202196090413395 3.8096652953974623, -54.201543674192344 3.81826918564004, -54.202950992864714 3.822774010583395, -54.19876651112707 3.82984771495256, -54.19137525806666 3.836909004857503, -54.19062944873215 3.840881170716263, -54.19288354598195 3.845914033132274, -54.197623860520544 3.8499783319441807, -54.21884521413078 3.8547846266134473, -54.226900787544004 3.854283900389271, -54.23539509312874 3.856758241273399, -54.23815609200212 3.8592124412576325, -54.2410307151075 3.864163165963146, -54.24354994291742 3.8721911421894144, -54.251524418506406 3.8855663601581636, -54.25298853178528 3.8906093913062794, -54.25460630559224 3.8978933159689237, -54.24997065605244 3.9042181822742106, -54.25023302732756 3.9072754411806443, -54.25506099243381 3.9103690961480457, -54.26543649898783 3.914067239051036, -54.26822940706461 3.9170705088604882, -54.27906751831676 3.919111977898152, -54.28445896761592 3.9267547973019448, -54.28818144483671 3.9299057697591384, -54.2912238209213 3.934549390714711, -54.29398153659047 3.9433043559625265, -54.297061280531764 3.947282194645958, -54.30017596337235 3.9656791734687964, -54.3034287658073 3.9735445328114816, -54.30373322424907 3.981832850303188, -54.306799960537795 3.983616320290608, -54.3095596962796 3.9875587674043746, -54.31194707461452 3.993765972559047, -54.311808853923246 3.9963027992494142, -54.31869992467804 4.009927730176826, -54.31930828522728 4.013712816567034, -54.32839643574836 4.022023312525559, -54.34087828801106 4.039584513799091, -54.3469686069558 4.043844963091721, -54.35057623450714 4.041775427025209, -54.35254845183154 4.041918146212683, -54.35603940223684 4.044090270391014, -54.358708274484485 4.047532655568858, -54.358708320836776 4.049947462840261, -54.35614528956882 4.056349296496402, -54.35531717986288 4.06479755534358, -54.35339581492554 4.068347706135817, -54.35305811757573 4.072945548120669, -54.34816000810813 4.081457177384897, -54.34831309838655 4.087132336091767, -54.34601241323667 4.0908139532128605, -54.3454704407017 4.0947900214220585, -54.34758416443503 4.097660702723574, -54.34803994199242 4.1021645555801785, -54.3462330032139 4.106495838632894, -54.345495311124935 4.113161837910299, -54.342199511846225 4.117564293135195, -54.33658942266585 4.120448419705137, -54.331525204469145 4.1285570637645455, -54.32758187000073 4.1311278375730724, -54.32444013930232 4.135680932792258, -54.324299816533916 4.143579857843907, -54.3266287320568 4.14875177031817, -54.33259496707756 4.15178541295658, -54.335436919372086 4.1512948313779745, -54.34200032149512 4.154220653184045, -54.34863315107666 4.1623150816034515, -54.356209261797524 4.166861498388564, -54.359168930950105 4.1665977484811085, -54.36735376433721 4.17484719725696, -54.37454549426303 4.1761248313268124, -54.38373006144892 4.175703468564125, -54.38825227646029 4.177837405110431, -54.392325053403674 4.185663408083002, -54.39698306136011 4.2009307121641175, -54.39730145613789 4.2080361442416905, -54.393540599546846 4.217171322952357, -54.394696737738826 4.2201937375255, -54.39446857471012 4.223768484436074, -54.39131236548062 4.230762601869727, -54.38956716730603 4.245395702176477, -54.38362883787293 4.262207218577345, -54.384395151413095 4.270549550096107, -54.38925315113706 4.274973931780539, -54.39289668280369 4.282021603950275, -54.39462411509538 4.2889666403483995, -54.393879773863624 4.297718387107335, -54.395702150672385 4.305389424555731, -54.39279549568099 4.31870806198024, -54.39370687568781 4.329943999246508, -54.389663403357694 4.339112799111017, -54.38705525969355 4.348636006787546, -54.38748200506563 4.3515543290852525, -54.39582312450536 4.363785906659108, -54.40024515707803 4.367042704406658, -54.409834238341595 4.369064959817663, -54.41469951260553 4.37397634793907, -54.41667645463739 4.374128856067434, -54.418449531360956 4.372365781795458, -54.418572790393014 4.369545125257133, -54.42024829196622 4.3673642356832545, -54.4243629222471 4.369473282399689, -54.43123893825546 4.365496268026527, -54.431608991421555 4.361602455847626, -54.434845763717455 4.359383743446511, -54.43753568353332 4.360261355674831, -54.439748579323854 4.36595563348959, -54.443049603009655 4.368752253274881, -54.44294685861332 4.370839708837488, -54.43747463846049 4.382532879575585, -54.43870146306904 4.386174699957783, -54.437402647575304 4.3940488870966234, -54.43462451526035 4.398755353620125, -54.4359537530411 4.407156227845623, -54.43263272780674 4.411577273679223, -54.43600347309993 4.419593925709683, -54.43894228607211 4.423075980313042, -54.44344798345084 4.437261997635052, -54.440511923332984 4.4406424407384755, -54.43849575109927 4.446292643979024, -54.435428772084165 4.4497274887522655, -54.43521961083086 4.4562867218682705, -54.433293208472996 4.464261617907118, -54.438957661453976 4.480708618683043, -54.43858794611711 4.4886605689018255, -54.446672328926546 4.50966678862543, -54.45127628213089 4.52520610010208, -54.448419977887426 4.530833607918551, -54.44195450988652 4.535768894458042, -54.43958520579076 4.54243756879722, -54.426469056691225 4.5543541718269065, -54.42671296247163 4.558084685692533, -54.42476997535329 4.561210511869083, -54.42387834586038 4.56629808333855, -54.4246206626562 4.572066986023051, -54.41916319937779 4.578014933919547, -54.42027481816153 4.585786485602817, -54.41757672816825 4.58953259742169, -54.41770563548235 4.597260628779281, -54.41638106344265 4.6047316968582495, -54.42916448843898 4.623953870531352, -54.43463818384487 4.627938374624405, -54.43630962636653 4.634210091730906, -54.43928046421734 4.638758907227553, -54.43625018682411 4.654224093086549, -54.433603769977864 4.65677827843399, -54.427727021408124 4.659806548577386, -54.425142014273206 4.664930820904527, -54.426734323237554 4.669186365844661, -54.429037002672324 4.6715395604121355, -54.42766218919788 4.682141841654791, -54.430254135032705 4.685034200974616, -54.43295163067704 4.686145746336559, -54.434624985353 4.690785239413712, -54.43462497671612 4.696904407550389, -54.43043212183671 4.703639796910355, -54.428573910423005 4.71395042073227, -54.431012175948624 4.718555352112107, -54.43649684308455 4.723245424781052, -54.452079511884826 4.721797088761377, -54.45853133457843 4.723398005382563, -54.463090579955775 4.729683587816165, -54.467454635700214 4.738464344446181, -54.46546099247901 4.749305347743418, -54.465621329544696 4.759960218191133, -54.461127324905334 4.780192314033446, -54.465203930523074 4.787141470965689, -54.46555475083204 4.800279279039977, -54.469034564038594 4.813519179160564, -54.46679192920972 4.823268639074711, -54.46937611172046 4.8385315019582205, -54.47029024379178 4.86027685883825, -54.467802844261605 4.87118502014571, -54.47159833493844 4.878951865108581, -54.470133802320404 4.88499773292697, -54.470250350957514 4.889315848285667, -54.47231979076799 4.8918717887815255, -54.479184575577236 4.893585858033069, -54.480202895646926 4.898344430994123, -54.47988797456314 4.903146847513665, -54.477695310101424 4.906836404908504, -54.47231336650761 4.910818317857381, -54.46958673383105 4.9159358852998, -54.463249230772725 4.919552685646528, -54.458464271532215 4.924089262911059, -54.455031641044364 4.931394843626589, -54.44690585811089 4.935713944410786, -54.444595217551104 4.939899750406281, -54.44105397359845 4.951975092465356, -54.44054310916224 4.9684199361866925, -54.44405247584096 4.978485923077134, -54.44453108360101 4.985745102545322, -54.44171519135267 4.990223891105215, -54.437592266004906 4.99347694042167, -54.43912367087035 5.003549630499058, -54.43914822837005 5.016475688099519, -54.43400810183826 5.024690067012393, -54.428187473008684 5.0307123356595, -54.42048944290633 5.051055559565049, -54.4179601707282 5.059650606444762, -54.419045618163956 5.07716003476625, -54.41613876780058 5.085395293336324, -54.40781655943533 5.09212387076824, -54.39863840352861 5.0939687547191985, -54.393061331607825 5.096927611807122, -54.38531828821204 5.102919455355375, -54.37824742715532 5.106720719762955, -54.37364538859027 5.11107015971188, -54.369789610589486 5.121244062503305, -54.37235437785943 5.126128518253981, -54.37122608232239 5.130254108376035, -54.36482112627524 5.1392046860743195, -54.35102721458173 5.144760897144329, -54.34905042461759 5.149166658494902, -54.348806796630086 5.157749620437305, -54.347158263790476 5.162067216909915, -54.33468047544498 5.176723293112836, -54.326502354518745 5.193490931816611, -54.313967023492346 5.212308103155721, -54.308985523901995 5.225663146495944, -54.28670847830003 5.24959773683927, -54.27878089202709 5.264168099421924, -54.263217496202074 5.277403844898938, -54.256899288910866 5.281424520216981, -54.239527881015405 5.288032362449919, -54.22753468780331 5.300271532664207, -54.21791779897751 5.30395383946411, -54.20920552386111 5.304436188945952, -54.20565996402315 5.311941090272748, -54.19700782291661 5.319937338906912, -54.18439587774745 5.324474115732687, -54.174265510578294 5.343105796875435, -54.171024226302684 5.346428120619196, -54.15487131762251 5.357420950337915, -54.14514365111455 5.36732241177722, -54.132897571193965 5.386197459120339, -54.12822480334972 5.401788436622076, -54.118176332836974 5.418024345612142, -54.11062581505409 5.424494835363327, -54.105187488383855 5.432263582309252, -54.09851989151969 5.43628804185554, -54.093742532402004 5.4408024113446185, -54.08446204535145 5.455174219734176, -54.06472060794776 5.480978155894213, -54.05983552967172 5.48513047641256, -54.047441489674945 5.492763750123152, -54.04296074937338 5.503150630741805, -54.03803572308718 5.510908233284995, -54.03292728053085 5.515124736228831, -54.01938297378911 5.522403262622642, -54.01528026789896 5.529685699845811, -54.01065687140411 5.544802145669221, -54.004708480214276 5.575788077568254, -54.00498429268781 5.58059233727016, -54.00787285691704 5.588301606775922, -54.00630436886079 5.612860449505584, -54.016056637025784 5.63950085214875, -54.01612617191823 5.65145234568101, -54.01304692465996 5.663473530137894, -53.999960562989486 5.685358522213653, -53.999958261863846 5.999957499999988, -52.00012583333334 5.99995749999995, -52.000118613278715 5.000041666662376), (-52.635794254580404 2.4435026932516277, -52.635166737619834 2.4413353776324134, -52.63375361639301 2.44146061543053, -52.634047517686376 2.4441213322490074, -52.635794254580404 2.4435026932516277), (-54.1775196507491 2.9508960866265688, -54.176961017596895 2.9489943814775903, -54.17522317057431 2.9480604343740966, -54.17339825846091 2.948592826216749, -54.17371884831422 2.950276366258903, -54.176737217844476 2.951562073415156, -54.1775196507491 2.9508960866265688)), ((-51.93877855218705 4.8249565435609805, -51.93721759087357 4.827657449910931, -51.93432738219491 4.826252421438141, -51.936564246170455 4.822555649444739, -51.938665411909895 4.8238260824248, -51.93877855218705 4.8249565435609805)), ((-61.23060134461889 14.821498785390565, -61.22791747226382 14.827679736035533, -61.227511000198064 14.831772531327896, -61.225221145330714 14.833901560840083, -61.2239187757152 14.838809596042797, -61.22071658195588 14.842385430505812, -61.220236051413806 14.845810583213998, -61.215951795062 14.848996880795745, -61.21374758419066 14.854866202274069, -61.210281073875315 14.859838256880268, -61.2068198791192 14.862715760091866, -61.19688780821853 14.86526676333538, -61.19349054227296 14.868798413228502, -61.19125488043797 14.868456562809463, -61.1880919889923 14.869628679257362, -61.18505888066735 14.871786144928288, -61.18391676174638 14.875090121543264, -61.18056334246552 14.876953176664028, -61.175533916497685 14.875790392656508, -61.17069138378738 14.87774317012146, -61.158700421873505 14.879532724411607, -61.15293900932653 14.878880838775908, -61.147022047501046 14.880198843018869, -61.142947426623785 14.878794522428647, -61.13759925557886 14.879462997666252, -61.13421295607501 14.876910635842929, -61.12625656059569 14.876337166175219, -61.1180109141515 14.87142561453721, -61.11291109122553 14.872112899860571, -61.10795755713117 14.868436549881876, -61.10486292668552 14.868298314217036, -61.101168078359905 14.865414659001578, -61.09675739061854 14.86466222377517, -61.08847604752982 14.855149671672107, -61.081509428509015 14.854199087981002, -61.0787108393175 14.85224535572385, -61.07599853457589 14.847879524466874, -61.07218215690074 14.847407762985231, -61.07083124427094 14.845619341613823, -61.063299374067064 14.84490760909762, -61.06040618325574 14.839862999581669, -61.05422366880782 14.835443735875266, -61.04904178283192 14.834492350189798, -61.04347512779116 14.838280303428906, -61.04127245038105 14.838551852303766, -61.03718405315078 14.833008392009999, -61.028306511638924 14.83221046124227, -61.026982369700235 14.830839627560595, -61.02687656092218 14.828754483059734, -61.029411560510525 14.825645052349154, -61.02903134930339 14.824632929948049, -61.02374755721781 14.825229823171016, -61.019274663462326 14.821467186201204, -61.018377063045655 14.820313080604484, -61.018777131518014 14.814462152860191, -61.0167425424797 14.811358122068679, -61.01035909967125 14.8088519034417, -61.00784539752918 14.81227610598171, -61.0051777410766 14.813175288832234, -61.00405195778754 14.810504123204888, -61.00003727793482 14.809704680553368, -60.999700473302475 14.807858777227537, -61.00149144971016 14.805459084515553, -61.00284273696642 14.800714905531507, -61.00060454681147 14.797402018340886, -60.9972249694025 14.795490345729405, -60.99654410869477 14.791080262003897, -60.99378742241125 14.78802050209288, -60.99215532623879 14.787607974792808, -60.98889649575489 14.79033318657645, -60.9862048567348 14.790154390344403, -60.98622781449743 14.78773200389951, -60.98922874966949 14.784151683569224, -60.98654282889639 14.780154611449301, -60.97971489880539 14.780739655039909, -60.97713155923223 14.776787805485377, -60.97782826101815 14.773959571343257, -60.96912655566898 14.767960708511339, -60.965691576803806 14.769788850540753, -60.966197060427056 14.77342837615083, -60.964439938259645 14.775704405349241, -60.96273291691082 14.775836475360716, -60.95997633505305 14.772600388207941, -60.959915686801054 14.765909223218511, -60.964460112977825 14.762296824317321, -60.96386185238053 14.75963938832997, -60.96156880642551 14.75796124045983, -60.9648086774655 14.75244923584112, -60.95881941507217 14.75025448348401, -60.95910088845952 14.744407926955132, -60.95679473747351 14.744641921407212, -60.95571085746805 14.749964966215718, -60.952440773809116 14.753777245293879, -60.95169802778217 14.758558988586604, -60.94475013870201 14.76312495441309, -60.93961727289807 14.760660490976353, -60.936641367875254 14.764478310445737, -60.92393484684563 14.767032744439165, -60.920628800998486 14.766817086299985, -60.919568680995766 14.764780645936698, -60.91735223193721 14.76528120864912, -60.91597466665599 14.767468095265187, -60.90860035500603 14.77293123602603, -60.897515354016626 14.772525060032056, -60.8938419307486 14.775111751773174, -60.88909694728685 14.780927833299968, -60.88637424955651 14.782048958600098, -60.88473300344097 14.7818274618879, -60.88320436006164 14.779420881379263, -60.87646086703783 14.777778392394142, -60.87317679725395 14.77843766858095, -60.870530301418505 14.776914606513344, -60.87146391634115 14.769290727462494, -60.87362921473851 14.765179937896589, -60.87007450065867 14.761840429343222, -60.86993732218751 14.760079278485064, -60.872768428632114 14.756929402231728, -60.876616748235264 14.756563476898842, -60.878681415297926 14.753362740455568, -60.88376441313335 14.754316446052497, -60.88897937078722 14.744356622951917, -60.88446906947214 14.74214652823901, -60.8838982584762 14.740711052514667, -60.88945468007119 14.733622591368668, -60.892858114891155 14.733890121167983, -60.89597420187838 14.731350670880502, -60.8998094698342 14.731834328518639, -60.902287196489894 14.730598449326399, -60.90370061561208 14.73504141780201, -60.907580109678264 14.732674000526549, -60.9098736036779 14.732438458106724, -60.912257405378156 14.735139312770167, -60.91264009043013 14.738872979390596, -60.91677874270038 14.739010533091465, -60.92301075828216 14.735619192883068, -60.925625643412346 14.731755739870543, -60.926619706904404 14.727534492151452, -60.92453991893357 14.725722787775776, -60.91983008208033 14.72677508378312, -60.918473709496226 14.72581967523886, -60.91888809466351 14.72375150929684, -60.924903419826514 14.71795108297308, -60.92466421766342 14.71369159306289, -60.92246100556189 14.714096725366561, -60.91798503533333 14.718852069184523, -60.915372580055916 14.718637514281564, -60.91193668501642 14.720023781633904, -60.9107112635436 14.719407342237366, -60.909123352814184 14.715730292437332, -60.910563812456466 14.709623481681888, -60.909936875627736 14.708369947085982, -60.90704049672675 14.70869263649032, -60.905248471389534 14.707383398312247, -60.900991425210734 14.709384081100595, -60.89627307466318 14.707699575877955, -60.89380482833367 14.708761753192105, -60.88907442052505 14.705082051659653, -60.88929476506232 14.702628981864162, -60.888308071451796 14.701958673274609, -60.88514285272278 14.703335111893109, -60.88258750168241 14.701646229526357, -60.882356966157715 14.698868011146383, -60.87745492097742 14.695103540385022, -60.877048514402226 14.690457929189199, -60.87882337996845 14.687401404366796, -60.87860342319755 14.684107859868682, -60.88129163543408 14.682811966327453, -60.88520664773531 14.68452122384325, -60.88641732171905 14.687273883362778, -60.89220002741523 14.68701278368983, -60.89722607935152 14.681571701530592, -60.89946941415377 14.681046320087315, -60.90287436724528 14.682722847005316, -60.90342855455742 14.686624685814962, -60.90470396607843 14.687121405885293, -60.90655172570273 14.686585531455222, -60.9091780110085 14.682796532977227, -60.911539394351 14.682305896663296, -60.91264913256559 14.683363278610608, -60.91284339636708 14.685908171611306, -60.915669743082745 14.688515926525529, -60.92322379688861 14.68347893921361, -60.92001857903495 14.680410616944485, -60.91494261800252 14.679188549602861, -60.91521109856812 14.6760221819613, -60.92233322540541 14.673313143138147, -60.92444172140678 14.673655558805946, -60.92702735035377 14.676259255107464, -60.92962462598144 14.672162016933099, -60.92761344224894 14.668066151868773, -60.92394969906266 14.66662806759049, -60.910173676914944 14.669615205745233, -60.907775007163046 14.668301087114164, -60.90383801822795 14.670087022162276, -60.901768970292885 14.669229953163187, -60.89985070609921 14.670936686939006, -60.89738246186926 14.670462798909972, -60.896189235507 14.66803905784475, -60.8947518317693 14.66889019413219, -60.89448908636098 14.671969912403094, -60.892223047064455 14.673658689801918, -60.88911737818901 14.672990093639863, -60.886423830148885 14.676427452046456, -60.88297145910346 14.675655211054433, -60.880996286401405 14.677482548521496, -60.87924471053534 14.677280966713795, -60.87582211992209 14.674934624778372, -60.875360886072734 14.671430708138121, -60.8670101221519 14.668711252425613, -60.867064398324914 14.658297482045066, -60.859073681651516 14.644943088399183, -60.85379348822273 14.644356384129768, -60.85112673857398 14.64041410691758, -60.8426489515514 14.634237805771928, -60.82690435023663 14.628396151670833, -60.8239374388518 14.628227980633689, -60.82031793144284 14.624379692038918, -60.81897602463899 14.619315618451088, -60.821701677378364 14.613849231877992, -60.82050547654949 14.608870010874183, -60.81685481842467 14.603111589861022, -60.8082962978965 14.583031959121751, -60.808076313198065 14.566327458221965, -60.80395881310012 14.561277775741257, -60.80258957923434 14.556255315891566, -60.799710287981924 14.553717409688868, -60.79904465489937 14.550463460753894, -60.79928094195759 14.542650661772123, -60.7967870153516 14.537062374127483, -60.79671231858917 14.53355130327535, -60.802361010664306 14.52503586134633, -60.80304073366038 14.52207782205058, -60.80016332998198 14.511508032421824, -60.797025346284705 14.504802547543528, -60.796211324914815 14.487896205579373, -60.805216288621025 14.475408847311055, -60.805455155555606 14.468510132255162, -60.80773605789552 14.46020112293891, -60.81384815050127 14.448516009000816, -60.81498900192909 14.442356172366258, -60.81796940172717 14.437482184735494, -60.81857917074085 14.434132551298726, -60.82430861552665 14.426055530651777, -60.824394038371004 14.423235889318601, -60.83107958687681 14.410063708833794, -60.832905933948346 14.408868634888995, -60.83929285272967 14.409193144779236, -60.84172689925654 14.408047644979307, -60.854427208354004 14.394547344505176, -60.86045954939179 14.390226879996971, -60.866471630598234 14.386794419776127, -60.87476705174403 14.38546128533282, -60.88147868336318 14.388497455849791, -60.891155548062606 14.396124132949142, -60.89634205818125 14.402121046689238, -60.908024397811104 14.434865342854803, -60.90641252065408 14.439032207227017, -60.90569975597508 14.445415116044764, -60.910479462323195 14.450432424794261, -60.916581865283064 14.453685006808634, -60.93426888317613 14.45246337134216, -60.95052213185343 14.457605924323474, -60.95927803709622 14.457958143429464, -60.970117945960716 14.456842253047887, -60.976154161687056 14.454318178009903, -60.98589210751961 14.457344918402557, -61.021722814833495 14.464612260968373, -61.03594197842885 14.46587265037208, -61.04098929182412 14.464456692016105, -61.04735500481449 14.456516589830876, -61.05268406235823 14.45478679217525, -61.05563253095011 14.452651588828303, -61.05947451850081 14.452542283476228, -61.06699974030992 14.456559098749196, -61.06855852734538 14.459157037214474, -61.06892684333508 14.464182685276459, -61.0711643159151 14.466779644106799, -61.07381740768118 14.467604639038159, -61.07804548451833 14.465823109870437, -61.08316208918168 14.46907655502827, -61.084290577138674 14.472440038759949, -61.084027126384555 14.475805085892025, -61.080805204476476 14.47931656048368, -61.0811912031765 14.48805517894103, -61.08320936986408 14.489987948059202, -61.08687733938947 14.48946910283181, -61.09209651610065 14.491711420561836, -61.09080666371743 14.497961921114982, -61.0857970637347 14.500884039166817, -61.08648714507072 14.50373233979014, -61.0882395580651 14.505376287855837, -61.09144479170066 14.506128459637782, -61.099213553020554 14.505038449619555, -61.10191935392912 14.50610020960672, -61.102257569166795 14.509035885189764, -61.09839151808162 14.513784806604946, -61.09862927228117 14.518204535433425, -61.09595560254211 14.52207818796116, -61.0954870950835 14.524874955993875, -61.09187172002096 14.527239407560582, -61.08867270940794 14.534425618830472, -61.080410498913984 14.539419122920176, -61.08136344446441 14.54376104351929, -61.07997965332763 14.546199009768435, -61.077531942181864 14.546446926000652, -61.07637611184 14.543592246688943, -61.06641850460317 14.541768088731272, -61.065805511432586 14.544597351305997, -61.060834944995115 14.552436053748925, -61.05500316062629 14.552517356356724, -61.055699513333686 14.556711483201257, -61.0532263817378 14.562789814519386, -61.04343431664124 14.565653863978675, -61.039964699414966 14.569307683500778, -61.039889400558046 14.573537250820705, -61.04205186316736 14.579861791295514, -61.04811958890059 14.588649887605808, -61.051271973618725 14.588763772573488, -61.052284589524284 14.592668133075573, -61.051650131687666 14.595159393024202, -61.052548676047415 14.596073284767927, -61.059674977029985 14.591919689374656, -61.06181950787779 14.593539144725186, -61.062080444382836 14.598623710089711, -61.06351436936825 14.59884725556796, -61.06546243987896 14.596090164178023, -61.06728606190103 14.595701388406617, -61.06862424074264 14.599653922590255, -61.070424087195185 14.600769323211617, -61.08470519968045 14.597543094471131, -61.08934032814751 14.598242911087931, -61.09340059292108 14.596912137710632, -61.09380570540386 14.600122509103747, -61.09750969768395 14.603775582580743, -61.10174097882236 14.613071520357106, -61.10569391267145 14.615202504926005, -61.1056786350447 14.617107095363863, -61.10732173137993 14.619284640331543, -61.112192578603114 14.622430570115906, -61.11354933014145 14.624856311175902, -61.11836018538001 14.626058296611058, -61.12120111287205 14.627965882574129, -61.12415961359424 14.627518449929253, -61.12515328079636 14.628916510564228, -61.130133255339246 14.630095066039882, -61.131837157106744 14.631665490429029, -61.13429895420597 14.63063115098812, -61.13679345408153 14.631511934559356, -61.140411027497144 14.636924570727942, -61.14121224379355 14.641418476802427, -61.14566565126365 14.644672087579295, -61.149072936822556 14.645274992657322, -61.1534102044215 14.648062571719638, -61.15428800992968 14.653732215617785, -61.15806924379008 14.655311317290497, -61.16029437559508 14.661897799792465, -61.162208604234486 14.662928517348268, -61.16566309658558 14.670835526135587, -61.168085352761224 14.672699936430783, -61.17508488145916 14.683835538931822, -61.17729665828952 14.685214629382914, -61.17963841424129 14.690858077107372, -61.180837057055854 14.691453905018074, -61.18139614207679 14.695160060004095, -61.185972232409945 14.706552921465118, -61.18572179601236 14.712448393372206, -61.183210889743094 14.723278572859133, -61.18049124012102 14.733079909119425, -61.17870164592073 14.735507978388908, -61.17820433733714 14.743999852839497, -61.186803609219574 14.75618344907617, -61.19346491243108 14.761839614323353, -61.19603213043486 14.762575271717232, -61.19960064896993 14.765446712533041, -61.20662383266948 14.778582365305162, -61.21635442542343 14.781008065065299, -61.22120650821919 14.78917204044008, -61.22375494528972 14.796764362235335, -61.22838929042774 14.801235295066197, -61.227969483967385 14.806156516049656, -61.230309522392155 14.810831164243963, -61.23060134461889 14.821498785390565), (-60.89537838471535 14.664138982722864, -60.8946980013572 14.662912697508576, -60.89328276782388 14.663093850892425, -60.89266034611734 14.665282332429973, -60.89370867828066 14.665867999454138, -60.89537838471535 14.664138982722864)), ((-60.85060542779681 14.681935057319766, -60.84852362900609 14.684865459045328, -60.84621863300389 14.68347078820186, -60.84668451204325 14.68118918283904, -60.84849744122727 14.679887819066394, -60.85025186864624 14.680697808927308, -60.85060542779681 14.681935057319766)), ((-61.00012583333339 16.331852330927237, -61.01117556649642 16.325970823651865, -61.01751915684416 16.325658184846446, -61.01937841276458 16.324080310630297, -61.02242409423766 16.32350349588984, -61.02545113545556 16.320594865426877, -61.03257401295953 16.317057431430374, -61.037174976220264 16.310886964173978, -61.04185834804969 16.30826523039223, -61.045377895034925 16.304588581111584, -61.05658515169487 16.303183925834933, -61.06558014755367 16.298934411947506, -61.086152481775336 16.29283082162939, -61.09181463684466 16.288048091231676, -61.09915096374661 16.289526284763305, -61.100191353098076 16.293336360269834, -61.09798921341581 16.298070194608112, -61.09960663578368 16.30158044959937, -61.09911717081853 16.30449864128707, -61.09789186425965 16.30607050157167, -61.094570148461315 16.30729273830976, -61.092075370748105 16.312416004177656, -61.08978188529159 16.31442369845148, -61.08577481407449 16.313383917256193, -61.07985154384826 16.31391680725886, -61.077607804519616 16.318426475016835, -61.07373963717397 16.32136987914258, -61.06701019122507 16.321146514236787, -61.061127002822644 16.323218727241326, -61.05621336939994 16.328422503748353, -61.051452527324564 16.329662940143344, -61.0486396701751 16.33365528567575, -61.04573073420652 16.333961560064566, -61.024047757526176 16.345841604200167, -61.02002017846632 16.346266028623823, -61.01877409387754 16.349182045672364, -61.01598148452923 16.351121805359888, -61.00971180127191 16.35245497722639, -61.00714234906302 16.35146533754192, -61.00518448575324 16.34814792641674, -61.003398271743556 16.34733929810856, -61.0021506383539 16.342458461043858, -61.00012583333339 16.340000440707932, -61.00012583333339 16.331852330927237)), ((-61.042190357486916 14.442062429153232, -61.04206374169852 14.443645369798633, -61.03998278904268 14.445766704936412, -61.0368243320094 14.44538870522336, -61.03654505780352 14.443280081952791, -61.03786002639182 14.441275355062078, -61.04010379366399 14.4404837094603, -61.042190357486916 14.442062429153232)), ((-61.133781518836145 16.1706876727588, -61.133286464675464 16.17242023207852, -61.12945867615655 16.175756881502235, -61.123858174602425 16.176214391815225, -61.12041439933481 16.174883225383805, -61.1165840232797 16.175259356477223, -61.11416644024038 16.179032791756857, -61.110736862203936 16.18071820159118, -61.107300503286005 16.180885397334677, -61.10350979971603 16.18318704122926, -61.100049084359924 16.179877839281723, -61.100740524901234 16.17637904297185, -61.10452698202159 16.171974615771177, -61.105116053504254 16.16986651689124, -61.108293273674185 16.167072335851785, -61.12128342133158 16.16439064396155, -61.13278290593745 16.168009344221925, -61.133781518836145 16.1706876727588)), ((-61.11312089893021 14.490661620383996, -61.11077111647294 14.49523699504, -61.106612525562156 14.496459791205652, -61.10595020036935 14.490793945833166, -61.10782658859125 14.487416399482623, -61.1097195357936 14.486563586634674, -61.11247862594462 14.48743486055505, -61.11312089893021 14.490661620383996)), ((-61.114520880319326 14.523481327465896, -61.11129361538748 14.528659216609766, -61.107225953851106 14.528796289827515, -61.10612094117726 14.527255167752731, -61.1077790339379 14.523263251052908, -61.109992910228556 14.521041269793942, -61.11363300448961 14.521094551328432, -61.114520880319326 14.523481327465896)), ((-61.12211496962611 14.473588389070787, -61.12069564091713 14.479271227546173, -61.11581610365308 14.484474120488132, -61.11313489309947 14.48464499510479, -61.10818282772852 14.4807433814351, -61.109608473076804 14.476288310124062, -61.113172941881366 14.473266223502335, -61.119379350782346 14.471233766412027, -61.12211496962611 14.473588389070787)), ((-61.12101007634724 14.513511246279831, -61.119041475690345 14.518242407607557, -61.11702255759483 14.518634506538655, -61.11493945346089 14.51757301169437, -61.11669473323133 14.51352769454825, -61.11826739003718 14.512878889585275, -61.12101007634724 14.513511246279831)), ((-61.811201643896894 16.27127497469327, -61.81011399756434 16.27422523925309, -61.80568239856999 16.27627060771294, -61.80438909483664 16.278181592310837, -61.80553095742014 16.281460666721717, -61.80378949905579 16.28559385272675, -61.80487406328959 16.293192502485912, -61.80366852862384 16.30089582357074, -61.80097153918054 16.304558565168506, -61.79718517154123 16.306233065755777, -61.79717631984994 16.306317339968857, -61.80346863901204 16.31085769561712, -61.803110885016046 16.314833647310614, -61.8007654882641 16.317927279754326, -61.79268671512798 16.3204028621617, -61.789242469265645 16.323001072951463, -61.78896754827936 16.32784159261943, -61.79053517839116 16.33217490572945, -61.7892115620606 16.335164597976583, -61.785633697090155 16.33898098943487, -61.780015857386495 16.341607199048944, -61.78002600540983 16.345584447680434, -61.77607489459622 16.35143509236717, -61.77265597899095 16.35113107359457, -61.76594807306023 16.35509365936282, -61.759335061515735 16.357121440577078, -61.75315337038693 16.35538187199356, -61.74993286155001 16.355904491292964, -61.74787081213073 16.35790993057178, -61.7470634088079 16.361277656627806, -61.74272814314304 16.363746258127005, -61.740742720261515 16.36203380055802, -61.73769305156433 16.361597848401306, -61.736002866928025 16.359581549723316, -61.73147901216788 16.358119933956505, -61.728355701779805 16.35937669195959, -61.72626461771446 16.356378220825068, -61.72326963954426 16.355341018359535, -61.72290458671916 16.353432141901923, -61.71939197420869 16.352448448231012, -61.71955231005842 16.3493890993444, -61.714522214375044 16.346155664452116, -61.715176414863926 16.342839202713634, -61.7124726743092 16.338806283476153, -61.70838682709673 16.337725966710117, -61.70217172344515 16.337895976360794, -61.70075204368402 16.33672644363148, -61.698142166799805 16.337884280504664, -61.69519325346965 16.337723168920014, -61.69218940861043 16.336195831097022, -61.689658642292 16.33290228592706, -61.68524001680797 16.33107203123371, -61.68387277630584 16.328369783993516, -61.67895075593615 16.331036017215204, -61.67571094177189 16.327690348051853, -61.671797995300764 16.326307398939285, -61.67076812042633 16.324082531510722, -61.66784286437818 16.324003987205742, -61.66679384661491 16.322258811504973, -61.655767630328796 16.32113087789597, -61.64994012925799 16.322782167399527, -61.647584414476626 16.32066259491582, -61.64311052327111 16.3199292821617, -61.63981165164064 16.317403396659948, -61.64004717049556 16.31517538945985, -61.6429694732057 16.312286643447028, -61.64239110786634 16.310499397805277, -61.63633274916259 16.310727910578464, -61.63337909757344 16.309144758567648, -61.631932120619894 16.306495421221655, -61.62655938968367 16.305708710051686, -61.62428975842732 16.30293356509556, -61.60882603326426 16.306117621400375, -61.600577730735715 16.304847736842223, -61.60062999044112 16.299858841025774, -61.60268158677578 16.297449314824245, -61.609579607714394 16.293350185921973, -61.61120270236137 16.285149805607485, -61.61454989187212 16.281735733844158, -61.613137603575204 16.280459366826804, -61.61072930414169 16.280804709719913, -61.61003758798565 16.27967944820584, -61.61026529787508 16.27578170698003, -61.61295969451252 16.270814027317652, -61.61186042496533 16.26919977817779, -61.60694210752063 16.27041932507791, -61.603889512122365 16.273906683299973, -61.598823110313425 16.28338207190281, -61.595991481458974 16.28273989510962, -61.59762435874578 16.278905501713854, -61.59552989172688 16.276602757058097, -61.59575430803236 16.274408989518648, -61.59864904108026 16.270977166765157, -61.59659750516818 16.268532859295227, -61.58553411608932 16.272169364592703, -61.58079464291482 16.27881088478425, -61.582104109015226 16.282267094980796, -61.57941242137109 16.28519601364521, -61.57458100446054 16.286445943957, -61.572776445771225 16.283716386105215, -61.57141678403693 16.28370607142627, -61.56448686506253 16.288002753559205, -61.56079346402821 16.28730671103198, -61.55069268325823 16.290638671623523, -61.547010275968375 16.29508702392477, -61.54861362845019 16.29806886717886, -61.54790222347595 16.302963485133944, -61.54445452064833 16.305711492209685, -61.541248414470026 16.3046020423293, -61.53644945149872 16.313012629443467, -61.536140182701075 16.314919638420196, -61.53776352325933 16.317090994937054, -61.535731455304436 16.32174045584953, -61.53547158019135 16.325245551077472, -61.536648159026235 16.327563499864592, -61.53673971792145 16.331881498676783, -61.531737552271544 16.336792432859944, -61.53075233053004 16.340580638545845, -61.525629429716574 16.34325472716215, -61.52717379149082 16.34536948673856, -61.5317852293198 16.347894502406344, -61.53148908735736 16.351207484491404, -61.529971432717986 16.352310332378842, -61.52469824040405 16.352642997341473, -61.51922257837526 16.345352409871417, -61.509842156391436 16.344855778594507, -61.509412661118034 16.346529314155266, -61.51144902214716 16.348377498061513, -61.51102127871866 16.350178031238723, -61.50575965772019 16.353142570562966, -61.50194692744739 16.353160345710588, -61.50136274015319 16.35599346124741, -61.498957311900774 16.359473984557987, -61.503935017644935 16.364290161997527, -61.506230165665706 16.36222701313045, -61.508088579153 16.3620024089389, -61.509029662410526 16.365251927881708, -61.508615233018425 16.368992989531026, -61.507069316085634 16.370654227833114, -61.505703692465346 16.370623976303026, -61.50481321410087 16.36604225212435, -61.50326265346419 16.36440448245258, -61.49874726214708 16.367219234251156, -61.49779536354585 16.3689218156632, -61.49852422726661 16.37147179151895, -61.49738194181836 16.375855647983464, -61.50073622736202 16.382103960387568, -61.50382898351598 16.38337125660455, -61.50542364417269 16.38532745496675, -61.50970996888345 16.383544738471333, -61.51337076830901 16.387778624105252, -61.524854512483 16.391650623811145, -61.528112662129416 16.39484151846275, -61.530208517979126 16.398826688973763, -61.531412904274646 16.407871683638202, -61.53438851847547 16.408982477829685, -61.53506926521786 16.416604304952873, -61.536694941703146 16.420636673845927, -61.53511201626314 16.42368292662093, -61.53872209273754 16.4297022306781, -61.53905684846118 16.435578617195848, -61.54179926867774 16.435600478652695, -61.54285302137114 16.43673557590678, -61.54257368979092 16.43890114488308, -61.53775276515821 16.447009011198453, -61.53692392297851 16.45544801830024, -61.52998187627201 16.46196627891561, -61.524497151061496 16.463873539278946, -61.522100532943085 16.46870090531322, -61.518050231622404 16.473307098108055, -61.50851085240753 16.475278604415198, -61.5045771222089 16.485288341803226, -61.496171338668184 16.48786637252172, -61.49361662568856 16.490676667150918, -61.487492514851034 16.49254134484156, -61.481450024720544 16.498693224796742, -61.47899999358498 16.505530795411676, -61.47654746106564 16.507078332538583, -61.47451055140972 16.51151167829953, -61.46981984357547 16.513679259535078, -61.46702912134731 16.51242773920991, -61.46526321271209 16.51516236280366, -61.463410209407876 16.515754781545464, -61.462712062517966 16.513477182645676, -61.46400231966559 16.509086246807573, -61.459978452804286 16.50679953539181, -61.45990856827297 16.50304542583057, -61.45802017919137 16.503130841297626, -61.456598735674525 16.501147963970777, -61.45305161961976 16.502096827479548, -61.45177781242911 16.499990639640238, -61.44213477343151 16.503244854134724, -61.44176355197463 16.497066872734226, -61.4402176837604 16.49274544249107, -61.432544894402845 16.488869645000577, -61.431204034184375 16.485336508554305, -61.42736411676495 16.484035019983985, -61.42412701327858 16.47883644724062, -61.4220271663914 16.47754399353372, -61.4185802182295 16.477902158709924, -61.41685795117444 16.476499564054162, -61.41631095066411 16.474013652480707, -61.4114555335427 16.472279931497457, -61.408737134324234 16.468920601532425, -61.408044631496686 16.46585173275299, -61.40891470522581 16.46309573294069, -61.406319889732444 16.46178909976973, -61.40702540262339 16.45882039031757, -61.40478124825768 16.452657629878033, -61.40513179524 16.449107821835025, -61.402611479159134 16.44832808763571, -61.39995552954608 16.443526744326917, -61.396874926833014 16.430337316981873, -61.39678238783433 16.419079115508794, -61.39860074846184 16.416448468891097, -61.40019039266203 16.408066468217307, -61.40299527808015 16.40524966671026, -61.402521437942525 16.397599813467806, -61.40054697981088 16.391309704532073, -61.40323420990223 16.38479898917307, -61.40159104157853 16.382821811790507, -61.399705160076515 16.374985242813374, -61.3975893801803 16.372832164248308, -61.396714560736626 16.369938228425518, -61.39242645538258 16.365932457516898, -61.391241376340965 16.362229994155395, -61.38621006946813 16.357400753554444, -61.3835106822843 16.352298453947853, -61.37960831966369 16.349557348492244, -61.378321935474936 16.346110345547267, -61.37303305873921 16.34210111403251, -61.36038755361297 16.338136284968616, -61.354016100337816 16.338125015443378, -61.35144136618855 16.336014590776394, -61.346187930689304 16.337948614685775, -61.34271807155818 16.335663912900877, -61.33980987898264 16.338566813406302, -61.33511995783886 16.339536339019713, -61.329910306954716 16.338457411495764, -61.31893997206629 16.33846345976457, -61.306080545890396 16.331957454346007, -61.30198481558119 16.328230662157903, -61.2986252670853 16.329704886899112, -61.29609198384481 16.32922426447763, -61.29547526938715 16.326791178327966, -61.2936255301417 16.32601444812167, -61.292860252598445 16.32418076745932, -61.28938066639954 16.322785744270387, -61.284978417134845 16.323382939624732, -61.280436440970135 16.319366938139105, -61.276128025963615 16.3180969420646, -61.27377357953397 16.315195521442693, -61.271630610319484 16.31541885978942, -61.26634104318655 16.3122931429847, -61.26293003814485 16.308117504796055, -61.257630882603976 16.30599928266427, -61.255000440489454 16.303291472203373, -61.25404696165779 16.298746826368795, -61.247794492431346 16.291075219152116, -61.243339512407815 16.277627439739636, -61.23485613356967 16.2705110859563, -61.231433858203104 16.26867480195217, -61.21499582739346 16.264969593998472, -61.21140933759077 16.261946369995258, -61.20630221366205 16.261196680226067, -61.20159186203469 16.259040609147533, -61.19791410414072 16.260668605910706, -61.192729197882265 16.25673531061325, -61.18540014648508 16.258034697657077, -61.18247148548915 16.25475455187849, -61.17658100083732 16.250775311538863, -61.17471506744844 16.250710191378236, -61.17380549431906 16.24899856938864, -61.17039501545827 16.249916585287778, -61.16940303908749 16.24800912677602, -61.17257512433744 16.242973513729414, -61.17727119793365 16.239642597281996, -61.181935963707154 16.242680019455257, -61.187914630327604 16.24408320411899, -61.1932101549629 16.24717407126047, -61.207154090184005 16.24695665916381, -61.224253681351385 16.250207367428118, -61.239313330128624 16.250458117767103, -61.25285204996241 16.249904059752737, -61.25462900431042 16.24894004759923, -61.25612994099483 16.244691237390462, -61.25993168743056 16.243551793676726, -61.278645087867936 16.246105931765623, -61.28498622048061 16.24267107435177, -61.29912126373816 16.24089812625992, -61.30430720432767 16.23740332970967, -61.312234682482305 16.239289883034086, -61.31869189093097 16.23796900822649, -61.324023806639424 16.23904360577419, -61.32879789591742 16.23788084563798, -61.33730800656059 16.239107433659637, -61.340803038802804 16.23614759925682, -61.34793547733839 16.23257986423564, -61.36104569186641 16.230189790652148, -61.36310316480789 16.22645501553237, -61.368209539814615 16.223810382315982, -61.37155368226056 16.220539606227707, -61.38261937632921 16.21739775869045, -61.388292526769554 16.214566099497294, -61.39479447457805 16.21288657508051, -61.402684849929656 16.2159075829231, -61.40671271289409 16.21142887994813, -61.41312149750884 16.209731060518035, -61.41770383674263 16.207028128243586, -61.42645113064412 16.205630428393267, -61.429043479167134 16.208031023560032, -61.4301752305991 16.207840840403794, -61.430623737695036 16.201910722997052, -61.431802993168354 16.199331096313664, -61.43486396601557 16.196541820018457, -61.43884276755114 16.195293552834226, -61.44454168397665 16.195369593610472, -61.44545726197929 16.199347360435443, -61.44662041604968 16.200046796907376, -61.451585942965494 16.19810603970941, -61.456605642966416 16.19773770539537, -61.459306135365594 16.19577968577658, -61.46457609210664 16.19446359999928, -61.48607758107927 16.20078039281738, -61.491279164471216 16.19629134309965, -61.494853318011366 16.195888311803937, -61.49610984947744 16.197421622193584, -61.495812574389554 16.201944539836184, -61.507987395434256 16.20319150660965, -61.51071735732305 16.20516528153589, -61.51117411312479 16.20992681069759, -61.51285937824282 16.21206065433392, -61.51756861739173 16.212284783701598, -61.52275388037219 16.210136425972447, -61.526752001956204 16.21088884624372, -61.53010193794164 16.212885758539574, -61.532822184745015 16.21123363159928, -61.544007509248274 16.211819702237214, -61.55180305176047 16.220074639858893, -61.55998729738413 16.22037798687001, -61.559395314320824 16.227955021315807, -61.55786899312997 16.23040669233128, -61.55913854445242 16.23217857641129, -61.56225174825365 16.228558570163838, -61.56468108759395 16.22829426672838, -61.566957234342716 16.229673669576137, -61.56951691735446 16.233801740803603, -61.57235684407413 16.23436903932481, -61.57615399983844 16.232971050848136, -61.58064223840236 16.23506119086423, -61.58273422025978 16.233284652374525, -61.586698185707746 16.22013273770122, -61.58163311599303 16.2152058494057, -61.582182875406275 16.212682296753393, -61.584623306911084 16.20991637297996, -61.58122876449065 16.20641471386624, -61.58112688701497 16.20472102376506, -61.587222756085424 16.197464592605364, -61.58829147055043 16.193980317728855, -61.586627195969044 16.188583740653176, -61.58698151776714 16.186435053583793, -61.584986375505935 16.18443477054509, -61.58440613688792 16.181927689964944, -61.57915399359328 16.181210373755963, -61.578213243797904 16.17991696407159, -61.57746294967175 16.1735691987586, -61.58316257344998 16.1685322397506, -61.58254460194118 16.1639143736037, -61.580730285328904 16.16194362414928, -61.57984451601616 16.156370669859083, -61.575948076599566 16.155630042987685, -61.57193849958996 16.15630273839791, -61.56815858937134 16.151750328420622, -61.56303790805949 16.15525651970574, -61.56037413267665 16.15533035829114, -61.556306474853294 16.149988695535686, -61.55393114106728 16.148564638178268, -61.55398003280176 16.145139747385397, -61.551627388035385 16.14324897537302, -61.551849319632964 16.13924657911702, -61.55387987179064 16.136721895325653, -61.55297876353469 16.13325060509371, -61.554164482014855 16.130286193543085, -61.55721696581887 16.12698800416428, -61.55788451253316 16.12424117101465, -61.56410113770506 16.119015307256984, -61.56529152285082 16.116571144426302, -61.564662366999286 16.114035399376146, -61.55839298164906 16.111870573344678, -61.55695216371298 16.10932729903752, -61.55858770512236 16.098153488658753, -61.555548569610245 16.096110326547056, -61.55537612624689 16.093871862614073, -61.55629700115084 16.09126782149892, -61.555925908346104 16.087228605882586, -61.55793814618315 16.083239738575188, -61.55664034033073 16.079324988223558, -61.55835075417507 16.07442070944724, -61.5581224409566 16.064809889453773, -61.55719358047339 16.061578518692475, -61.5531114287249 16.056835717967118, -61.552969513187975 16.054069112780645, -61.55479170997881 16.050424684980072, -61.558182516631476 16.04802502833524, -61.55904473816859 16.044926795051303, -61.56244166241806 16.042208811563544, -61.56251757559212 16.034010132110854, -61.56718129335171 16.028564883705823, -61.567440534374974 16.025988230152738, -61.57084409159987 16.02121983172016, -61.578969311300696 16.017323407006717, -61.58382944664246 16.011149495560282, -61.595639755648286 16.00293053379728, -61.59798666344976 15.999648497407412, -61.6011629633339 15.998808690266603, -61.60403108411376 15.994100038520083, -61.6077520975159 15.99105068788172, -61.61208506164677 15.989540397008073, -61.612821191786345 15.98231507842288, -61.61750359736208 15.977670389671994, -61.61663791415645 15.973570311210583, -61.6191929640686 15.970104308587992, -61.627380495605884 15.969655385109528, -61.62969630237703 15.965963035010278, -61.634392206062856 15.964560148661285, -61.63802644435541 15.966306628036401, -61.64580533926745 15.965140080975653, -61.64931440838731 15.966854662240426, -61.653469483015584 15.965103773806025, -61.65670818291617 15.960270026156167, -61.659991396068676 15.958494176124784, -61.66129116657873 15.958882608999229, -61.663274125158445 15.962310226025172, -61.66547589286248 15.962251971445726, -61.67105863466772 15.958068880264037, -61.67204082251233 15.955262855697711, -61.67567977765413 15.951083806753422, -61.68109318936815 15.948623457856977, -61.69117371459028 15.947742771147489, -61.696748059468646 15.944944265662665, -61.6998944811372 15.944641267158369, -61.70170661274501 15.944835449183332, -61.70451742838508 15.94750177990009, -61.70910731326739 15.946578329418648, -61.70933987170101 15.950337286088558, -61.71128936682104 15.952934743702446, -61.71086804437849 15.95826213487724, -61.70937416903326 15.96150460081313, -61.71317484555771 15.974267502507235, -61.71938429389919 15.981839706069302, -61.724936938664996 15.984308453395961, -61.73064011412679 15.989604242181422, -61.73434329777755 15.993686621673245, -61.73608132950794 15.99741810827031, -61.74441476491859 16.003905671646915, -61.74805584513094 16.008662412051283, -61.74857106612713 16.02052718240619, -61.75030130152196 16.02325430760409, -61.7507178696516 16.028857851969732, -61.75269252372843 16.032721188803038, -61.755561607047255 16.035352824545914, -61.7562587771146 16.03864275098175, -61.76637095413312 16.048097315523982, -61.77098877454792 16.057790733390913, -61.77145269340488 16.066696951603085, -61.769542365543046 16.073001597150537, -61.7711000961384 16.079139280896953, -61.76883886145446 16.082194162312643, -61.77080310552533 16.08492882092875, -61.770790283739316 16.087989193290603, -61.77431670532534 16.090262342914784, -61.77386785568785 16.094360034508423, -61.774868593969 16.097568090743426, -61.7739870536238 16.09931283436823, -61.775870525633806 16.100731552227597, -61.77628254161561 16.103352214165625, -61.77466671683178 16.10764625539174, -61.77619620427001 16.10994597113847, -61.77495606640401 16.119544857061424, -61.77620055988449 16.124987305690706, -61.77156067030571 16.13004971666291, -61.77298455853727 16.13435222693667, -61.77684610414392 16.137426908318616, -61.781516514154475 16.138245366959758, -61.77923347807713 16.14552123158674, -61.77717215052766 16.147936498812257, -61.77787147182814 16.16105468079806, -61.77712990280578 16.165073561850566, -61.77865214580639 16.168532169632613, -61.778357075287595 16.17090176044513, -61.78017752604148 16.17266689384972, -61.78395590285801 16.17232469480845, -61.78520788926716 16.17403772506993, -61.784782663073834 16.187027835076407, -61.78919231179681 16.193716100782762, -61.786919197902115 16.20364325896382, -61.78431369843992 16.207332118332236, -61.784050159262684 16.212672102907067, -61.78630749587091 16.216542770950035, -61.786220689922715 16.222443156030057, -61.78802682146682 16.22663051791214, -61.79212114506533 16.23067129596056, -61.79339959044936 16.233700353907622, -61.79736498977189 16.23551261844294, -61.79882221639182 16.23836013596696, -61.80314656918956 16.241913578430076, -61.804417581125634 16.25015357188463, -61.80753676145691 16.25628806851853, -61.80706742035066 16.262101866464654, -61.811201643896894 16.27127497469327), (-61.54501397075915 16.22299677363296, -61.54061845950465 16.22005475400188, -61.53895204307467 16.216938047983476, -61.53439393932345 16.21839389605377, -61.53408222423386 16.22673391614224, -61.536705662770565 16.231937303537574, -61.54018899870615 16.232704495678238, -61.540785185658216 16.2309302212453, -61.543990820252084 16.228205269802437, -61.54322851401319 16.226188318732426, -61.54501397075915 16.22299677363296), (-61.5478738895837 16.240238773354406, -61.54645822724333 16.23455957793693, -61.541095023280135 16.234836997504647, -61.5411589287592 16.238006200536837, -61.5435402885293 16.239287878328966, -61.54346079009654 16.243098433892122, -61.54609228039799 16.245583746287707, -61.54760964173748 16.24487046363017, -61.5478738895837 16.240238773354406), (-61.575306958915824 16.14433253105374, -61.57269231169983 16.139562414930836, -61.57080394046134 16.139193153342564, -61.57040131057961 16.144759191387, -61.567098097435135 16.147970921410753, -61.567454341330695 16.150262536493276, -61.57086973156074 16.148445315073708, -61.57390707131978 16.148682335280878, -61.575306958915824 16.14433253105374), (-61.6249798972751 16.280889679307013, -61.62330006633514 16.277726872367154, -61.61805333366031 16.27954842566796, -61.61825349807165 16.280551505581663, -61.622698648440306 16.282281681334354, -61.6249798972751 16.280889679307013)), ((-61.34009687167853 15.940686238637984, -61.33854468693022 15.943573122267484, -61.3358814993647 15.943972413754148, -61.32196490165243 15.95222180380716, -61.319877879443794 15.959888006633891, -61.3195440543629 15.972763732519912, -61.32076691551558 15.975102142516366, -61.319364293949434 15.977230346030428, -61.3086886943578 15.979262295082906, -61.30696727846441 15.982376973831425, -61.3076215781779 15.985540230453244, -61.30691715333917 15.987301298212769, -61.30212119780884 15.988993677762597, -61.2989576025958 15.99637119965375, -61.291635529371185 16.004150914225992, -61.28894062388019 16.0056224013116, -61.28126128464236 16.005644097931466, -61.275163919895355 16.00909068531116, -61.272082914353284 16.006284727482697, -61.26261118913945 16.003092920891774, -61.253725702701026 15.996315644256764, -61.246058362014125 15.994816034386888, -61.24508061958511 15.993037938541415, -61.24032545968752 15.993108893788856, -61.2401496973384 15.991070895648088, -61.2378488750851 15.989846165315116, -61.237241274144395 15.987958607565906, -61.23158647904147 15.987008513295043, -61.2303350207631 15.985706220727286, -61.23028230905667 15.983213009098865, -61.22877989066566 15.98203826242587, -61.22903554809237 15.979372335174, -61.22736355868618 15.978056061515687, -61.22874643711636 15.975333634366152, -61.228028530248885 15.97307947099812, -61.224621877266564 15.970118432346593, -61.222080273741604 15.969870548665718, -61.22218199893229 15.965873091940193, -61.21781686737158 15.96364268417278, -61.21574952560694 15.958695534749136, -61.20839774886531 15.95586201758259, -61.19786240053458 15.94620918775784, -61.19087217804072 15.93259680841305, -61.189972731113556 15.926349424505961, -61.19179773941992 15.916410324318543, -61.19586038603625 15.913451318688896, -61.20204918518809 15.898899382235294, -61.2081413643808 15.891751217677044, -61.219083124751776 15.884174870737395, -61.22286600705658 15.883066449776045, -61.230930548067604 15.876596233286351, -61.2404852587854 15.874510855106658, -61.24283719839561 15.872720692466466, -61.2450775064086 15.872830252275076, -61.25098532063459 15.870305634054318, -61.262715979310606 15.869566107645058, -61.26438059222696 15.867654614312901, -61.26892133566288 15.86580439363874, -61.28079444359409 15.864721600817521, -61.3037164801674 15.869928368255165, -61.31936301814188 15.876601748397794, -61.32026268549122 15.87881615816995, -61.31966242183192 15.881597779354914, -61.324804070730856 15.885927178723504, -61.32860554693473 15.893798251956243, -61.331288070514155 15.895700272441385, -61.33283491477579 15.898408533065366, -61.33313721310841 15.900294477255517, -61.33087308428718 15.903881808365652, -61.334814361096704 15.917669210549576, -61.33862263802579 15.939811057266661, -61.34009687167853 15.940686238637984)), ((-61.60800983645289 15.85621759374198, -61.60500655488568 15.860883269532396, -61.60099534690176 15.861813940619765, -61.601006403497365 15.864824359466269, -61.59919509668917 15.866534646894026, -61.59665011157595 15.86523130887009, -61.59137756618891 15.865487791279506, -61.58958634087345 15.866872053665698, -61.58571562511262 15.866515145879445, -61.58446222023118 15.869510804892254, -61.586622681659605 15.873243188257014, -61.586413806649674 15.875331580186415, -61.58174695369033 15.882192830685284, -61.58003507106755 15.882635934077973, -61.5790112296444 15.880879118039376, -61.576127743491256 15.879608303572121, -61.575057417652154 15.884205254381717, -61.57190913819582 15.885547266222186, -61.56913332241528 15.884232259519665, -61.56935059980864 15.881844621046836, -61.56720152030758 15.881074435746015, -61.56627392259541 15.877977471093104, -61.56444671318315 15.877489457395725, -61.56387826209201 15.87551879267957, -61.56508244135566 15.87112272948923, -61.57107056788202 15.8660287425738, -61.575456328390324 15.865261877378705, -61.57685945173956 15.861197664687735, -61.57483718477005 15.85995122692165, -61.57415066918178 15.858214283424962, -61.5781977300287 15.854220565004331, -61.58826151480855 15.855396359567925, -61.590218924863166 15.853071255232548, -61.59064920419851 15.850088380564983, -61.593072236014564 15.84866364457655, -61.59460659412421 15.851257887220987, -61.59889372877252 15.851956726573238, -61.603273887538684 15.855863092826251, -61.60646913069992 15.855220451170505, -61.60800983645289 15.85621759374198)), ((-61.611281077340465 16.354540743558747, -61.605768694111234 16.35966727560322, -61.5924364712876 16.361457507971295, -61.581096541558715 16.359793319335964, -61.57274480050828 16.360350606373398, -61.57003855430856 16.35806416704891, -61.566740292567246 16.352461609195885, -61.56837420752607 16.35062542263775, -61.57139280703934 16.349559727736313, -61.57262991200381 16.346169967887448, -61.574817252306744 16.34446582123133, -61.57410843517025 16.34050334452262, -61.57717449688988 16.337206535946986, -61.57876331872609 16.336884892926495, -61.58410183754253 16.338587017895907, -61.58735329046624 16.34231339240831, -61.59097082267661 16.343864646508585, -61.595482922908445 16.339939184822587, -61.598680909535005 16.339403768753606, -61.60448565800623 16.342731792692405, -61.60635318308202 16.348875404113453, -61.61109680824154 16.35167393221275, -61.611281077340465 16.354540743558747)), ((-61.600357033188544 15.834581847731945, -61.599694759324834 15.836757013878032, -61.590642289630345 15.84476808280088, -61.585606318459625 15.841119700385113, -61.58199079711148 15.836207661350878, -61.584098847092434 15.831457430471149, -61.58689697775457 15.830398634686617, -61.59285481031795 15.833309454019664, -61.59709986390527 15.833139735340296, -61.600357033188544 15.834581847731945)), ((-61.60336385773665 15.875989561467449, -61.60264620138629 15.878198491122607, -61.59856471553342 15.880599475110005, -61.59023661354748 15.879339530607115, -61.58914018065772 15.876575371682843, -61.591846797890234 15.871530936045, -61.5939580327207 15.870049488629762, -61.59680482653686 15.87086347286128, -61.59797532284127 15.873515429025492, -61.601948516350234 15.87446984272605, -61.60336385773665 15.875989561467449)), ((-61.61378253295471 15.837047945118249, -61.61342878640127 15.838617521101087, -61.61055781815782 15.841173948221622, -61.60886004865842 15.840160897007788, -61.60744155927545 15.837424377241499, -61.60375523738234 15.837264513873214, -61.60308149085496 15.836275064862413, -61.6040514648374 15.83427461141534, -61.60867388428684 15.832723913429385, -61.61378253295471 15.837047945118249)), ((-61.65219482822101 15.848330839396738, -61.648441697596105 15.854777794117444, -61.64797740072978 15.86216608310078, -61.64631377099032 15.863365522123278, -61.6434557501198 15.86240906048701, -61.640727401211834 15.863985565844883, -61.63758970118363 15.870804264724184, -61.63502159454898 15.872607651332196, -61.63397090278144 15.87229752951784, -61.6331879110913 15.869648257308244, -61.62979929247058 15.869424045101582, -61.628862033204726 15.87258085703344, -61.625976735541386 15.87399138614799, -61.6255605178835 15.872788420343607, -61.62782142082219 15.86945147780765, -61.62745933054484 15.868492151300604, -61.622852909310126 15.867518016908429, -61.6216307661904 15.866348696827025, -61.62340590454835 15.860860043802635, -61.61511437657887 15.859578711964144, -61.61305456037298 15.856406031106827, -61.61514054573385 15.85231285756701, -61.61880523550285 15.849717565415414, -61.621465034007365 15.850586221468017, -61.624559598113194 15.847213950223752, -61.62699166967102 15.841982334794244, -61.63360954279196 15.838110765183314, -61.64805216231947 15.844899493611837, -61.65162719757253 15.845489463910374, -61.65219482822101 15.848330839396738)), ((-61.783531826553926 16.366967972850617, -61.78260083006364 16.370873849807836, -61.78085129587569 16.372272618052087, -61.775631982976556 16.368970071146066, -61.77635182728658 16.36392748907098, -61.77849640025791 16.36220868570098, -61.7821127391448 16.363696840019983, -61.783531826553926 16.366967972850617)), ((-61.79335119383127 16.16647623357777, -61.792783585564216 16.168500344699368, -61.78970967434178 16.171038656173252, -61.78645923108418 16.169614734211297, -61.78790855362614 16.164989195726065, -61.79018857987612 16.16446409576109, -61.79335119383127 16.16647623357777)))
